record_id,canonical_facility_id,source_id,facility_name_raw,facility_name_normalized,municipality_code,municipality_name,match_key,match_status,matched_record_id,review_required,notes
REC-2d76a67a059e,MUS-8883e003c8c2,bunka_museum_guide,◎三菱一号館美術館,三菱一号館美術館,13101,千代田区,三菱一号館美術館|13101,core_unique,,false,
REC-b2f617bc64c4,MUS-03d2e8f2282b,bunka_museum_guide,◎共立女子大学博物館,共立女子大学博物館,13101,千代田区,共立女子大学博物館|13101,core_unique,,false,
REC-70e538bc0f88,MUS-74f48569201f,bunka_museum_guide,出光美術館,出光美術館,13101,千代田区,出光美術館|13101,core_unique,,false,
REC-50e123153232,MUS-fd2edd15d0e6,bunka_museum_guide,大妻女子大学博物館,大妻女子大学博物館,13101,千代田区,大妻女子大学博物館|13101,core_unique,,false,
REC-fa91060b74c5,MUS-c21cc2d3c247,bunka_museum_guide,日本カメラ博物館,日本カメラ博物館,13101,千代田区,日本カメラ博物館|13101,core_unique,,false,
REC-73cf8f355b59,MUS-7ac45ed811fa,bunka_museum_guide,◎明治大学博物館,明治大学博物館,13101,千代田区,明治大学博物館|13101,core_unique,,false,
REC-28a13ea48f9c,MUS-ebfa492a5a88,bunka_museum_guide,東京ステーションギャラリー,東京ステーションギャラリー,13101,千代田区,東京ステーションギャラリー|13101,core_unique,,false,
REC-417677defe7d,MUS-4529d3c7bd8d,bunka_museum_guide,〇東京国立近代美術館,東京国立近代美術館,13101,千代田区,東京国立近代美術館|13101,core_unique,,false,
REC-de649a17bcb9,MUS-a44cfd6cc5c2,bunka_museum_guide,〇皇居三の丸尚蔵館,皇居三の丸尚蔵館,13101,千代田区,皇居三の丸尚蔵館|13101,core_unique,,false,
REC-a75cd828f017,MUS-5ba077e4f40c,bunka_museum_guide,科学技術館,科学技術館,13101,千代田区,科学技術館|13101,core_unique,,false,
REC-821112ac5321,MUS-fe10721ce902,bunka_museum_guide,静嘉堂文庫美術館,静嘉堂文庫美術館,13101,千代田区,静嘉堂文庫美術館|13101,core_unique,,false,
REC-bccf0e2a87d0,MUS-d85efefd3fb5,bunka_museum_guide,アーティゾン美術館,アーティゾン美術館,13102,中央区,アーティゾン美術館|13102,core_unique,,false,
REC-1d5e5666a426,MUS-85de7dae30d2,bunka_museum_guide,三井記念美術館,三井記念美術館,13102,中央区,三井記念美術館|13102,core_unique,,false,
REC-cffc9cbc0e62,MUS-4d222c089a40,bunka_museum_guide,〇国立映画アーカイブ,国立映画アーカイブ,13102,中央区,国立映画アーカイブ|13102,core_unique,,false,
REC-bb4c2585124e,MUS-93148e99ad25,bunka_museum_guide,ＮＨＫ放送博物館,nhk放送博物館,13103,港区,nhk放送博物館|13103,core_unique,,false,
REC-93f6cb99832c,MUS-af7b3a0e9e17,bunka_museum_guide,◎お茶の文化創造博物館,お茶の文化創造博物館,13103,港区,お茶の文化創造博物館|13103,core_unique,,false,
REC-4b832fb8c498,MUS-bfbd49f33ea5,bunka_museum_guide,アドミュージアム東京,アドミュージアム東京,13103,港区,アドミュージアム東京|13103,core_unique,,false,
REC-928b47c92e52,MUS-3bcefbca9d66,bunka_museum_guide,パナソニック汐留美術館,パナソニック汐留美術館,13103,港区,パナソニック汐留美術館|13103,core_unique,,false,
REC-cb2c87e84c9c,MUS-dde5b905c39b,bunka_museum_guide,◎マクセルアクアパーク品川,マクセルアクアパーク品川,13103,港区,マクセルアクアパーク品川|13103,core_unique,,false,
REC-f649f3439c4b,MUS-d45902c78678,bunka_museum_guide,○北里柴三郎記念博物館,北里柴三郎記念博物館,13103,港区,北里柴三郎記念博物館|13103,core_unique,,false,
REC-49602f6e9897,MUS-c3079c129a21,bunka_museum_guide,◎大倉集古館,大倉集古館,13103,港区,大倉集古館|13103,core_unique,,false,
REC-1f83d7df3da8,MUS-91e76427b3ff,bunka_museum_guide,◎慶應義塾大学アート・センター,慶應義塾大学アートセンター,13103,港区,慶應義塾大学アートセンター|13103,core_unique,,false,
REC-368b2a5745d4,MUS-3b41406e10f6,bunka_museum_guide,東京海洋大学マリンサイエンスミュージアム,東京海洋大学マリンサイエンスミュージアム,13103,港区,東京海洋大学マリンサイエンスミュージアム|13103,core_unique,,false,
REC-369e5b4ac180,MUS-b699150007fe,bunka_museum_guide,東京都庭園美術館,東京都庭園美術館,13103,港区,東京都庭園美術館|13103,core_unique,,false,
REC-1d1f9c1a188a,MUS-6a41ca15d0f5,bunka_museum_guide,◎根津美術館,根津美術館,13103,港区,根津美術館|13103,core_unique,,false,
REC-0e87eef4bc79,MUS-b3ab9afa5fce,bunka_museum_guide,森美術館,森美術館,13103,港区,森美術館|13103,core_unique,,false,
REC-31b4f57089d1,MUS-ee0bf6430dd1,bunka_museum_guide,◎泉屋博古館東京,泉屋博古館東京,13103,港区,泉屋博古館東京|13103,core_unique,,false,
REC-a74ebcbaee23,MUS-91eb434b1f47,bunka_museum_guide,物流博物館,物流博物館,13103,港区,物流博物館|13103,core_unique,,false,
REC-f4e143a6434d,MUS-3541571d7c2c,bunka_museum_guide,荏原 畠山記念館,荏原畠山記念館,13103,港区,荏原畠山記念館|13103,core_unique,,false,
REC-f1e96c97a1bb,MUS-e44b40073b9e,bunka_museum_guide,菊池寛実記念智美術館,菊池寛実記念智美術館,13103,港区,菊池寛実記念智美術館|13103,core_unique,,false,
REC-c6ab99bfbc97,MUS-bc9a5e58eb9e,bunka_museum_guide,◎SOMPO美術館,sompo美術館,13104,新宿区,sompo美術館|13104,core_unique,,false,
REC-106128c21bd6,MUS-7cbedc47f65c,bunka_museum_guide,佐藤美術館,佐藤美術館,13104,新宿区,佐藤美術館|13104,core_unique,,false,
REC-7c5df0621845,MUS-3e0a89b8be69,bunka_museum_guide,帝国データバンク史料館,帝国データバンク史料館,13104,新宿区,帝国データバンク史料館|13104,core_unique,,false,
REC-fefa1d746b40,MUS-aff921e2eba3,bunka_museum_guide,新宿区立新宿歴史博物館,新宿区立新宿歴史博物館,13104,新宿区,新宿区立新宿歴史博物館|13104,core_unique,,false,
REC-e42c41938e1b,MUS-8b4cb59b18ff,bunka_museum_guide,早稲田大学坪内博士記念演劇博物館,早稲田大学坪内博士記念演劇博物館,13104,新宿区,早稲田大学坪内博士記念演劇博物館|13104,core_unique,,false,
REC-cd2c9a8765da,MUS-0c8c7acccb98,bunka_museum_guide,早稲田大学會津八一記念博物館,早稲田大学會津八一記念博物館,13104,新宿区,早稲田大学會津八一記念博物館|13104,core_unique,,false,
REC-d5a787d96b74,MUS-ac49a46ba464,bunka_museum_guide,東京オペラシティアートギャラリー,東京オペラシティアートギャラリー,13104,新宿区,東京オペラシティアートギャラリー|13104,core_unique,,false,
REC-f67b25e52c0f,MUS-3e441dfef70d,bunka_museum_guide,東京理科大学近代科学資料館,東京理科大学近代科学資料館,13104,新宿区,東京理科大学近代科学資料館|13104,core_unique,,false,
REC-63d53c463f10,MUS-67701c04a67e,bunka_museum_guide,民音音楽博物館,民音音楽博物館,13104,新宿区,民音音楽博物館|13104,core_unique,,false,
REC-5fda55960d4b,MUS-9a5b3f511adf,bunka_museum_guide,○秩父宮記念スポーツ博物館,秩父宮記念スポーツ博物館,13104,新宿区,秩父宮記念スポーツ博物館|13104,core_unique,,false,
REC-8ccc9e2c6131,MUS-2da88e2469af,bunka_museum_guide,◎草間彌生美術館,草間彌生美術館,13104,新宿区,草間彌生美術館|13104,core_unique,,false,
REC-8499ef5423b6,MUS-43a903e4e5a2,bunka_museum_guide,◎日本女子大学成瀬記念館,日本女子大学成瀬記念館,13105,文京区,日本女子大学成瀬記念館|13105,core_unique,,false,
REC-78c42f872518,MUS-5d010153218c,bunka_museum_guide,東洋大学井上円了記念博物館,東洋大学井上円了記念博物館,13105,文京区,東洋大学井上円了記念博物館|13105,core_unique,,false,
REC-8719b61598cb,MUS-e35c950a5609,bunka_museum_guide,◎東洋文庫ミュージアム,東洋文庫ミュージアム,13105,文京区,東洋文庫ミュージアム|13105,core_unique,,false,
REC-8cf1684b6bcd,MUS-f8f5469192a7,bunka_museum_guide,◎永青文庫,永青文庫,13105,文京区,永青文庫|13105,core_unique,,false,
REC-ce907435b14f,MUS-43bfff6046a9,bunka_museum_guide,◎野球殿堂博物館,野球殿堂博物館,13105,文京区,野球殿堂博物館|13105,core_unique,,false,
REC-f1377d8fa2d9,MUS-d7c53e1f914c,bunka_museum_guide,上野の森美術館,上野の森美術館,13106,台東区,上野の森美術館|13106,core_unique,,false,
REC-3d932a1cd6e6,MUS-19c7ed10458b,bunka_museum_guide,国立科学博物館,国立科学博物館,13106,台東区,国立科学博物館|13106,core_unique,,false,
REC-f0f40d4e8c16,MUS-230fe7c6b447,bunka_museum_guide,〇国立西洋美術館,国立西洋美術館,13106,台東区,国立西洋美術館|13106,core_unique,,false,
REC-26962742bea5,MUS-6f7fbf240b43,bunka_museum_guide,大名時計博物館,大名時計博物館,13106,台東区,大名時計博物館|13106,core_unique,,false,
REC-4dad7613d73b,MUS-ae6d2973f2dc,bunka_museum_guide,◎恩賜上野動物園,恩賜上野動物園,13106,台東区,恩賜上野動物園|13106,core_unique,,false,
REC-bd8971c25156,MUS-db057117da11,bunka_museum_guide,〇東京国立博物館,東京国立博物館,13106,台東区,東京国立博物館|13106,core_unique,,false,
REC-e6b7a26f3287,MUS-c2a53f1a60da,bunka_museum_guide,東京都美術館,東京都美術館,13106,台東区,東京都美術館|13106,core_unique,,false,
REC-7b67bdeb0be4,MUS-0d0261f2e923,bunka_museum_guide,横山大観記念館,横山大観記念館,13106,台東区,横山大観記念館|13106,core_unique,,false,
REC-68b612a51d80,MUS-4fd5bdd8906e,bunka_museum_guide,すみだ郷土文化資料館,すみだ郷土文化資料館,13107,墨田区,すみだ郷土文化資料館|13107,core_unique,,false,
REC-b849e8de726f,MUS-06aa0bb52c59,bunka_museum_guide,刀剣博物館,刀剣博物館,13107,墨田区,刀剣博物館|13107,core_unique,,false,
REC-913c3975dbfe,MUS-1cfcc3421af0,bunka_museum_guide,東京都江戸東京博物館（分館 江戸東京たてもの園）,東京都江戸東京博物館(分館江戸東京たてもの園),13107,墨田区,東京都江戸東京博物館(分館江戸東京たてもの園)|13107,core_unique,,false,
REC-4b2bac5e9add,MUS-ae3f9923e598,bunka_museum_guide,相撲博物館,相撲博物館,13107,墨田区,相撲博物館|13107,core_unique,,false,
REC-ac7c6f052214,MUS-53cda5b66d39,bunka_museum_guide,東京都現代美術館,東京都現代美術館,13108,江東区,東京都現代美術館|13108,core_unique,,false,
REC-d7e0b39b1ac7,MUS-b50772411a96,bunka_museum_guide,◎船の科学館,船の科学館,13108,江東区,船の科学館|13108,core_unique,,false,
REC-f4728fd24532,MUS-51d7f85b4908,bunka_museum_guide,杉野学園衣裳博物館,杉野学園衣裳博物館,13109,品川区,杉野学園衣裳博物館|13109,core_unique,,false,
REC-e7d0a38e52ed,MUS-24af58026e92,bunka_museum_guide,宗教法人長泉院附属現代彫刻美術館,宗教法人長泉院附属現代彫刻美術館,13110,目黒区,宗教法人長泉院附属現代彫刻美術館|13110,core_unique,,false,
REC-b88eca8273ea,MUS-9bc5f5f13c4e,bunka_museum_guide,日本民藝館,日本民藝館,13110,目黒区,日本民藝館|13110,core_unique,,false,
REC-4d1df8c5af15,MUS-8a07d4c3ad5b,bunka_museum_guide,東京科学大学博物館,東京科学大学博物館,13110,目黒区,東京科学大学博物館|13110,core_unique,,false,
REC-f954e20b2513,MUS-bb9a2e40fe65,bunka_museum_guide,東京都写真美術館,東京都写真美術館,13110,目黒区,東京都写真美術館|13110,core_unique,,false,
REC-c0f3955bde43,MUS-40fc2de9f4c6,bunka_museum_guide,◎目黒寄生虫館,目黒寄生虫館,13110,目黒区,目黒寄生虫館|13110,core_unique,,false,
REC-39e4ac6bc4e3,MUS-e1f88cd3c5ba,bunka_museum_guide,世田谷区立世田谷文学館,世田谷区立世田谷文学館,13112,世田谷区,世田谷区立世田谷文学館|13112,core_unique,,false,
REC-4110caf1854f,MUS-beb0e8f2c733,bunka_museum_guide,世田谷区立世田谷美術館,世田谷区立世田谷美術館,13112,世田谷区,世田谷区立世田谷美術館|13112,core_unique,,false,
REC-51db3f5006da,MUS-5a38b0cc93c0,bunka_museum_guide,◎世田谷区立郷土資料館,世田谷区立郷土資料館,13112,世田谷区,世田谷区立郷土資料館|13112,core_unique,,false,
REC-ae7be2dddea1,MUS-d70b70a2e8ea,bunka_museum_guide,五島美術館,五島美術館,13112,世田谷区,五島美術館|13112,core_unique,,false,
REC-191ba9432820,MUS-83ecd2d261da,bunka_museum_guide,日本大学文理学部資料館,日本大学文理学部資料館,13112,世田谷区,日本大学文理学部資料館|13112,core_unique,,false,
REC-67be13d74dc8,MUS-005aa6852919,bunka_museum_guide,昭和女子大学光葉博物館,昭和女子大学光葉博物館,13112,世田谷区,昭和女子大学光葉博物館|13112,core_unique,,false,
REC-efb98c5c752e,MUS-aa72866cf092,bunka_museum_guide,東京農業大学「食と農」の博物館,東京農業大学「食と農」の博物館,13112,世田谷区,東京農業大学「食と農」の博物館|13112,core_unique,,false,
REC-442086b92159,MUS-ccb9d4d0e278,bunka_museum_guide,賀川豊彦記念松沢資料館,賀川豊彦記念松沢資料館,13112,世田谷区,賀川豊彦記念松沢資料館|13112,core_unique,,false,
REC-1cdf56657ab5,MUS-2e0130667ee5,bunka_museum_guide,長谷川町子美術館,長谷川町子美術館,13112,世田谷区,長谷川町子美術館|13112,core_unique,,false,
REC-207818942a54,MUS-3fd6eab357e5,bunka_museum_guide,◎駒澤大学禅文化歴史博物館,駒澤大学禅文化歴史博物館,13112,世田谷区,駒澤大学禅文化歴史博物館|13112,core_unique,,false,
REC-9bc7ebae8f37,MUS-1f4836b8c1e3,bunka_museum_guide,齋田記念館,齋田記念館,13112,世田谷区,齋田記念館|13112,core_unique,,false,
REC-c4924bdf8e9b,MUS-0ad886f854cf,bunka_museum_guide,Bunkamuraザ・ミュージアム,bunkamuraザミュージアム,13113,渋谷区,bunkamuraザミュージアム|13113,core_unique,,false,
REC-4716bee92c6b,MUS-b2f65beb4419,bunka_museum_guide,古賀政男音楽博物館,古賀政男音楽博物館,13113,渋谷区,古賀政男音楽博物館|13113,core_unique,,false,
REC-d159c32a7358,MUS-987f00e0bdd9,bunka_museum_guide,國學院大學博物館,國學院大學博物館,13113,渋谷区,國學院大學博物館|13113,core_unique,,false,
REC-d1c2ea160684,MUS-8708d6999c0d,bunka_museum_guide,◎太田記念美術館,太田記念美術館,13113,渋谷区,太田記念美術館|13113,core_unique,,false,
REC-1bb2211dfd1a,MUS-8bfc217e0022,bunka_museum_guide,実践女子学園香雪記念資料館,実践女子学園香雪記念資料館,13113,渋谷区,実践女子学園香雪記念資料館|13113,core_unique,,false,
REC-302f9cfa4223,MUS-2d37b77014ad,bunka_museum_guide,◎山種美術館,山種美術館,13113,渋谷区,山種美術館|13113,core_unique,,false,
REC-bb5b8a1cdbbf,MUS-bbad9241562a,bunka_museum_guide,◎戸栗美術館,戸栗美術館,13113,渋谷区,戸栗美術館|13113,core_unique,,false,
REC-732fe6b27566,MUS-3f5a1f8fa447,bunka_museum_guide,文化学園服飾博物館,文化学園服飾博物館,13113,渋谷区,文化学園服飾博物館|13113,core_unique,,false,
REC-4e7d7e988cc8,MUS-1c5d7eae0e01,bunka_museum_guide,明治神宮宝物殿（分館 明治神宮ミュージアム）,明治神宮宝物殿(分館明治神宮ミュージアム),13113,渋谷区,明治神宮宝物殿(分館明治神宮ミュージアム)|13113,core_unique,,false,
REC-6bf10f4dcb44,MUS-84afc5895616,bunka_museum_guide,東京工芸大学芸術学部写大ギャラリー,東京工芸大学芸術学部写大ギャラリー,13114,中野区,東京工芸大学芸術学部写大ギャラリー|13114,core_unique,,false,
REC-6793b691db21,MUS-1b33a8f33d68,bunka_museum_guide,杉並区立郷土博物館,杉並区立郷土博物館,13115,杉並区,杉並区立郷土博物館|13115,core_unique,,false,
REC-b5b0d46f40de,MUS-a05dd0225aa2,bunka_museum_guide,切手の博物館,切手の博物館,13116,豊島区,切手の博物館|13116,core_unique,,false,
REC-d30032e719c6,MUS-ebead6cca0cb,bunka_museum_guide,古代オリエント博物館,古代オリエント博物館,13116,豊島区,古代オリエント博物館|13116,core_unique,,false,
REC-f080c39bfc27,MUS-1b16e3f81318,bunka_museum_guide,学習院大学史料館,学習院大学史料館,13116,豊島区,学習院大学史料館|13116,core_unique,,false,
REC-551b273622bc,MUS-289a5251f9a8,bunka_museum_guide,◎大谷美術館,大谷美術館,13117,北区,大谷美術館|13117,core_unique,,false,
REC-f35ad543b045,MUS-55a1b90abc63,bunka_museum_guide,◎渋沢史料館,渋沢史料館,13117,北区,渋沢史料館|13117,core_unique,,false,
REC-71e7038285e6,MUS-f378b45a4cc0,bunka_museum_guide,◎紙の博物館,紙の博物館,13117,北区,紙の博物館|13117,core_unique,,false,
REC-aa527ce86220,MUS-d0fbe6f932e1,bunka_museum_guide,日本書道美術館,日本書道美術館,13119,板橋区,日本書道美術館|13119,core_unique,,false,
REC-da576f9b0875,MUS-e6cf7345d4d2,bunka_museum_guide,東京家政大学博物館,東京家政大学博物館,13119,板橋区,東京家政大学博物館|13119,core_unique,,false,
REC-9a03bca2b89f,MUS-1b0f2fc471fc,bunka_museum_guide,ちひろ美術館・東京,ちひろ美術館東京,13120,練馬区,ちひろ美術館東京|13120,core_unique,,false,
REC-7de94de5cc76,MUS-0e6f5377989f,bunka_museum_guide,日本大学芸術学部芸術資料館,日本大学芸術学部芸術資料館,13120,練馬区,日本大学芸術学部芸術資料館|13120,core_unique,,false,
REC-8f53dedb9f7b,MUS-4f5e953f810b,bunka_museum_guide,練馬区立美術館,練馬区立美術館,13120,練馬区,練馬区立美術館|13120,core_unique,,false,
REC-afafe102c097,MUS-551749fd6deb,bunka_museum_guide,◎石洞美術館,石洞美術館,13121,足立区,石洞美術館|13121,core_unique,,false,
REC-e08ecb5af8fc,MUS-5d8c5464bbdf,bunka_museum_guide,足立区立郷土博物館,足立区立郷土博物館,13121,足立区,足立区立郷土博物館|13121,core_unique,,false,
REC-48844af07161,MUS-02dd7815a999,bunka_museum_guide,葛飾区郷土と天文の博物館,葛飾区郷土と天文の博物館,13122,葛飾区,葛飾区郷土と天文の博物館|13122,core_unique,,false,
REC-3a895f6d1cdd,MUS-0babb4eddce6,bunka_museum_guide,地下鉄博物館,地下鉄博物館,13123,江戸川区,地下鉄博物館|13123,core_unique,,false,
REC-efcffcfb2c64,MUS-1f5d80562d15,bunka_museum_guide,◎葛西臨海水族園,葛西臨海水族園,13123,江戸川区,葛西臨海水族園|13123,core_unique,,false,
REC-161875a79e72,MUS-2a9a8965fbfa,bunka_museum_guide,八王子市郷土資料館,八王子市郷土資料館,13201,八王子市,八王子市郷土資料館|13201,core_unique,,false,
REC-04bc489ebdc4,MUS-6831472ef464,bunka_museum_guide,村内美術館,村内美術館,13201,八王子市,村内美術館|13201,core_unique,,false,
REC-8a20e1639529,MUS-aabc3cacbbbf,bunka_museum_guide,◎東京富士美術館,東京富士美術館,13201,八王子市,東京富士美術館|13201,core_unique,,false,
REC-b2bf7c1cf42b,MUS-f2daf25fbe28,bunka_museum_guide,東京造形大学附属美術館,東京造形大学附属美術館,13201,八王子市,東京造形大学附属美術館|13201,core_unique,,false,
REC-afbc47e9c29d,MUS-660cd09f0c33,bunka_museum_guide,◎たましん美術館,たましん美術館,13202,立川市,たましん美術館|13202,core_unique,,false,
REC-6c5fa8335c0e,MUS-a6d4544423a3,bunka_museum_guide,昭和天皇記念館,昭和天皇記念館,13202,立川市,昭和天皇記念館|13202,core_unique,,false,
REC-441109bcef58,MUS-bc6384c2484f,bunka_museum_guide,◎井の頭自然文化園,井の頭自然文化園,13203,武蔵野市,井の頭自然文化園|13203,core_unique,,false,
REC-f7612916599d,MUS-8e2cf69e0c7a,bunka_museum_guide,成蹊学園史料館,成蹊学園史料館,13203,武蔵野市,成蹊学園史料館|13203,core_unique,,false,
REC-8354d0af3dd0,MUS-4151a7d66f3e,bunka_museum_guide,◎日本獣医生命科学大学付属博物館,日本獣医生命科学大学付属博物館,13203,武蔵野市,日本獣医生命科学大学付属博物館|13203,core_unique,,false,
REC-c6dfa3d14ef5,MUS-014a7d8b2bb6,bunka_museum_guide,中近東文化センター付属博物館,中近東文化センター付属博物館,13204,三鷹市,中近東文化センター付属博物館|13204,core_unique,,false,
REC-35e83b431675,MUS-613ba5d0ae30,bunka_museum_guide,国際基督教大学博物館湯浅八郎記念館,国際基督教大学博物館湯浅八郎記念館,13204,三鷹市,国際基督教大学博物館湯浅八郎記念館|13204,core_unique,,false,
REC-96f584c6a15b,MUS-3bf2e3b5f91d,bunka_museum_guide,青梅市立美術館 青梅市立小島善太郎美術館,青梅市立美術館青梅市立小島善太郎美術館,13205,青梅市,青梅市立美術館青梅市立小島善太郎美術館|13205,core_unique,,false,
REC-9cc232268f79,MUS-c80e65a42ec0,bunka_museum_guide,青梅市郷土博物館,青梅市郷土博物館,13205,青梅市,青梅市郷土博物館|13205,core_unique,,false,
REC-aec700877f75,MUS-13a3749db7b4,bunka_museum_guide,府中市美術館,府中市美術館,13206,府中市,府中市美術館|13206,core_unique,,false,
REC-bbd22c167df9,MUS-d9c8d9431274,bunka_museum_guide,◎府中市郷土の森博物館,府中市郷土の森博物館,13206,府中市,府中市郷土の森博物館|13206,core_unique,,false,
REC-39ac6eb84c34,MUS-d8536b1cd553,bunka_museum_guide,家具の博物館,家具の博物館,13207,昭島市,家具の博物館|13207,core_unique,,false,
REC-712c65fc8b60,MUS-8482bfcbe8cd,bunka_museum_guide,調布市郷土博物館,調布市郷土博物館,13208,調布市,調布市郷土博物館|13208,core_unique,,false,
REC-3466257873ca,MUS-a77d4b366be2,bunka_museum_guide,東京家政学院生活文化博物館,東京家政学院生活文化博物館,13209,町田市,東京家政学院生活文化博物館|13209,core_unique,,false,
REC-8d0e8f457f72,MUS-2f13348f51f5,bunka_museum_guide,玉川大学小原國芳記念教育博物館,玉川大学小原國芳記念教育博物館,13209,町田市,玉川大学小原國芳記念教育博物館|13209,core_unique,,false,
REC-beb13e6da0f1,MUS-3a66891c6130,bunka_museum_guide,○東京農工大学科学博物館,東京農工大学科学博物館,13210,小金井市,東京農工大学科学博物館|13210,core_unique,,false,
REC-187f914dccaa,MUS-280de320f2f9,bunka_museum_guide,◎武蔵野美術大学 美術館・図書館,武蔵野美術大学美術館図書館,13211,小平市,武蔵野美術大学美術館図書館|13211,core_unique,,false,
REC-15fa4dfd934b,MUS-6c8ec7a914cd,bunka_museum_guide,◎多摩動物公園,多摩動物公園,13212,日野市,多摩動物公園|13212,core_unique,,false,
REC-993810efe596,MUS-6dca9cbab122,bunka_museum_guide,東村山ふるさと歴史館,東村山ふるさと歴史館,13213,東村山市,東村山ふるさと歴史館|13213,core_unique,,false,
REC-ae6301091b96,MUS-0689fa503e02,bunka_museum_guide,◎くにたち郷土文化館,くにたち郷土文化館,13215,国立市,くにたち郷土文化館|13215,core_unique,,false,
REC-162fbfeef9dc,MUS-a7bc9c0ef912,bunka_museum_guide,東大和市立郷土博物館,東大和市立郷土博物館,13220,東大和市,東大和市立郷土博物館|13220,core_unique,,false,
REC-be8efb1242c8,MUS-da3dcfedc2e7,bunka_museum_guide,清瀬市郷土博物館,清瀬市郷土博物館,13221,清瀬市,清瀬市郷土博物館|13221,core_unique,,false,
REC-285923b74d91,MUS-c78955945ae5,bunka_museum_guide,多摩美術大学附属美術館,多摩美術大学附属美術館,13224,多摩市,多摩美術大学附属美術館|13224,core_unique,,false,
REC-fa7322dff13e,MUS-403212f49a31,bunka_museum_guide,羽村市郷土博物館,羽村市郷土博物館,13227,羽村市,羽村市郷土博物館|13227,core_unique,,false,
REC-24843371e281,MUS-0bfe732291e4,bunka_museum_guide,多摩六都科学館,多摩六都科学館,13229,西東京市,多摩六都科学館|13229,core_unique,,false,
REC-e3ab5e3a1526,MUS-f0d141fdaac8,bunkyo_muse_net,JFAサッカー文化創造拠点 blue-ing!,jfaサッカー文化創造拠点blueing!,13105,文京区,jfaサッカー文化創造拠点blueing!|13105,supplement_unique,,false,
REC-4db1b38a98ac,MUS-31c29bf74394,bunkyo_muse_net,Space Travelium TeNQ,spacetraveliumtenq,13105,文京区,spacetraveliumtenq|13105,supplement_unique,,false,
REC-aff0899156b7,MUS-8e5e9fe2bc6a,bunkyo_muse_net,お茶の水おりがみ会館,お茶の水おりがみ会館,13105,文京区,お茶の水おりがみ会館|13105,supplement_unique,,false,
REC-f6f4f4b4b2d0,MUS-37474a332b6f,bunkyo_muse_net,わだつみのこえ記念館,わだつみのこえ記念館,13105,文京区,わだつみのこえ記念館|13105,supplement_unique,,false,
REC-66c36651c2b2,MUS-b0b7f7db66da,bunkyo_muse_net,トーキョーアーツアンドスペース本郷,トーキョーアーツアンドスペース本郷,13105,文京区,トーキョーアーツアンドスペース本郷|13105,supplement_unique,,false,
REC-155c521a3c73,MUS-40ca141966cf,bunkyo_muse_net,ファーブル昆虫館「虫の詩人の館」,ファーブル昆虫館「虫の詩人の館」,13105,文京区,ファーブル昆虫館「虫の詩人の館」|13105,supplement_unique,,false,
REC-3138c35b63b5,MUS-6bcd97c46deb,bunkyo_muse_net,三菱史料館,三菱史料館,13105,文京区,三菱史料館|13105,supplement_unique,,false,
REC-82c53546550c,MUS-8f5af06f8e57,bunkyo_muse_net,今井館,今井館,13105,文京区,今井館|13105,supplement_unique,,false,
REC-c0c0b229c7e3,MUS-69575acd7fbd,bunkyo_muse_net,元町小学校歴史展示室,元町小学校歴史展示室,13105,文京区,元町小学校歴史展示室|13105,supplement_unique,,false,
REC-bb337cea551b,MUS-badcfdf9f3ff,bunkyo_muse_net,六義園,六義園,13105,文京区,六義園|13105,supplement_unique,,false,
REC-3d50db957cc9,MUS-02dd899629c7,bunkyo_muse_net,印刷博物館,印刷博物館,13105,文京区,印刷博物館|13105,supplement_unique,,false,
REC-6e992043c7a9,MUS-aa1609d7a998,bunkyo_muse_net,史跡湯島聖堂 財団法人斯文会,史跡湯島聖堂財団法人斯文会,13105,文京区,史跡湯島聖堂財団法人斯文会|13105,supplement_unique,,false,
REC-4846876b43fd,MUS-366b9775dc51,bunkyo_muse_net,小石川後楽園,小石川後楽園,13105,文京区,小石川後楽園|13105,supplement_unique,,false,
REC-d820f80a737e,MUS-10239dac0fd8,bunkyo_muse_net,弥生美術館,弥生美術館,13105,文京区,弥生美術館|13105,supplement_unique,,false,
REC-65a1e4efe264,MUS-4a0e9a2ab05f,bunkyo_muse_net,文京ふるさと歴史館,文京ふるさと歴史館,13105,文京区,文京ふるさと歴史館|13105,supplement_unique,,false,
REC-d4e457c05e65,MUS-b6703bad8a66,bunkyo_muse_net,文京アカデミー,文京アカデミー,13105,文京区,文京アカデミー|13105,supplement_unique,,false,
REC-7b46e9812822,MUS-1b51243fd2bf,bunkyo_muse_net,文京区立森鴎外記念館,文京区立森鴎外記念館,13105,文京区,文京区立森鴎外記念館|13105,supplement_unique,,false,
REC-804ac5017dff,MUS-395568f7c46b,bunkyo_muse_net,文化庁国立近現代建築資料館,文化庁国立近現代建築資料館,13105,文京区,文化庁国立近現代建築資料館|13105,supplement_unique,,false,
REC-bcf26ad8c87c,MUS-e41f1d2fa579,bunkyo_muse_net,日中友好会館美術館,日中友好会館美術館,13105,文京区,日中友好会館美術館|13105,supplement_unique,,false,
REC-7c1a7ed48a2e,MUS-522dfebcf195,bunkyo_muse_net,日本医科大学 済生学舎ギャラリー,日本医科大学済生学舎ギャラリー,13105,文京区,日本医科大学済生学舎ギャラリー|13105,supplement_unique,,false,
REC-a4723ca8de5c,MUS-43a903e4e5a2,bunkyo_muse_net,日本女子大学 成瀬記念館,日本女子大学成瀬記念館,13105,文京区,日本女子大学成瀬記念館|13105,duplicate_core,REC-8499ef5423b6,false,
REC-71dc954f280c,MUS-e101a715313f,bunkyo_muse_net,旧安田楠雄邸庭園,旧安田楠雄邸庭園,13105,文京区,旧安田楠雄邸庭園|13105,supplement_unique,,false,
REC-ebb8150c990d,MUS-c2d2b1dc8a95,bunkyo_muse_net,東京ドームシティGallery AaMo,東京ドームシティgalleryaamo,13105,文京区,東京ドームシティgalleryaamo|13105,supplement_unique,,false,
REC-cc5615f2f86b,MUS-c14b9cb1fec7,bunkyo_muse_net,東京大学医学部附属病院健康と医学の博物館,東京大学医学部附属病院健康と医学の博物館,13105,文京区,東京大学医学部附属病院健康と医学の博物館|13105,supplement_unique,,false,
REC-5ad117388065,MUS-fedb498211b9,bunkyo_muse_net,東京大学大学院理学系研究科附属植物園（小石川植物園）,東京大学大学院理学系研究科附属植物園(小石川植物園),13105,文京区,東京大学大学院理学系研究科附属植物園(小石川植物園)|13105,supplement_unique,,false,
REC-281188accb51,MUS-8d0ea4296399,bunkyo_muse_net,東京都水道歴史館,東京都水道歴史館,13105,文京区,東京都水道歴史館|13105,supplement_unique,,false,
REC-42d31909b600,MUS-5d010153218c,bunkyo_muse_net,東洋大学井上円了記念博物館,東洋大学井上円了記念博物館,13105,文京区,東洋大学井上円了記念博物館|13105,duplicate_core,REC-78c42f872518,false,
REC-069f3ec29dea,MUS-b838f8bc471d,bunkyo_muse_net,東洋学園大学 東洋学園史料室,東洋学園大学東洋学園史料室,13105,文京区,東洋学園大学東洋学園史料室|13105,supplement_unique,,false,
REC-0fa166096bc8,MUS-e35c950a5609,bunkyo_muse_net,東洋文庫ミュージアム,東洋文庫ミュージアム,13105,文京区,東洋文庫ミュージアム|13105,duplicate_core,REC-8719b61598cb,false,
REC-584b57dc1378,MUS-f8f5469192a7,bunkyo_muse_net,永青文庫,永青文庫,13105,文京区,永青文庫|13105,duplicate_core,REC-8cf1684b6bcd,false,
REC-f3932a2871ff,MUS-c44dcf07f3ef,bunkyo_muse_net,竹久夢二美術館,竹久夢二美術館,13105,文京区,竹久夢二美術館|13105,supplement_unique,,false,
REC-b3afbc6554ab,MUS-b3177c863a13,bunkyo_muse_net,肥後細川庭園,肥後細川庭園,13105,文京区,肥後細川庭園|13105,supplement_unique,,false,
REC-33d5de53c263,MUS-3815455e28e6,bunkyo_muse_net,講談社 野間記念館,講談社野間記念館,13105,文京区,講談社野間記念館|13105,supplement_unique,,false,
REC-a1767a6511a5,MUS-6e7afe17ea5b,bunkyo_muse_net,講道館 柔道資料館・図書館,講道館柔道資料館図書館,13105,文京区,講道館柔道資料館図書館|13105,supplement_unique,,false,
REC-c51f5ce6d558,MUS-43bfff6046a9,bunkyo_muse_net,野球殿堂博物館,野球殿堂博物館,13105,文京区,野球殿堂博物館|13105,duplicate_core,REC-ce907435b14f,false,
REC-ad26552e971f,MUS-ddf86440fc1f,bunkyo_muse_net,金土日館 岩田専太郎コレクション,金土日館岩田専太郎コレクション,13105,文京区,金土日館岩田専太郎コレクション|13105,supplement_unique,,false,
REC-d5e58dafb5ba,MUS-5b0a2692cdb0,bunkyo_muse_net,鳩山会館,鳩山会館,13105,文京区,鳩山会館|13105,supplement_unique,,false,
REC-173d8f77eadc,MUS-1d56d16cf09a,bunkyo_muse_net,旧岩崎邸庭園,旧岩崎邸庭園,13106,台東区,旧岩崎邸庭園|13106,supplement_unique,,false,
REC-e59641f0eff4,MUS-7bdbbcaea24c,chiyoda_museum_network,HOSEI ミュージアム,hoseiミュージアム,13101,千代田区,hoseiミュージアム|13101,supplement_unique,,false,一覧ページには住所がないため詳細ページまたは館公式サイトで補完
REC-8ee158c1cefc,MUS-8e6328fb6fb4,chiyoda_museum_network,JPタワー学術文化総合ミュージアム インターメディアテク,jpタワー学術文化総合ミュージアムインターメディアテク,13101,千代田区,jpタワー学術文化総合ミュージアムインターメディアテク|13101,supplement_unique,,false,一覧ページには住所がないため詳細ページまたは館公式サイトで補完
REC-73d1ea530e7e,MUS-d6ba861ed652,chiyoda_museum_network,しょうけい館（戦傷病者史料館）,しょうけい館(戦傷病者史料館),13101,千代田区,しょうけい館(戦傷病者史料館)|13101,supplement_unique,,false,一覧ページには住所がないため詳細ページまたは館公式サイトで補完
REC-73bd0cf9a70d,MUS-aa0de6e57507,chiyoda_museum_network,一般財団法人 千秋文庫,一般財団法人千秋文庫,13101,千代田区,一般財団法人千秋文庫|13101,supplement_unique,,false,一覧ページには住所がないため詳細ページまたは館公式サイトで補完
REC-59d147222a82,MUS-8883e003c8c2,chiyoda_museum_network,三菱一号館美術館,三菱一号館美術館,13101,千代田区,三菱一号館美術館|13101,duplicate_core,REC-2d76a67a059e,false,一覧ページには住所がないため詳細ページまたは館公式サイトで補完
REC-aef6385dc134,MUS-74d0265798bd,chiyoda_museum_network,丸紅ギャラリー,丸紅ギャラリー,13101,千代田区,丸紅ギャラリー|13101,supplement_unique,,false,一覧ページには住所がないため詳細ページまたは館公式サイトで補完
REC-8858f8116057,MUS-66358923c49f,chiyoda_museum_network,二松学舎 大学資料展示室,二松学舎大学資料展示室,13101,千代田区,二松学舎大学資料展示室|13101,supplement_unique,,false,一覧ページには住所がないため詳細ページまたは館公式サイトで補完
REC-489096613be1,MUS-15e07137b701,chiyoda_museum_network,公益社団法人 全国市有物件災害共済会 防災専門図書館,公益社団法人全国市有物件災害共済会防災専門図書館,13101,千代田区,公益社団法人全国市有物件災害共済会防災専門図書館|13101,supplement_unique,,false,一覧ページには住所がないため詳細ページまたは館公式サイトで補完
REC-f6769f53c776,MUS-03d2e8f2282b,chiyoda_museum_network,共立女子大学博物館,共立女子大学博物館,13101,千代田区,共立女子大学博物館|13101,duplicate_core,REC-b2f617bc64c4,false,一覧ページには住所がないため詳細ページまたは館公式サイトで補完
REC-9640d8acdbef,MUS-74f48569201f,chiyoda_museum_network,出光美術館,出光美術館,13101,千代田区,出光美術館|13101,duplicate_core,REC-70e538bc0f88,false,一覧ページには住所がないため詳細ページまたは館公式サイトで補完
REC-81bfcfa5b560,MUS-b4756a69b0d4,chiyoda_museum_network,千代田区立千代田図書館,千代田区立千代田図書館,13101,千代田区,千代田区立千代田図書館|13101,supplement_unique,,false,一覧ページには住所がないため詳細ページまたは館公式サイトで補完
REC-6c154fe3051e,MUS-30239d28c396,chiyoda_museum_network,千代田区立日比谷図書文化館 千代田区立日比谷図書文化館 文化財事務室,千代田区立日比谷図書文化館千代田区立日比谷図書文化館文化財事務室,13101,千代田区,千代田区立日比谷図書文化館千代田区立日比谷図書文化館文化財事務室|13101,supplement_unique,,false,一覧ページには住所がないため詳細ページまたは館公式サイトで補完
REC-b405b717ccff,MUS-cd5b965a18fa,chiyoda_museum_network,半蔵門ミュージアム,半蔵門ミュージアム,13101,千代田区,半蔵門ミュージアム|13101,supplement_unique,,false,一覧ページには住所がないため詳細ページまたは館公式サイトで補完
REC-d6e745bac53e,MUS-87447d45a91c,chiyoda_museum_network,和洋学園 硯友社文庫,和洋学園硯友社文庫,13101,千代田区,和洋学園硯友社文庫|13101,supplement_unique,,false,一覧ページには住所がないため詳細ページまたは館公式サイトで補完
REC-8785c7241bd0,MUS-3e36eea1f34c,chiyoda_museum_network,国立公文書館,国立公文書館,13101,千代田区,国立公文書館|13101,supplement_unique,,false,一覧ページには住所がないため詳細ページまたは館公式サイトで補完
REC-8b44f9382973,MUS-fd2edd15d0e6,chiyoda_museum_network,大妻女子大学博物館,大妻女子大学博物館,13101,千代田区,大妻女子大学博物館|13101,duplicate_core,REC-50e123153232,false,一覧ページには住所がないため詳細ページまたは館公式サイトで補完
REC-259ff10b0bab,MUS-1f008620d301,chiyoda_museum_network,天理ギャラリー,天理ギャラリー,13101,千代田区,天理ギャラリー|13101,supplement_unique,,false,一覧ページには住所がないため詳細ページまたは館公式サイトで補完
REC-eee5221aa0f9,MUS-beff68edcd86,chiyoda_museum_network,学校法人城西大学 水田記念博物館 大石化石ギャラリー,学校法人城西大学水田記念博物館大石化石ギャラリー,13101,千代田区,学校法人城西大学水田記念博物館大石化石ギャラリー|13101,supplement_unique,,false,一覧ページには住所がないため詳細ページまたは館公式サイトで補完
REC-87dc6b822407,MUS-2f1b4d02e442,chiyoda_museum_network,文部科学省 情報ひろば,文部科学省情報ひろば,13101,千代田区,文部科学省情報ひろば|13101,supplement_unique,,false,一覧ページには住所がないため詳細ページまたは館公式サイトで補完
REC-0e74bba9cb38,MUS-c21cc2d3c247,chiyoda_museum_network,日本カメラ博物館,日本カメラ博物館,13101,千代田区,日本カメラ博物館|13101,duplicate_core,REC-fa91060b74c5,false,一覧ページには住所がないため詳細ページまたは館公式サイトで補完
REC-9f5b9560d607,MUS-863686318cb0,chiyoda_museum_network,日枝神社宝物殿,日枝神社宝物殿,13101,千代田区,日枝神社宝物殿|13101,supplement_unique,,false,一覧ページには住所がないため詳細ページまたは館公式サイトで補完
REC-3aa066ec3ef0,MUS-63613e01b74e,chiyoda_museum_network,明治大学中央図書館ギャラリー,明治大学中央図書館ギャラリー,13101,千代田区,明治大学中央図書館ギャラリー|13101,supplement_unique,,false,一覧ページには住所がないため詳細ページまたは館公式サイトで補完
REC-cc584128ce8b,MUS-7ac45ed811fa,chiyoda_museum_network,明治大学博物館,明治大学博物館,13101,千代田区,明治大学博物館|13101,duplicate_core,REC-73cf8f355b59,false,一覧ページには住所がないため詳細ページまたは館公式サイトで補完
REC-06c45fa951ac,MUS-4ad509aaa29b,chiyoda_museum_network,明治大学大学史展示室｜明治大学阿久悠記念館,明治大学大学史展示室|明治大学阿久悠記念館,13101,千代田区,明治大学大学史展示室|明治大学阿久悠記念館|13101,supplement_unique,,false,一覧ページには住所がないため詳細ページまたは館公式サイトで補完
REC-f3c251a15c4f,MUS-ad8f78f2afa3,chiyoda_museum_network,昭和館,昭和館,13101,千代田区,昭和館|13101,supplement_unique,,false,一覧ページには住所がないため詳細ページまたは館公式サイトで補完
REC-8b4190aa7250,MUS-ebfa492a5a88,chiyoda_museum_network,東京ステーションギャラリー,東京ステーションギャラリー,13101,千代田区,東京ステーションギャラリー|13101,duplicate_core,REC-28a13ea48f9c,false,一覧ページには住所がないため詳細ページまたは館公式サイトで補完
REC-2437fa52553e,MUS-4529d3c7bd8d,chiyoda_museum_network,東京国立近代美術館,東京国立近代美術館,13101,千代田区,東京国立近代美術館|13101,duplicate_core,REC-417677defe7d,false,一覧ページには住所がないため詳細ページまたは館公式サイトで補完
REC-447037a39f35,MUS-a44cfd6cc5c2,chiyoda_museum_network,皇居三の丸尚蔵館,皇居三の丸尚蔵館,13101,千代田区,皇居三の丸尚蔵館|13101,duplicate_core,REC-de649a17bcb9,false,一覧ページには住所がないため詳細ページまたは館公式サイトで補完
REC-d5163c27c65d,MUS-edbf57ac1d18,chiyoda_museum_network,神田明神資料館,神田明神資料館,13101,千代田区,神田明神資料館|13101,supplement_unique,,false,一覧ページには住所がないため詳細ページまたは館公式サイトで補完
REC-b3dbfe34e2be,MUS-5ba077e4f40c,chiyoda_museum_network,科学技術館,科学技術館,13101,千代田区,科学技術館|13101,duplicate_core,REC-a75cd828f017,false,一覧ページには住所がないため詳細ページまたは館公式サイトで補完
REC-ede5381bb84f,MUS-2e1fe5767148,chiyoda_museum_network,緑と水の市民カレッジ（みどりの図書館 東京グリーンアーカイブス）,緑と水の市民カレッジ(みどりの図書館東京グリーンアーカイブス),13101,千代田区,緑と水の市民カレッジ(みどりの図書館東京グリーンアーカイブス)|13101,supplement_unique,,false,一覧ページには住所がないため詳細ページまたは館公式サイトで補完
REC-275a2a86557e,MUS-83a00a8673c3,chiyoda_museum_network,衆議院憲政記念館,衆議院憲政記念館,13101,千代田区,衆議院憲政記念館|13101,supplement_unique,,false,一覧ページには住所がないため詳細ページまたは館公式サイトで補完
REC-851f5c23062c,MUS-f0b96292a50d,chiyoda_museum_network,金融ミュージアム Otemachi,金融ミュージアムotemachi,13101,千代田区,金融ミュージアムotemachi|13101,supplement_unique,,false,一覧ページには住所がないため詳細ページまたは館公式サイトで補完
REC-17230a34abe7,MUS-05085b9ba4aa,chiyoda_museum_network,靖國神社遊就館,靖國神社遊就館,13101,千代田区,靖國神社遊就館|13101,supplement_unique,,false,一覧ページには住所がないため詳細ページまたは館公式サイトで補完
REC-5f696879099e,MUS-c84f6b61acab,chiyoda_museum_network,静嘉堂文庫美術館（静嘉堂＠丸の内）,静嘉堂文庫美術館(静嘉堂@丸の内),13101,千代田区,静嘉堂文庫美術館(静嘉堂@丸の内)|13101,supplement_unique,,false,一覧ページには住所がないため詳細ページまたは館公式サイトで補完
REC-f46092eef3c4,MUS-e589d4db221b,chiyoda_museum_network,領土・主権展示館,領土主権展示館,13101,千代田区,領土主権展示館|13101,supplement_unique,,false,一覧ページには住所がないため詳細ページまたは館公式サイトで補完
REC-a8ca0cbdf200,MUS-5ba1140712ff,japan_aquarium_association,しながわ水族館,しながわ水族館,,,しながわ水族館|,needs_review,,true,公開名簿に住所がないため所在地詳細を要確認
REC-53486e563a05,MUS-c095147b2585,japan_aquarium_association,サンシャイン水族館,サンシャイン水族館,,,サンシャイン水族館|,needs_review,,true,公開名簿に住所がないため所在地詳細を要確認
REC-f87de75f0b4f,MUS-ba1d30bdf22e,japan_aquarium_association,マクセル アクアパーク品川,マクセルアクアパーク品川,,,マクセルアクアパーク品川|,needs_review,,true,公開名簿に住所がないため所在地詳細を要確認
REC-e81d90f1b8cd,MUS-dab4e7f304c4,japan_aquarium_association,足立区生物園,足立区生物園,,,足立区生物園|,needs_review,,true,公開名簿に住所がないため所在地詳細を要確認
REC-840fce9ba8d8,MUS-dde5b905c39b,jaza_aquarium,マクセル アクアパーク品川,マクセルアクアパーク品川,13103,港区,マクセルアクアパーク品川|13103,duplicate_core,REC-cb2c87e84c9c,false,
REC-421b4229538e,MUS-0815610ea799,jaza_aquarium,すみだ水族館,すみだ水族館,13107,墨田区,すみだ水族館|13107,supplement_unique,,false,
REC-9edfce65cfe8,MUS-f977a0cd4027,jaza_aquarium,しながわ水族館,しながわ水族館,13109,品川区,しながわ水族館|13109,supplement_unique,,false,
REC-4d5476600f4b,MUS-6ce023bc8c05,jaza_aquarium,サンシャイン水族館,サンシャイン水族館,13116,豊島区,サンシャイン水族館|13116,supplement_unique,,false,
REC-93db79f5e0bd,MUS-1f5d80562d15,jaza_aquarium,東京都葛西臨海水族園,葛西臨海水族園,13123,江戸川区,葛西臨海水族園|13123,duplicate_core,REC-efcffcfb2c64,false,
REC-24315336d10e,MUS-ae6d2973f2dc,jaza_zoo,東京都恩賜上野動物園,恩賜上野動物園,13106,台東区,恩賜上野動物園|13106,duplicate_core,REC-4dad7613d73b,false,
REC-74de6530c4c2,MUS-2aee82b1baea,jaza_zoo,足立区生物園,足立区生物園,13121,足立区,足立区生物園|13121,supplement_unique,,false,
REC-f6833b669f63,MUS-9807faa03bcb,jaza_zoo,江戸川区自然動物園,江戸川区自然動物園,13123,江戸川区,江戸川区自然動物園|13123,supplement_unique,,false,
REC-c4a56f61ab3a,MUS-bc6384c2484f,jaza_zoo,東京都井の頭自然文化園,井の頭自然文化園,13203,武蔵野市,井の頭自然文化園|13203,duplicate_core,REC-441109bcef58,false,
REC-5df6b3baf8d7,MUS-874e9f22d9a9,jaza_zoo,町田リス園,町田リス園,13209,町田市,町田リス園|13209,supplement_unique,,false,
REC-cbeeeb675903,MUS-6c8ec7a914cd,jaza_zoo,東京都多摩動物公園,多摩動物公園,13212,日野市,多摩動物公園|13212,duplicate_core,REC-15fa4dfd934b,false,
REC-9f504b59b156,MUS-d8fb80d56107,jaza_zoo,羽村市動物公園,羽村市動物公園,13227,羽村市,羽村市動物公園|13227,supplement_unique,,false,
REC-6abed6f6a13d,MUS-c7c803cc4241,jaza_zoo,東京都立大島公園,東京都立大島公園,13361,大島町,東京都立大島公園|13361,supplement_unique,,false,
REC-e6b721f5a663,MUS-93148e99ad25,jcsm,ＮＨＫ放送博物館,nhk放送博物館,13103,港区,nhk放送博物館|13103,duplicate_core,REC-bb4c2585124e,false,
REC-23a47b1bde9d,MUS-e93f7096c5da,jcsm,TEPIA先端技術館,tepia先端技術館,13103,港区,tepia先端技術館|13103,supplement_unique,,false,
REC-3c2e479cca7b,MUS-6d198846657f,jcsm,港区立みなと科学館,港区立みなと科学館,13103,港区,港区立みなと科学館|13103,supplement_unique,,false,
REC-0318fc0062be,MUS-bee2e40cf172,jcsm,東京消防庁消防防災資料センター消防博物館,東京消防庁消防防災資料センター消防博物館,13104,新宿区,東京消防庁消防防災資料センター消防博物館|13104,supplement_unique,,false,
REC-3b1ea434b14c,MUS-19c7ed10458b,jcsm,国立科学博物館,国立科学博物館,13106,台東区,国立科学博物館|13106,duplicate_core,REC-3d932a1cd6e6,false,
REC-37fbbd5ab9d1,MUS-a35792eef1c2,jcsm,たばこと塩の博物館,たばこと塩の博物館,13107,墨田区,たばこと塩の博物館|13107,supplement_unique,,false,
REC-2dc129863921,MUS-39585e927fe2,jcsm,東武博物館,東武博物館,13107,墨田区,東武博物館|13107,supplement_unique,,false,
REC-96f31ac86ae0,MUS-0d0097806be0,jcsm,郵政博物館,郵政博物館,13107,墨田区,郵政博物館|13107,supplement_unique,,false,
REC-7da3be9a73dc,MUS-d22342b93c71,jcsm,日本科学未来館,日本科学未来館,13108,江東区,日本科学未来館|13108,supplement_unique,,false,
REC-1ee2eb6a3a11,MUS-3062a7726f5e,jcsm,東京ガス株式会社 がすてなーに ガスの科学館,東京ガス株式会社がすてなーにガスの科学館,13108,江東区,東京ガス株式会社がすてなーにガスの科学館|13108,supplement_unique,,false,
REC-a2152c84f19c,MUS-5cf93e8d8a3b,jcsm,船の科学館,船の科学館,13109,品川区,船の科学館|13109,supplement_unique,,false,
REC-0573539ea1f0,MUS-8a07d4c3ad5b,jcsm,東京科学大学博物館,東京科学大学博物館,13110,目黒区,東京科学大学博物館|13110,duplicate_core,REC-4d1df8c5af15,false,
REC-ff9f39607619,MUS-40fc2de9f4c6,jcsm,目黒寄生虫館,目黒寄生虫館,13110,目黒区,目黒寄生虫館|13110,duplicate_core,REC-c0f3955bde43,false,
REC-23f1a59d9e3a,MUS-b00f6cb907cf,jcsm,こども鉱物館,こども鉱物館,13113,渋谷区,こども鉱物館|13113,supplement_unique,,false,
REC-6641d5514c1f,MUS-6ce023bc8c05,jcsm,サンシャイン水族館,サンシャイン水族館,13116,豊島区,サンシャイン水族館|13116,duplicate_supplement,REC-4d5476600f4b,false,
REC-aa9348d7899a,MUS-030af495c004,jcsm,板橋区立教育科学館,板橋区立教育科学館,13119,板橋区,板橋区立教育科学館|13119,supplement_unique,,false,
REC-815a77b1538a,MUS-02dd7815a999,jcsm,葛飾区郷土と天文の博物館,葛飾区郷土と天文の博物館,13122,葛飾区,葛飾区郷土と天文の博物館|13122,duplicate_core,REC-48844af07161,false,
REC-1adecd1d4b2c,MUS-0babb4eddce6,jcsm,地下鉄博物館,地下鉄博物館,13123,江戸川区,地下鉄博物館|13123,duplicate_core,REC-3a895f6d1cdd,false,
REC-6a43bc4d9a93,MUS-d9c8d9431274,jcsm,府中市郷土の森博物館,府中市郷土の森博物館,13206,府中市,府中市郷土の森博物館|13206,duplicate_core,REC-bbd22c167df9,false,
REC-23d97c18409f,MUS-3a66891c6130,jcsm,東京農工大学科学博物館,東京農工大学科学博物館,13210,小金井市,東京農工大学科学博物館|13210,duplicate_core,REC-beb13e6da0f1,false,
REC-3b2ff1009996,MUS-0bfe732291e4,jcsm,多摩六都科学館,多摩六都科学館,13229,西東京市,多摩六都科学館|13229,duplicate_core,REC-24843371e281,false,
REC-bdef21b67dbc,MUS-a05fae49039a,minato_museum_network,21_21 DESIGN SIGHT,21_21designsight,13103,港区,21_21designsight|13103,supplement_unique,,false,
REC-0cac37f1c69f,MUS-93148e99ad25,minato_museum_network,NHK放送博物館,nhk放送博物館,13103,港区,nhk放送博物館|13103,duplicate_core,REC-bb4c2585124e,false,
REC-cb808a9e4bf1,MUS-e93f7096c5da,minato_museum_network,TEPIA 先端技術館,tepia先端技術館,13103,港区,tepia先端技術館|13103,duplicate_supplement,REC-23a47b1bde9d,false,
REC-fbb29ca60ed4,MUS-c00e3681f9d4,minato_museum_network,TOTOギャラリー・間,totoギャラリー間,13103,港区,totoギャラリー間|13103,supplement_unique,,false,
REC-f8247a3f3f84,MUS-fad0d8511b26,minato_museum_network,お茶の文化創造博物館／お～いお茶ミュージアム,お茶の文化創造博物館/お~いお茶ミュージアム,13103,港区,お茶の文化創造博物館/お~いお茶ミュージアム|13103,supplement_unique,,false,
REC-b931f6164d8b,MUS-bfbd49f33ea5,minato_museum_network,アドミュージアム東京,アドミュージアム東京,13103,港区,アドミュージアム東京|13103,duplicate_core,REC-4b832fb8c498,false,
REC-a21d580a5168,MUS-b0da587ad20c,minato_museum_network,キヤノンギャラリー S,キヤノンギャラリーs,13103,港区,キヤノンギャラリーs|13103,supplement_unique,,false,
REC-dc91ed0831ef,MUS-1fd7819fd0ef,minato_museum_network,クロステックミュージアム,クロステックミュージアム,13103,港区,クロステックミュージアム|13103,supplement_unique,,false,
REC-f78e1d4a9f16,MUS-acce509ac8c5,minato_museum_network,サントリー美術館,サントリー美術館,13103,港区,サントリー美術館|13103,supplement_unique,,false,
REC-084c4412f46c,MUS-3bcefbca9d66,minato_museum_network,パナソニック汐留美術館,パナソニック汐留美術館,13103,港区,パナソニック汐留美術館|13103,duplicate_core,REC-928b47c92e52,false,
REC-75e9a5edc993,MUS-5067ff24b947,minato_museum_network,フジフイルム スクエア,フジフイルムスクエア,13103,港区,フジフイルムスクエア|13103,supplement_unique,,false,
REC-1c7485cddd38,MUS-1ac843667114,minato_museum_network,ポーラ文化研究所 化粧文化ギャラリー,ポーラ文化研究所化粧文化ギャラリー,13103,港区,ポーラ文化研究所化粧文化ギャラリー|13103,supplement_unique,,false,
REC-5847be940a1a,MUS-dde5b905c39b,minato_museum_network,マクセル アクアパーク品川,マクセルアクアパーク品川,13103,港区,マクセルアクアパーク品川|13103,duplicate_core,REC-cb2c87e84c9c,false,
REC-41f46e12cc4a,MUS-e8af57b23c04,minato_museum_network,ヤマトグループ歴史館 クロネコヤマトミュージアム,ヤマトグループ歴史館クロネコヤマトミュージアム,13103,港区,ヤマトグループ歴史館クロネコヤマトミュージアム|13103,supplement_unique,,false,
REC-a6ab450f8704,MUS-6f7d79ed5248,minato_museum_network,ヨックモックミュージアム,ヨックモックミュージアム,13103,港区,ヨックモックミュージアム|13103,supplement_unique,,false,
REC-1f59c8be8903,MUS-907ddf044ee3,minato_museum_network,共同通信社 ニュースアート,共同通信社ニュースアート,13103,港区,共同通信社ニュースアート|13103,supplement_unique,,false,
REC-1443c67eb0f8,MUS-1907164b27f6,minato_museum_network,出光興産ヒューマンギャラリー,出光興産ヒューマンギャラリー,13103,港区,出光興産ヒューマンギャラリー|13103,supplement_unique,,false,
REC-a9048bad45cc,MUS-d45902c78678,minato_museum_network,北里柴三郎記念博物館,北里柴三郎記念博物館,13103,港区,北里柴三郎記念博物館|13103,duplicate_core,REC-f649f3439c4b,false,
REC-6002a7ce482a,MUS-a5eeb719597b,minato_museum_network,味の素グループ 食とくらしの小さな博物館,味の素グループ食とくらしの小さな博物館,13103,港区,味の素グループ食とくらしの小さな博物館|13103,supplement_unique,,false,
REC-3d9d9de9ef75,MUS-40daf2ce6bd5,minato_museum_network,味の素食の文化センター 食文化展示室,味の素食の文化センター食文化展示室,13103,港区,味の素食の文化センター食文化展示室|13103,supplement_unique,,false,
REC-902180eae748,MUS-76ab79655e20,minato_museum_network,国立新美術館,国立新美術館,13103,港区,国立新美術館|13103,supplement_unique,,false,
REC-86da9ae091bc,MUS-b0193cd67f25,minato_museum_network,国立科学博物館附属自然教育園,国立科学博物館附属自然教育園,13103,港区,国立科学博物館附属自然教育園|13103,supplement_unique,,false,
REC-1272b5201409,MUS-04eeeab89ba2,minato_museum_network,増上寺宝物展示室,増上寺宝物展示室,13103,港区,増上寺宝物展示室|13103,supplement_unique,,false,
REC-232a9d2f62d6,MUS-ca2d0804f132,minato_museum_network,外務省外交史料館展示室,外務省外交史料館展示室,13103,港区,外務省外交史料館展示室|13103,supplement_unique,,false,
REC-8f555c9963df,MUS-c3079c129a21,minato_museum_network,大倉集古館,大倉集古館,13103,港区,大倉集古館|13103,duplicate_core,REC-49602f6e9897,false,
REC-0ae7c89499a8,MUS-7b88b70cda47,minato_museum_network,岡本太郎記念館,岡本太郎記念館,13103,港区,岡本太郎記念館|13103,supplement_unique,,false,
REC-4a915c5ebbdc,MUS-3f9800a7ba4c,minato_museum_network,慶應義塾ミュージアム・コモンズ,慶應義塾ミュージアムコモンズ,13103,港区,慶應義塾ミュージアムコモンズ|13103,supplement_unique,,false,
REC-a2c01d23417b,MUS-91e76427b3ff,minato_museum_network,慶應義塾大学アート・センター,慶應義塾大学アートセンター,13103,港区,慶應義塾大学アートセンター|13103,duplicate_core,REC-1f83d7df3da8,false,
REC-986f8f15588e,MUS-e46682169eba,minato_museum_network,旧新橋停車場 鉄道歴史展示室,旧新橋停車場鉄道歴史展示室,13103,港区,旧新橋停車場鉄道歴史展示室|13103,supplement_unique,,false,
REC-5a8a8f1cebd0,MUS-ef6fd952c206,minato_museum_network,明治学院歴史資料館,明治学院歴史資料館,13103,港区,明治学院歴史資料館|13103,supplement_unique,,false,
REC-ba0f2c95d6f2,MUS-4079201ee0a5,minato_museum_network,東京ミッドタウン・デザインハブ,東京ミッドタウンデザインハブ,13103,港区,東京ミッドタウンデザインハブ|13103,supplement_unique,,false,
REC-55bcd08cef7d,MUS-3b41406e10f6,minato_museum_network,東京海洋大学マリンサイエンスミュージアム,東京海洋大学マリンサイエンスミュージアム,13103,港区,東京海洋大学マリンサイエンスミュージアム|13103,duplicate_core,REC-368b2a5745d4,false,
REC-6e54a5fb552f,MUS-b699150007fe,minato_museum_network,東京都庭園美術館,東京都庭園美術館,13103,港区,東京都庭園美術館|13103,duplicate_core,REC-369e5b4ac180,false,
REC-c7f55537af67,MUS-baccde587599,minato_museum_network,東京都立中央図書館,東京都立中央図書館,13103,港区,東京都立中央図書館|13103,supplement_unique,,false,
REC-4a85e98d6333,MUS-8282bfcd5907,minato_museum_network,松岡美術館,松岡美術館,13103,港区,松岡美術館|13103,supplement_unique,,false,
REC-b15946bbe9f3,MUS-6a41ca15d0f5,minato_museum_network,根津美術館,根津美術館,13103,港区,根津美術館|13103,duplicate_core,REC-1d1f9c1a188a,false,
REC-57272702d320,MUS-b3ab9afa5fce,minato_museum_network,森美術館,森美術館,13103,港区,森美術館|13103,duplicate_core,REC-0e87eef4bc79,false,
REC-fed88d3bae37,MUS-5698dca17684,minato_museum_network,気象庁 気象科学館,気象庁気象科学館,13103,港区,気象庁気象科学館|13103,supplement_unique,,false,
REC-49101bd43d47,MUS-ee0bf6430dd1,minato_museum_network,泉屋博古館東京,泉屋博古館東京,13103,港区,泉屋博古館東京|13103,duplicate_core,REC-31b4f57089d1,false,
REC-49a9ca38fa1e,MUS-4e034605d833,minato_museum_network,泉岳寺 赤穂義士記念館,泉岳寺赤穂義士記念館,13103,港区,泉岳寺赤穂義士記念館|13103,supplement_unique,,false,
REC-582ea2b4d92e,MUS-6d198846657f,minato_museum_network,港区立みなと科学館,港区立みなと科学館,13103,港区,港区立みなと科学館|13103,duplicate_supplement,REC-3c2e479cca7b,false,
REC-fbdcf88385fc,MUS-5c466266da77,minato_museum_network,港区立郷土歴史館,港区立郷土歴史館,13103,港区,港区立郷土歴史館|13103,supplement_unique,,false,
REC-93587294ceff,MUS-91eb434b1f47,minato_museum_network,物流博物館,物流博物館,13103,港区,物流博物館|13103,duplicate_core,REC-a74ebcbaee23,false,
REC-a81bb564815d,MUS-b3c22e2a74a0,minato_museum_network,福澤諭吉記念 慶應義塾史展示館,福澤諭吉記念慶應義塾史展示館,13103,港区,福澤諭吉記念慶應義塾史展示館|13103,supplement_unique,,false,
REC-1ee4e284c97e,MUS-4bfb46cb43b7,minato_museum_network,秋山庄太郎写真芸術館,秋山庄太郎写真芸術館,13103,港区,秋山庄太郎写真芸術館|13103,supplement_unique,,false,
REC-760748703e63,MUS-8d5832d989c6,minato_museum_network,紅ミュージアム,紅ミュージアム,13103,港区,紅ミュージアム|13103,supplement_unique,,false,
REC-ff65f758a9ee,MUS-c80769bd368e,minato_museum_network,荏原 畠山美術館,荏原畠山美術館,13103,港区,荏原畠山美術館|13103,supplement_unique,,false,
REC-b4e91829b67f,MUS-e44b40073b9e,minato_museum_network,菊池寛実記念 智美術館,菊池寛実記念智美術館,13103,港区,菊池寛実記念智美術館|13103,duplicate_core,REC-f1e96c97a1bb,false,
REC-73e20f231134,MUS-82aebabc0693,minato_museum_network,虎屋 赤坂ギャラリー,虎屋赤坂ギャラリー,13103,港区,虎屋赤坂ギャラリー|13103,supplement_unique,,false,
REC-93940ce16704,MUS-9fc5c645bc44,minato_museum_network,赤十字情報プラザ,赤十字情報プラザ,13103,港区,赤十字情報プラザ|13103,supplement_unique,,false,
