museum_id,facility_name,municipality_code,municipality_name,address_raw,address_normalized,postal_code,latitude,longitude,location_type,address_source_url,source_authority,extraction_method,geocoder,geocode_score,match_level,coordinate_level,coordinate_use,review_status,review_reason,retrieved_at,content_sha256,notes
MUS-005aa6852919,昭和女子大学光葉博物館,13112,世田谷区,東京都世田谷区太子堂1-7-57 7号館1階,東京都世田谷区太子堂1-7-577号館1階,154-8533,35.643959,139.676041,facility_location,https://museum.swu.ac.jp/about/facilities.html,facility_official,verified_override,digital_agency_abr,1,residential_block,residential_block,plateau_query,accepted,,2026-09-06T16:34:45+00:00,,公式施設案内で所在地を確認
MUS-014a7d8b2bb6,中近東文化センター付属博物館,13204,三鷹市,東京都三鷹市大沢3-10-31,東京都三鷹市大沢3-10-31,181-0015,35.686474,139.527481,facility_location,https://www.meccj.or.jp/,facility_or_public_official,html_text,digital_agency_abr,1,residential_block,residential_block,plateau_query,accepted,,2026-09-06T16:34:45+00:00,f577a79ea9918e2d659b67443ff1d1777dd31c6e5e04c2f75805bdd5fde77351,address_score=90
MUS-02dd7815a999,葛飾区郷土と天文の博物館,13122,葛飾区,東京都葛飾区白鳥3-25-1,東京都葛飾区白鳥3-25-1,,35.752853,139.842941,facility_location,https://museum.bunka.go.jp/guide/,existing_manifest_source,existing_manifest,digital_agency_abr,1,residential_detail,residential_detail,building_candidate,accepted,,2026-09-06T16:34:45+00:00,,
MUS-02dd899629c7,印刷博物館,13105,文京区,東京都文京区水道1丁目3番3号 トッパン小石川ビル,東京都文京区水道1丁目3番3号トッパン小石川ビル,,35.708481,139.741623,facility_location,https://www.city.bunkyo.lg.jp/b014/p004189.html,existing_manifest_source,existing_manifest,digital_agency_abr,1,residential_detail,residential_detail,building_candidate,accepted,,2026-09-06T16:34:45+00:00,,
MUS-030af495c004,板橋区立教育科学館,13119,板橋区,東京都板橋区常盤台4-14-1,東京都板橋区常盤台4-14-1,,35.76347,139.679611,facility_location,https://jcsm.jp/list/membership/,existing_manifest_source,existing_manifest,digital_agency_abr,1,residential_detail,residential_detail,building_candidate,accepted,,2026-09-06T16:34:45+00:00,,
MUS-03d2e8f2282b,共立女子大学博物館,13101,千代田区,東京都千代田区一ツ橋2-6-1 共立女子学園2号館B1F,東京都千代田区一ツ橋2-6-1共立女子学園2号館B1F,101-0003,35.694248,139.756546,facility_location,https://www.kyoritsu-wu.ac.jp/muse/access/,facility_official,verified_override,digital_agency_abr,1,residential_block,residential_block,plateau_query,accepted,,2026-09-06T16:34:45+00:00,,公式アクセスページで所在地を確認
MUS-04eeeab89ba2,増上寺宝物展示室,13103,港区,東京都港区芝公園4-7-35 大殿地下1階,東京都港区芝公園4-7-35大殿地下1階,,35.657249,139.748413,facility_location,https://www.minato-rekishi.com/musenet/museumlist.html,existing_manifest_source,existing_manifest,digital_agency_abr,1,residential_block,residential_block,plateau_query,accepted,,2026-09-06T16:34:45+00:00,,
MUS-05085b9ba4aa,靖國神社遊就館,13101,千代田区,東京都千代田区九段北3-1-1,東京都千代田区九段北3-1-1,102-8246,35.694405,139.742813,facility_location,https://museum.net.city.chiyoda.lg.jp/list/shisetsu/20.php,chiyoda_city_official_museum_network,verified_override,digital_agency_abr,1,residential_block,residential_block,plateau_query,accepted,,2026-09-06T16:34:45+00:00,,千代田区公式参加館ページで所在地を確認
MUS-0689fa503e02,くにたち郷土文化館,13215,国立市,東京都国立市谷保6231,東京都国立市谷保6231,186-0011,35.680332,139.439835,facility_location,https://kuzaidan.or.jp/province/access/,public_facility_official,verified_override,digital_agency_abr,1,parcel,machiaza,plateau_query,accepted,,2026-09-06T16:34:45+00:00,,公式アクセスページで所在地を確認
MUS-06aa0bb52c59,刀剣博物館,13107,墨田区,東京都墨田区横網1-12-9,東京都墨田区横網1-12-9,130-0015,35.699043,139.793488,facility_location,https://www.touken.or.jp/museum/,facility_or_public_official,html_text,digital_agency_abr,1,residential_detail,residential_detail,building_candidate,accepted,,2026-09-06T16:34:45+00:00,5cc76b74f8d34d3538dbbb052cf630e8ebd2af4976d9b6801ad6c154206bc71c,address_score=115
MUS-0815610ea799,すみだ水族館,13107,墨田区,東京都墨田区押上1-1-2東京スカイツリータウン・ソラマチ5F,東京都墨田区押上1-1-2東京スカイツリータウン・ソラマチ5F,,35.710083,139.808609,facility_location,https://www.jaza.jp/about-jaza/structure/list-aquarium,existing_manifest_source,existing_manifest,digital_agency_abr,1,residential_detail,residential_detail,building_candidate,accepted,,2026-09-06T16:34:45+00:00,,
MUS-0babb4eddce6,地下鉄博物館,13123,江戸川区,東京都江戸川区東葛西6-3-1,東京都江戸川区東葛西6-3-1,,35.663574,139.873291,facility_location,https://museum.bunka.go.jp/guide/,existing_manifest_source,existing_manifest,digital_agency_abr,1,residential_detail,residential_detail,building_candidate,accepted,,2026-09-06T16:34:45+00:00,,
MUS-0bfe732291e4,多摩六都科学館,13229,西東京市,東京都西東京市芝久保町5-10-64,東京都西東京市芝久保町5-10-64,,35.734745,139.522202,facility_location,https://museum.bunka.go.jp/guide/,existing_manifest_source,existing_manifest,digital_agency_abr,1,residential_detail,residential_detail,building_candidate,accepted,,2026-09-06T16:34:45+00:00,,
MUS-0c8c7acccb98,早稲田大学會津八一記念博物館,13104,新宿区,東京都新宿区西早稲田1-6-1 早稲田キャンパス２号館,東京都新宿区西早稲田1-6-1早稲田キャンパス２号館,,35.708897,139.718689,facility_location,https://www.waseda.jp/culture/aizu-museum/access/,facility_or_public_official,html_text,digital_agency_abr,1,residential_block,residential_block,plateau_query,accepted,,2026-09-06T16:34:45+00:00,95a4917cbe439fe893b4864a156598c4391dc208270657219c98d1ea155f64e0,address_score=115
MUS-0d0097806be0,郵政博物館,13107,墨田区,東京都墨田区押上1-1-2東京スカイツリータウン・ソラマチ9F,東京都墨田区押上1-1-2東京スカイツリータウン・ソラマチ9F,,35.710083,139.808609,facility_location,https://jcsm.jp/list/membership/,existing_manifest_source,existing_manifest,digital_agency_abr,1,residential_detail,residential_detail,building_candidate,accepted,,2026-09-06T16:34:45+00:00,,
MUS-0d0261f2e923,横山大観記念館,13106,台東区,東京都台東区池之端1-4-24,東京都台東区池之端1-4-24,110-0008,35.712151,139.768448,facility_location,https://taikan.tokyo/,facility_or_public_official,html_text,digital_agency_abr,1,residential_detail,residential_detail,building_candidate,accepted,,2026-09-06T16:34:45+00:00,52143473eb6e1935ca7d394abefdb4d85af45ceb64c3a5d0039795b4b2d40757,address_score=115
MUS-0e6f5377989f,日本大学芸術学部芸術資料館,13120,練馬区,東京都練馬区旭丘2-42-1,東京都練馬区旭丘2-42-1,176-8525,35.736824,139.67627,facility_location,https://www.art.nihon-u.ac.jp/facility/attached/archives/,facility_or_public_official,html_text,digital_agency_abr,1,residential_detail,residential_detail,building_candidate,accepted,,2026-09-06T16:34:45+00:00,287734e5afa5b38d0b656e7b3ea56fe2633b6c9444cde60f4a81aa93490cd174,address_score=100
MUS-10239dac0fd8,弥生美術館,13105,文京区,東京都文京区弥生2丁目4番3号,東京都文京区弥生2丁目4番3号,,35.714813,139.763306,facility_location,https://www.city.bunkyo.lg.jp/b014/p004189.html,existing_manifest_source,existing_manifest,digital_agency_abr,1,residential_detail,residential_detail,building_candidate,accepted,,2026-09-06T16:34:45+00:00,,
MUS-13a3749db7b4,府中市美術館,13206,府中市,東京都府中市浅間町1丁目3番地（都立府中の森公園内）,東京都府中市浅間町1丁目3番地（都立府中の森公園内）,183-0001,35.668922,139.477661,facility_location,https://www.city.fuchu.tokyo.jp/shisetu/komyunite/gekijo/bijyutukan.html,fuchu_city_official,verified_override,digital_agency_abr,1,machiaza_detail,city,plateau_query,accepted,,2026-09-06T16:34:45+00:00,,府中市公式施設案内で所在地を確認 2026-09-06
MUS-15e07137b701,公益社団法人 全国市有物件災害共済会 防災専門図書館,13101,千代田区,東京都 千代田区 平河町 2-4-1 日本都市センター会館8階,東京都千代田区平河町2-4-1日本都市センター会館8階,102-0093,35.681808,139.738815,facility_location,https://museum.net.city.chiyoda.lg.jp/list/shisetsu/36.php,facility_or_public_official,html_text,digital_agency_abr,1,residential_block,residential_block,plateau_query,accepted,,2026-09-06T16:34:45+00:00,7c51f5aa7cd04db69e521bc637b2465ef85396c2e3a57ee06e7aed3ea03bd43a,address_score=90
MUS-1907164b27f6,出光興産ヒューマンギャラリー,13103,港区,東京都港区北青山1-3-6 SIビル青山7階,東京都港区北青山1-3-6SIビル青山7階,,35.672512,139.722733,facility_location,https://www.minato-rekishi.com/musenet/museumlist.html,existing_manifest_source,existing_manifest,digital_agency_abr,1,residential_block,residential_block,plateau_query,accepted,,2026-09-06T16:34:45+00:00,,
MUS-19c7ed10458b,国立科学博物館,13106,台東区,東京都台東区上野公園7-20,東京都台東区上野公園7-20,,35.716393,139.776062,facility_location,https://museum.bunka.go.jp/guide/,existing_manifest_source,existing_manifest,digital_agency_abr,1,residential_detail,residential_detail,building_candidate,accepted,,2026-09-06T16:34:45+00:00,,
MUS-1ac843667114,ポーラ文化研究所 化粧文化ギャラリー,13103,港区,東京都港区南青山2-5-17 ポーラ青山ビルディング1階,東京都港区南青山2-5-17ポーラ青山ビルディング1階,,35.671913,139.723022,facility_location,https://www.minato-rekishi.com/musenet/museumlist.html,existing_manifest_source,existing_manifest,digital_agency_abr,1,residential_block,residential_block,plateau_query,accepted,,2026-09-06T16:34:45+00:00,,
MUS-1b0f2fc471fc,ちひろ美術館・東京,13120,練馬区,東京都練馬区下石神井4-7-2,東京都練馬区下石神井4-7-2,177-0042,35.728207,139.605164,facility_location,https://chihiro.jp/tokyo/,facility_or_public_official,html_text,digital_agency_abr,1,residential_detail,residential_detail,building_candidate,accepted,,2026-09-06T16:34:45+00:00,9e7ac3e33088156222e437332c65092f44eaa92ef38644e3404a46fb2255536d,address_score=125
MUS-1b16e3f81318,学習院大学史料館,13116,豊島区,東京都豊島区目白1-5-1,東京都豊島区目白1-5-1,171-8588,35.721264,139.707245,facility_location,https://www.museum.univ.gakushuin.ac.jp/information/,facility_or_public_official,html_text,digital_agency_abr,1,residential_detail,residential_detail,building_candidate,accepted,,2026-09-06T16:34:45+00:00,528cdd14e6e70520619697b52443c5ea519c4ed9070be249cf5704726f3ed59d,address_score=90
MUS-1b51243fd2bf,文京区立森鴎外記念館,13105,文京区,東京都文京区千駄木1丁目23番4号,東京都文京区千駄木1丁目23番4号,,35.725002,139.760651,facility_location,https://www.city.bunkyo.lg.jp/b014/p004189.html,existing_manifest_source,existing_manifest,digital_agency_abr,1,residential_detail,residential_detail,building_candidate,accepted,,2026-09-06T16:34:45+00:00,,
MUS-1c5d7eae0e01,明治神宮宝物殿（分館 明治神宮ミュージアム）,13113,渋谷区,東京都渋谷区代々木神園町1-1,東京都渋谷区代々木神園町1-1,151-8557,35.669868,139.702255,facility_location,https://www.meijijingu.or.jp/museum/houmotsuden/,facility_or_public_official,html_text,digital_agency_abr,1,residential_detail,residential_detail,building_candidate,accepted,,2026-09-06T16:34:45+00:00,3b55b5fdb178e9d42a38a1a02be65c7a510435fb1301fa58a1d95144ac4ff6f4,address_score=90
MUS-1cfcc3421af0,東京都江戸東京博物館（分館 江戸東京たてもの園）,13107,墨田区,東京都墨田区横網1-4-1,東京都墨田区横網1-4-1,130-0015,35.696342,139.793961,facility_location,https://www.edo-tokyo-museum.or.jp/,facility_or_public_official,html_text,digital_agency_abr,1,residential_detail,residential_detail,building_candidate,accepted,,2026-09-06T16:34:45+00:00,157c425510d568c0b209cfd55c0e5c9359d43e6811e34d916cd0ec9575f88532,address_score=90
MUS-1d56d16cf09a,旧岩崎邸庭園,13106,台東区,東京都台東区池之端1丁目3番45号,東京都台東区池之端1丁目3番45号,,35.709312,139.768509,facility_location,https://www.city.bunkyo.lg.jp/b014/p004189.html,existing_manifest_source,existing_manifest,digital_agency_abr,1,residential_detail,residential_detail,building_candidate,accepted,,2026-09-06T16:34:45+00:00,,
MUS-1f008620d301,天理ギャラリー,13101,千代田区,東京都千代田区神田錦町1-9 東京天理ビル9F,東京都千代田区神田錦町1-9東京天理ビル9F,101-0054,35.694004,139.753632,facility_location,https://museum.net.city.chiyoda.lg.jp/list/shisetsu/27.php,facility_or_public_official,html_text,digital_agency_abr,1,machiaza_detail,city,plateau_query,accepted,,2026-09-06T16:34:45+00:00,6bcd2a0ac043a6825658ca9e66b08ea672d40066a8c7f78bb8047b2bfa480177,address_score=90
MUS-1f4836b8c1e3,齋田記念館,13112,世田谷区,東京都世田谷区代田3-23-35,東京都世田谷区代田3-23-35,155-0033,35.65332,139.660065,facility_location,https://saita-museum.jp/,facility_or_public_official,html_text,digital_agency_abr,1,residential_detail,residential_detail,building_candidate,accepted,,2026-09-06T16:34:45+00:00,2dac2ba112791c6eda38510a4f2d13a243a6d1faa32ccee1dabbd9a44d7788c3,address_score=115
MUS-1f5d80562d15,葛西臨海水族園,13123,江戸川区,東京都江戸川区臨海町6-2-3,東京都江戸川区臨海町6-2-3,,35.640774,139.855331,facility_location,https://museum.bunka.go.jp/guide/,existing_manifest_source,existing_manifest,digital_agency_abr,1,residential_block,residential_block,plateau_query,accepted,,2026-09-06T16:34:45+00:00,,
MUS-1fd7819fd0ef,クロステックミュージアム,13103,港区,東京都港区東新橋1-9-3,東京都港区東新橋1-9-3,,35.662498,139.760895,facility_location,https://www.minato-rekishi.com/musenet/museumlist.html,existing_manifest_source,existing_manifest,digital_agency_abr,1,residential_block,residential_block,plateau_query,accepted,,2026-09-06T16:34:45+00:00,,
MUS-230fe7c6b447,国立西洋美術館,13106,台東区,東京都台東区上野公園7-7,東京都台東区上野公園7-7,,35.714954,139.775375,facility_location,https://online.bunka.go.jp/museums/detail/177,agency_cultural_portal,structured_detail_page,digital_agency_abr,1,residential_detail,residential_detail,building_candidate,accepted,,2026-09-06T16:34:45+00:00,69d307b9f27954fb90875c0d821aec600672222ee80f67963d08877efd15223d,
MUS-24af58026e92,宗教法人長泉院附属現代彫刻美術館,13110,目黒区,東京都目黒区中目黒4-12-18,東京都目黒区中目黒4-12-18,153-0061,35.635723,139.702774,facility_location,http://museum-of-sculpture.org/,facility_or_public_official,html_text,digital_agency_abr,1,residential_detail,residential_detail,building_candidate,accepted,,2026-09-06T16:34:45+00:00,069bffc228da8f617510b7a84f46f94a89784fb5e6b10c6935b74a0fd19bd0a6,address_score=115
MUS-280de320f2f9,武蔵野美術大学 美術館・図書館,13211,小平市,東京都小平市小川町1-736,東京都小平市小川町1-736,187-8505,35.729229,139.450027,facility_location,https://mauml.musabi.ac.jp/access/,facility_or_public_official,html_text,digital_agency_abr,1,machiaza_detail,machiaza_detail,plateau_query,accepted,,2026-09-06T16:34:45+00:00,2bea0e6fba4899fa8e3cd0a871b1b4c9e79cfceb5c3610f1eba308ab82766c5a,address_score=125
MUS-289a5251f9a8,大谷美術館,13117,北区,東京都北区西ヶ原1-27-39 旧古河庭園内,東京都北区西ヶ原1-27-39旧古河庭園内,,35.743099,139.746811,facility_location,https://online.bunka.go.jp/museums/detail/12174,agency_cultural_portal,structured_detail_page,digital_agency_abr,1,residential_detail,residential_detail,building_candidate,accepted,,2026-09-06T16:34:45+00:00,a15f114796fe758e323412dee9dcaa283cb3f876238dcf0cc7e92ecdeeefaf6e,
MUS-2a9a8965fbfa,八王子市郷土資料館,13201,八王子市,東京都八王子市散田町2-37-1 八王子市教育センター併設の埋蔵文化財整理室1階,東京都八王子市散田町2-37-1八王子市教育センター併設の埋蔵文化財整理室1階,,35.666569,139.316071,facility_location,https://online.bunka.go.jp/museums/detail/12274,agency_cultural_portal,structured_detail_page,digital_agency_abr,1,machiaza_detail,city,plateau_query,accepted,,2026-09-06T16:34:45+00:00,79c2786dfecbd7768a0611766d66d5959aa258d23e6ae10a0a60c4dd6224f3bc,
MUS-2aee82b1baea,足立区生物園,13121,足立区,東京都足立区保木間2-17-1,東京都足立区保木間2-17-1,,35.793121,139.806992,facility_location,https://www.jaza.jp/about-jaza/structure/list-zoo,existing_manifest_source,existing_manifest,digital_agency_abr,1,residential_block,residential_block,plateau_query,accepted,,2026-09-06T16:34:45+00:00,,
MUS-2d37b77014ad,山種美術館,13113,渋谷区,東京都渋谷区広尾3-12-36,東京都渋谷区広尾3-12-36,150-0012,35.653381,139.713654,facility_location,https://www.yamatane-museum.jp/,facility_or_public_official,html_text,digital_agency_abr,1,residential_detail,residential_detail,building_candidate,accepted,,2026-09-06T16:34:45+00:00,0f248b83f88f25326c0774c62042be3cf645f1145afc7803cf6924e6ebc84fb0,address_score=125
MUS-2da88e2469af,草間彌生美術館,13104,新宿区,東京都新宿区弁天町107,東京都新宿区弁天町107,162-0851,35.703201,139.72673,facility_location,https://yayoikusamamuseum.jp/access/,facility_official,verified_override,digital_agency_abr,1,machiaza,machiaza,plateau_query,accepted,,2026-09-06T16:34:45+00:00,,施設公式交通案内で所在地を確認 2026-09-06
MUS-2e0130667ee5,長谷川町子美術館,13112,世田谷区,東京都世田谷区桜新町1-30-6,東京都世田谷区桜新町1-30-6,154-0015,35.627861,139.643539,facility_location,https://www.hasegawamachiko.jp/,facility_or_public_official,html_text,digital_agency_abr,1,residential_detail,residential_detail,building_candidate,accepted,,2026-09-06T16:34:45+00:00,3ede4c7455c8beccd35f6e0d5ac057acf81e7dc1e2ed0dea6e3e605aef71eae3,address_score=140
MUS-2e1fe5767148,緑と水の市民カレッジ（みどりの図書館 東京グリーンアーカイブス）,13101,千代田区,東京都千代田区日比谷公園 1-5,東京都千代田区日比谷公園1-5,100-0012,35.672764,139.754089,facility_location,https://museum.net.city.chiyoda.lg.jp/list/shisetsu/35.php,facility_or_public_official,html_text,digital_agency_abr,1,residential_block,residential_block,plateau_query,accepted,,2026-09-06T16:34:45+00:00,ec7bb40d2a650a490af76d623945df127117f6b95286296d70feae460be00a5c,address_score=90
MUS-2f13348f51f5,玉川大学小原國芳記念教育博物館,13209,町田市,東京都町田市玉川学園6-1-1,東京都町田市玉川学園6-1-1,194-8610,35.567326,139.464844,facility_location,https://www.tamagawa.jp/campus/institutions/museum/,facility_or_public_official,html_text,digital_agency_abr,1,residential_block,residential_block,plateau_query,accepted,,2026-09-06T16:34:45+00:00,5edaa312beda4df8d780e970737ae06ef841655f895eeca47df872b6f69448b9,address_score=90
MUS-2f1b4d02e442,文部科学省 情報ひろば,13101,千代田区,東京都千代田区霞が関3-2-2 旧文部省庁舎内,東京都千代田区霞が関3-2-2旧文部省庁舎内,100-8959,35.671192,139.74791,facility_location,https://museum.net.city.chiyoda.lg.jp/list/shisetsu/15.php,facility_or_public_official,html_text,digital_agency_abr,1,residential_block,residential_block,plateau_query,accepted,,2026-09-06T16:34:45+00:00,ad71475c2f9519f53cd84206e14b4ac719b05dd7acd1b7171dd39b02320f38a9,address_score=90
MUS-3062a7726f5e,東京ガス株式会社 がすてなーに ガスの科学館,13108,江東区,東京都江東区豊洲6-1-1,東京都江東区豊洲6-1-1,,35.652027,139.793015,facility_location,https://jcsm.jp/list/membership/,existing_manifest_source,existing_manifest,digital_agency_abr,1,residential_detail,residential_detail,building_candidate,accepted,,2026-09-06T16:34:45+00:00,,
MUS-31c29bf74394,Space Travelium TeNQ,13105,文京区,東京都文京区後楽1丁目3番61号 東京ドームシティ黄色いビル6F,東京都文京区後楽1丁目3番61号東京ドームシティ黄色いビル6F,,35.703152,139.752151,facility_location,https://www.city.bunkyo.lg.jp/b014/p004189.html,existing_manifest_source,existing_manifest,digital_agency_abr,1,residential_detail,residential_detail,building_candidate,accepted,,2026-09-06T16:34:45+00:00,,
MUS-3541571d7c2c,荏原 畠山記念館,13103,港区,東京都港区白金台2-20-12,東京都港区白金台2-20-12,108-0071,35.632923,139.727036,facility_location,https://www.hatakeyama-museum.org/guide/access/,facility_official,verified_override,digital_agency_abr,1,residential_block,residential_block,plateau_query,accepted,,2026-09-06T16:34:45+00:00,,施設公式交通案内で所在地を確認 2026-09-06
MUS-366b9775dc51,小石川後楽園,13105,文京区,東京都文京区後楽1丁目6番6号,東京都文京区後楽1丁目6番6号,,35.704834,139.74765,facility_location,https://www.city.bunkyo.lg.jp/b014/p004189.html,existing_manifest_source,existing_manifest,digital_agency_abr,1,residential_detail,residential_detail,building_candidate,accepted,,2026-09-06T16:34:45+00:00,,
MUS-37474a332b6f,わだつみのこえ記念館,13105,文京区,東京都文京区本郷5丁目29番13号 赤門アビタシオン1階,東京都文京区本郷5丁目29番13号赤門アビタシオン1階,,35.711391,139.759674,facility_location,https://www.city.bunkyo.lg.jp/b014/p004189.html,existing_manifest_source,existing_manifest,digital_agency_abr,1,residential_detail,residential_detail,building_candidate,accepted,,2026-09-06T16:34:45+00:00,,
MUS-395568f7c46b,文化庁国立近現代建築資料館,13105,文京区,東京都文京区湯島4丁目6番15号,東京都文京区湯島4丁目6番15号,,35.70813,139.767731,facility_location,https://www.city.bunkyo.lg.jp/b014/p004189.html,existing_manifest_source,existing_manifest,digital_agency_abr,1,residential_detail,residential_detail,building_candidate,accepted,,2026-09-06T16:34:45+00:00,,
MUS-39585e927fe2,東武博物館,13107,墨田区,東京都墨田区東向島4-28-16,東京都墨田区東向島4-28-16,,35.723354,139.819168,facility_location,https://jcsm.jp/list/membership/,existing_manifest_source,existing_manifest,digital_agency_abr,1,residential_detail,residential_detail,building_candidate,accepted,,2026-09-06T16:34:45+00:00,,
MUS-3a66891c6130,東京農工大学科学博物館,13210,小金井市,東京都小金井市中町2-24-16,東京都小金井市中町2-24-16,,35.697739,139.518295,facility_location,https://museum.bunka.go.jp/guide/,existing_manifest_source,existing_manifest,digital_agency_abr,1,residential_detail,residential_detail,building_candidate,accepted,,2026-09-06T16:34:45+00:00,,
MUS-3b41406e10f6,東京海洋大学マリンサイエンスミュージアム,13103,港区,東京都港区港南4-5-7,東京都港区港南4-5-7,,35.627914,139.74649,facility_location,https://museum.bunka.go.jp/guide/,existing_manifest_source,existing_manifest,digital_agency_abr,1,residential_block,residential_block,plateau_query,accepted,,2026-09-06T16:34:45+00:00,,
MUS-3bcefbca9d66,パナソニック汐留美術館,13103,港区,東京都港区東新橋1-5-1 パナソニック東京汐留ビル4階,東京都港区東新橋1-5-1パナソニック東京汐留ビル4階,,35.665634,139.761398,facility_location,https://museum.bunka.go.jp/guide/,existing_manifest_source,existing_manifest,digital_agency_abr,1,residential_block,residential_block,plateau_query,accepted,,2026-09-06T16:34:45+00:00,,
MUS-3e0a89b8be69,帝国データバンク史料館,13104,新宿区,東京都新宿区四谷本塩町14-3,東京都新宿区四谷本塩町14-3,,35.691029,139.729111,facility_location,https://www.tdb-muse.jp/guide/,facility_or_public_official,html_text,digital_agency_abr,1,residential_detail,residential_detail,building_candidate,accepted,,2026-09-06T16:34:45+00:00,cf4c204b09d1cdd052feb8c234bceccc8fd0cfc21897e09bc8f53e7ec33f15d6,address_score=125
MUS-3e36eea1f34c,国立公文書館,13101,千代田区,東京都千代田区北の丸公園3-2,東京都千代田区北の丸公園3-2,102-0091,35.690361,139.75444,facility_location,https://museum.net.city.chiyoda.lg.jp/list/shisetsu/13.php,facility_or_public_official,html_text,digital_agency_abr,1,residential_block,residential_block,plateau_query,accepted,,2026-09-06T16:34:45+00:00,0c8ed1636c1bfd1778de5807294bd43ace9ff0445d68ea13086521d8276fdcfa,address_score=90
MUS-3e441dfef70d,東京理科大学近代科学資料館,13104,新宿区,東京都新宿区神楽坂1－3,東京都新宿区神楽坂1-3,162-8601,35.699635,139.741928,facility_location,https://www.tus.ac.jp/info/setubi/museum/main/info.html#access,facility_or_public_official,html_text,digital_agency_abr,1,machiaza_detail,machiaza_detail,plateau_query,accepted,,2026-09-06T16:34:45+00:00,e97f53931ed435e3035259f50b20728b5046a9ff87ffab0a8cbe6a0adb94a1db,address_score=100
MUS-3f5a1f8fa447,文化学園服飾博物館,13113,渋谷区,東京都渋谷区代々木3-22-7,東京都渋谷区代々木3-22-7,151-8529,35.686359,139.694717,facility_location,https://museum.bunka.ac.jp/,facility_or_public_official,html_text,digital_agency_abr,1,residential_detail,residential_detail,building_candidate,accepted,,2026-09-06T16:34:45+00:00,07febcbbb886d6a28005403d34b9a8a6c935909435b64a5716fbe2992001c071,address_score=115
MUS-3f9800a7ba4c,慶應義塾ミュージアム・コモンズ,13103,港区,東京都港区三田2-15-45,東京都港区三田2-15-45,,35.648708,139.74234,facility_location,https://www.minato-rekishi.com/musenet/museumlist.html,existing_manifest_source,existing_manifest,digital_agency_abr,1,residential_block,residential_block,plateau_query,accepted,,2026-09-06T16:34:45+00:00,,
MUS-4079201ee0a5,東京ミッドタウン・デザインハブ,13103,港区,東京都港区赤坂9-7-1 ミッドタウン・タワー5階,東京都港区赤坂9-7-1ミッドタウン・タワー5階,,35.65807,139.751602,facility_location,https://www.minato-rekishi.com/musenet/museumlist.html,existing_manifest_source,existing_manifest,digital_agency_abr,1,machiaza_detail,city,plateau_query,accepted,,2026-09-06T16:34:45+00:00,,
MUS-40ca141966cf,ファーブル昆虫館「虫の詩人の館」,13105,文京区,東京都文京区千駄木5丁目46番6号,東京都文京区千駄木5丁目46番6号,,35.729843,139.758926,facility_location,https://www.city.bunkyo.lg.jp/b014/p004189.html,existing_manifest_source,existing_manifest,digital_agency_abr,1,residential_detail,residential_detail,building_candidate,accepted,,2026-09-06T16:34:45+00:00,,
MUS-40daf2ce6bd5,味の素食の文化センター 食文化展示室,13103,港区,東京都港区高輪3-13-65,東京都港区高輪3-13-65,,35.63269,139.732971,facility_location,https://www.minato-rekishi.com/musenet/museumlist.html,existing_manifest_source,existing_manifest,digital_agency_abr,1,residential_block,residential_block,plateau_query,accepted,,2026-09-06T16:34:45+00:00,,
MUS-40fc2de9f4c6,目黒寄生虫館,13110,目黒区,東京都目黒区下目黒4-1-1,東京都目黒区下目黒4-1-1,,35.631748,139.706696,facility_location,https://museum.bunka.go.jp/guide/,existing_manifest_source,existing_manifest,digital_agency_abr,1,residential_detail,residential_detail,building_candidate,accepted,,2026-09-06T16:34:45+00:00,,
MUS-4151a7d66f3e,日本獣医生命科学大学付属博物館,13203,武蔵野市,東京都武蔵野市境南町1-7-1 日本獣医生命科学大学付属博物館 ※展示室は本学一号棟(本館)内にあります,東京都武蔵野市境南町1-7-1日本獣医生命科学大学付属博物館※展示室は本学一号棟(本館)内にあります,180-8602,35.701889,139.546646,facility_location,https://www.nvlu.ac.jp/universityinstitution/004.html/,facility_or_public_official,html_text,digital_agency_abr,1,residential_detail,residential_detail,building_candidate,accepted,,2026-09-06T16:34:45+00:00,f68c13f9d01fc5633f91526c5f79f8a099c06f316846edcd939ce417d58e7144,address_score=100
MUS-43a903e4e5a2,日本女子大学成瀬記念館,13105,文京区,東京都文京区目白台2丁目8番1号,東京都文京区目白台2丁目8番1号,,35.715923,139.721085,facility_location,https://museum.bunka.go.jp/guide/,existing_manifest_source,existing_manifest,digital_agency_abr,1,residential_detail,residential_detail,building_candidate,accepted,,2026-09-06T16:34:45+00:00,,
MUS-43bfff6046a9,野球殿堂博物館,13105,文京区,東京都文京区後楽1丁目3番61号,東京都文京区後楽1丁目3番61号,,35.703152,139.752151,facility_location,https://museum.bunka.go.jp/guide/,existing_manifest_source,existing_manifest,digital_agency_abr,1,residential_detail,residential_detail,building_candidate,accepted,,2026-09-06T16:34:45+00:00,,
MUS-4529d3c7bd8d,東京国立近代美術館,13101,千代田区,東京都千代田区北の丸公園3-1,東京都千代田区北の丸公園3-1,,35.690361,139.75444,facility_location,https://online.bunka.go.jp/museums/detail/178,agency_cultural_portal,structured_detail_page,digital_agency_abr,1,residential_block,residential_block,plateau_query,accepted,,2026-09-06T16:34:45+00:00,a9560a978deca065314960614ee4aa708eb586c94dc29a5069d671a36619eac4,
MUS-4a0e9a2ab05f,文京ふるさと歴史館,13105,文京区,東京都文京区本郷4丁目9番29号,東京都文京区本郷4丁目9番29号,,35.707962,139.756866,facility_location,https://www.city.bunkyo.lg.jp/b014/p004189.html,existing_manifest_source,existing_manifest,digital_agency_abr,1,residential_detail,residential_detail,building_candidate,accepted,,2026-09-06T16:34:45+00:00,,
MUS-4ad509aaa29b,明治大学大学史展示室｜明治大学阿久悠記念館,13101,千代田区,東京都千代田区神田駿河台1-1 明治大学アカデミーコモンB1,東京都千代田区神田駿河台1-1明治大学アカデミーコモンB1,101-8301,35.694004,139.753632,facility_location,https://museum.net.city.chiyoda.lg.jp/list/shisetsu/10.php,facility_or_public_official,html_text,digital_agency_abr,1,machiaza_detail,city,plateau_query,accepted,,2026-09-06T16:34:45+00:00,ded4126f301500bc22d2de51f9e15beb27e8cdb46626d6955ba33548bdda650c,address_score=90
MUS-4bfb46cb43b7,秋山庄太郎写真芸術館,13103,港区,東京都港区南青山4-18-9,東京都港区南青山4-18-9,,35.66349,139.717468,facility_location,https://www.minato-rekishi.com/musenet/museumlist.html,existing_manifest_source,existing_manifest,digital_agency_abr,1,residential_block,residential_block,plateau_query,accepted,,2026-09-06T16:34:45+00:00,,
MUS-4e034605d833,泉岳寺 赤穂義士記念館,13103,港区,東京都港区高輪2-11-1,東京都港区高輪2-11-1,,35.637306,139.736206,facility_location,https://www.minato-rekishi.com/musenet/museumlist.html,existing_manifest_source,existing_manifest,digital_agency_abr,1,residential_block,residential_block,plateau_query,accepted,,2026-09-06T16:34:45+00:00,,
MUS-4f5e953f810b,練馬区立美術館,13120,練馬区,東京都練馬区貫井1－36－16,東京都練馬区貫井1-36-16,176－0021,35.737694,139.635727,facility_location,https://www.neribun.or.jp/museum.html,facility_or_public_official,html_text,digital_agency_abr,1,residential_detail,residential_detail,building_candidate,accepted,,2026-09-06T16:34:45+00:00,e12e2a4e3dc4b0e9522248a8406e597c6ac55dfa4ad7a9519741b3441068fb43,address_score=115
MUS-4fd5bdd8906e,すみだ郷土文化資料館,13107,墨田区,東京都墨田区吾妻橋一丁目23番20号,東京都墨田区吾妻橋一丁目23番20号,130-8640,35.710602,139.801895,facility_location,https://www.city.sumida.lg.jp/sisetu_info/siryou/kyoudobunka/,facility_or_public_official,html_text,digital_agency_abr,1,residential_detail,residential_detail,building_candidate,accepted,,2026-09-06T16:34:45+00:00,904158a217db91741e42b0346361c99549d4592ec71b0ae4450c03cb255e1d1f,address_score=115
MUS-5067ff24b947,フジフイルム スクエア,13103,港区,東京都港区赤坂9-7-3 東京ミッドタウン,東京都港区赤坂9-7-3東京ミッドタウン,,35.65807,139.751602,facility_location,https://www.minato-rekishi.com/musenet/museumlist.html,existing_manifest_source,existing_manifest,digital_agency_abr,1,machiaza_detail,city,plateau_query,accepted,,2026-09-06T16:34:45+00:00,,
MUS-51d7f85b4908,杉野学園衣裳博物館,13109,品川区,東京都品川区上大崎4丁目6番19号,東京都品川区上大崎4丁目6番19号,,35.631489,139.71553,facility_location,https://online.bunka.go.jp/museums/detail/12211,agency_cultural_portal,structured_detail_page,digital_agency_abr,1,residential_detail,residential_detail,building_candidate,accepted,,2026-09-06T16:34:45+00:00,43589597fceac4f213f750ae264cfb9d1a207bd0892b2d982171463f36516b5d,
MUS-522dfebcf195,日本医科大学 済生学舎ギャラリー,13105,文京区,東京都文京区向丘2丁目20番7号,東京都文京区向丘2丁目20番7号,,35.721802,139.758331,facility_location,https://www.city.bunkyo.lg.jp/b014/p004189.html,existing_manifest_source,existing_manifest,digital_agency_abr,1,residential_detail,residential_detail,building_candidate,accepted,,2026-09-06T16:34:45+00:00,,
MUS-53cda5b66d39,東京都現代美術館,13108,江東区,東京都江東区三好4-1-1(木場公園内),東京都江東区三好4-1-1(木場公園内),135-0022,35.679321,139.80687,facility_location,https://www.mot-art-museum.jp/,facility_or_public_official,html_text,digital_agency_abr,1,residential_detail,residential_detail,building_candidate,accepted,,2026-09-06T16:34:45+00:00,3366d60e4e0dfa6f1e953999b89cc87b4c221236028f953c552c3c1645296742,address_score=115
MUS-551749fd6deb,石洞美術館,13121,足立区,東京都足立区千住橋戸町23番地,東京都足立区千住橋戸町23番地,120-0038,35.740192,139.797806,facility_location,https://sekido-museum.jp/,facility_or_public_official,html_text,digital_agency_abr,1,machiaza,machiaza,plateau_query,accepted,,2026-09-06T16:34:45+00:00,a3fcfd53627cb55f8f38296f6c61d5440ce7ee639db6ea6282ef81e9c38c3189,address_score=115
MUS-55a1b90abc63,渋沢史料館,13117,北区,東京都北区西ヶ原2-16-1,東京都北区西ヶ原2-16-1,114-0024,35.749142,139.739227,facility_location,https://www.shibusawa.or.jp/museum/index.html,facility_or_public_official,html_text,digital_agency_abr,1,residential_block,residential_block,plateau_query,accepted,,2026-09-06T16:34:45+00:00,7096fcd4d802b5840fa93ab26ad26cc486ce690ad462f1344d21dca9527a0aaa,address_score=140
MUS-5698dca17684,気象庁 気象科学館,13103,港区,東京都港区虎ノ門3-6-9,東京都港区虎ノ門3-6-9,,35.666004,139.745758,facility_location,https://www.minato-rekishi.com/musenet/museumlist.html,existing_manifest_source,existing_manifest,digital_agency_abr,1,residential_block,residential_block,plateau_query,accepted,,2026-09-06T16:34:45+00:00,,
MUS-5a38b0cc93c0,世田谷区立郷土資料館,13112,世田谷区,東京都世田谷区世田谷4丁目21番27号,東京都世田谷区世田谷4丁目21番27号,154-8504,35.646297,139.653458,facility_location,https://www.city.setagaya.lg.jp/bunkasports/shougaigakushuu/category/12536.html,facility_or_public_official,html_text,digital_agency_abr,1,residential_detail,residential_detail,building_candidate,accepted,,2026-09-06T16:34:45+00:00,811148d89ed9f3fd6f81fe034e81bbb978880bd5967f04175b381f9d404f4bf3,address_score=140
MUS-5b0a2692cdb0,鳩山会館,13105,文京区,東京都文京区音羽1丁目7番1号,東京都文京区音羽1丁目7番1号,,35.713551,139.730392,facility_location,https://www.city.bunkyo.lg.jp/b014/p004189.html,existing_manifest_source,existing_manifest,digital_agency_abr,1,residential_detail,residential_detail,building_candidate,accepted,,2026-09-06T16:34:45+00:00,,
MUS-5ba077e4f40c,科学技術館,13101,千代田区,東京都千代田区北の丸公園２番１号,東京都千代田区北の丸公園２番１号,,35.693916,139.749802,facility_location,https://www.jsf.or.jp/,facility_or_public_official,html_text,digital_agency_abr,1,residential_block,residential_block,plateau_query,accepted,,2026-09-06T16:34:45+00:00,48fe16f179f75407d238026a8bd628b67a26354683c52587ebb9c71145fbb2e9,address_score=115
MUS-5c466266da77,港区立郷土歴史館,13103,港区,東京都港区白金台4-6-2,東京都港区白金台4-6-2,,35.641048,139.723022,facility_location,https://www.minato-rekishi.com/musenet/museumlist.html,existing_manifest_source,existing_manifest,digital_agency_abr,1,residential_block,residential_block,plateau_query,accepted,,2026-09-06T16:34:45+00:00,,
MUS-5cf93e8d8a3b,船の科学館,13109,品川区,東京都品川区東八潮3-1,東京都品川区東八潮3-1,,35.621876,139.772415,facility_location,https://jcsm.jp/list/membership/,existing_manifest_source,existing_manifest,digital_agency_abr,1,residential_detail,residential_detail,building_candidate,accepted,,2026-09-06T16:34:45+00:00,,
MUS-5d010153218c,東洋大学井上円了記念博物館,13105,文京区,東京都文京区白山5丁目28番20号,東京都文京区白山5丁目28番20号,,35.724289,139.750763,facility_location,https://museum.bunka.go.jp/guide/,existing_manifest_source,existing_manifest,digital_agency_abr,1,residential_detail,residential_detail,building_candidate,accepted,,2026-09-06T16:34:45+00:00,,
MUS-5d8c5464bbdf,足立区立郷土博物館,13121,足立区,東京都足立区大谷田5-20-1,東京都足立区大谷田5-20-1,,35.78418,139.840439,facility_location,https://online.bunka.go.jp/museums/detail/12158,agency_cultural_portal,structured_detail_page,digital_agency_abr,1,residential_detail,residential_detail,building_candidate,accepted,,2026-09-06T16:34:45+00:00,a832134e2bfdcf4c0b21151be938ba07da022c5b01d806f57ebf0062355fbd6d,
MUS-613ba5d0ae30,国際基督教大学博物館湯浅八郎記念館,13204,三鷹市,東京都三鷹市大沢3-10-2,東京都三鷹市大沢3-10-2,,35.686474,139.527481,facility_location,https://online.bunka.go.jp/museums/detail/12193,agency_cultural_portal,structured_detail_page,digital_agency_abr,1,residential_block,residential_block,plateau_query,accepted,,2026-09-06T16:34:45+00:00,6665b2d043ffb583220c4557513920656b66a46f9c736c64660cf3b06e55c4ff,
MUS-63613e01b74e,明治大学中央図書館ギャラリー,13101,千代田区,東京都千代田区神田駿河台1-1リバティタワー1F,東京都千代田区神田駿河台1-1リバティタワー1F,,35.694004,139.753632,facility_location,https://museum.net.city.chiyoda.lg.jp/list/shisetsu/16.php,facility_or_public_official,html_text,digital_agency_abr,1,machiaza_detail,city,plateau_query,accepted,,2026-09-06T16:34:45+00:00,246f70eec4cabe627568887ff918ae3e4663b3a15987910a36dc5721911a357c,address_score=90
MUS-66358923c49f,二松学舎 大学資料展示室,13101,千代田区,東京都千代田区三番町6-16 二松学舎大学1号館B3F,東京都千代田区三番町6-16二松学舎大学1号館B3F,102-8336,35.690556,139.743591,facility_location,https://museum.net.city.chiyoda.lg.jp/list/shisetsu/26.php,facility_or_public_official,html_text,digital_agency_abr,1,parcel,machiaza,plateau_query,accepted,,2026-09-06T16:34:45+00:00,87ecd465ae09f97ca52d592d7d73163734276c086ecb75e012d9cec30ea76182,address_score=90
MUS-67701c04a67e,民音音楽博物館,13104,新宿区,東京都新宿区信濃町8番地,東京都新宿区信濃町8番地,160-8588,35.68227,139.719788,facility_location,https://museum.min-on.or.jp/guide/east/,facility_or_public_official,html_text,digital_agency_abr,1,machiaza,machiaza,plateau_query,accepted,,2026-09-06T16:34:45+00:00,81ece9f5a576770479939381468fe0108e145ee4335cddc6288de53f03e60f42,address_score=125
MUS-6831472ef464,村内美術館,13201,八王子市,東京都八王子市左入町787,東京都八王子市左入町787,,35.683014,139.344772,facility_location,https://online.bunka.go.jp/museums/detail/12299,agency_cultural_portal,structured_detail_page,digital_agency_abr,1,parcel,machiaza,plateau_query,accepted,,2026-09-06T16:34:45+00:00,7fc5e93e38bdc93c3147d71163540ca6b8ff9a0c0b74d1747c2f447e0a64546a,
MUS-69575acd7fbd,元町小学校歴史展示室,13105,文京区,東京都文京区本郷1丁目1番19号,東京都文京区本郷1丁目1番19号,,35.702991,139.758316,facility_location,https://www.city.bunkyo.lg.jp/b014/p004189.html,existing_manifest_source,existing_manifest,digital_agency_abr,1,residential_detail,residential_detail,building_candidate,accepted,,2026-09-06T16:34:45+00:00,,
MUS-6a41ca15d0f5,根津美術館,13103,港区,東京都港区南青山6-5-1,東京都港区南青山6-5-1,,35.660934,139.717087,facility_location,https://museum.bunka.go.jp/guide/,existing_manifest_source,existing_manifest,digital_agency_abr,1,residential_block,residential_block,plateau_query,accepted,,2026-09-06T16:34:45+00:00,,
MUS-6bcd97c46deb,三菱史料館,13105,文京区,東京都文京区湯島4丁目10番14号,東京都文京区湯島4丁目10番14号,,35.709835,139.766068,facility_location,https://www.city.bunkyo.lg.jp/b014/p004189.html,existing_manifest_source,existing_manifest,digital_agency_abr,1,residential_detail,residential_detail,building_candidate,accepted,,2026-09-06T16:34:45+00:00,,
MUS-6c8ec7a914cd,多摩動物公園,13212,日野市,東京都日野市程久保7-1-1,東京都日野市程久保7-1-1,,35.671349,139.394974,facility_location,https://museum.bunka.go.jp/guide/,existing_manifest_source,existing_manifest,digital_agency_abr,1,machiaza_detail,city,plateau_query,accepted,,2026-09-06T16:34:45+00:00,,
MUS-6ce023bc8c05,サンシャイン水族館,13116,豊島区,東京都豊島区東池袋3-1 サンシャインシティ,東京都豊島区東池袋3-1サンシャインシティ,,35.72929,139.719193,facility_location,https://www.jaza.jp/about-jaza/structure/list-aquarium,existing_manifest_source,existing_manifest,digital_agency_abr,1,residential_block,residential_block,plateau_query,accepted,,2026-09-06T16:34:45+00:00,,
MUS-6d198846657f,港区立みなと科学館,13103,港区,東京都港区虎ノ門3-6-9,東京都港区虎ノ門3-6-9,,35.666004,139.745758,facility_location,https://jcsm.jp/list/membership/,existing_manifest_source,existing_manifest,digital_agency_abr,1,residential_block,residential_block,plateau_query,accepted,,2026-09-06T16:34:45+00:00,,
MUS-6dca9cbab122,東村山ふるさと歴史館,13213,東村山市,東京都東村山市諏訪町１－６－３,東京都東村山市諏訪町１-６-３,,35.754623,139.468491,facility_location,https://online.bunka.go.jp/museums/detail/12279,agency_cultural_portal,structured_detail_page,digital_agency_abr,1,parcel,city,plateau_query,accepted,,2026-09-06T16:34:45+00:00,b54067df7abe5b987edf2a832e4fac5fb0b2ac69044e48a673e7b9bae71a4707,
MUS-6e7afe17ea5b,講道館 柔道資料館・図書館,13105,文京区,東京都文京区春日1丁目16番30号,東京都文京区春日1丁目16番30号,,35.707893,139.753555,facility_location,https://www.city.bunkyo.lg.jp/b014/p004189.html,existing_manifest_source,existing_manifest,digital_agency_abr,1,residential_detail,residential_detail,building_candidate,accepted,,2026-09-06T16:34:45+00:00,,
MUS-6f7d79ed5248,ヨックモックミュージアム,13103,港区,東京都港区南青山6-15−1,東京都港区南青山6-15-1,,35.659283,139.713913,facility_location,https://www.minato-rekishi.com/musenet/museumlist.html,existing_manifest_source,existing_manifest,digital_agency_abr,1,residential_block,residential_block,plateau_query,accepted,,2026-09-06T16:34:45+00:00,,
MUS-74d0265798bd,丸紅ギャラリー,13101,千代田区,東京都千代田区大手町1-4-2 丸紅ビル3F,東京都千代田区大手町1-4-2丸紅ビル3F,100-8088,35.690453,139.760025,facility_location,https://museum.net.city.chiyoda.lg.jp/list/shisetsu/31.php,facility_or_public_official,html_text,digital_agency_abr,1,residential_block,residential_block,plateau_query,accepted,,2026-09-06T16:34:45+00:00,98fb2ff53664583c1966825ce002dc6297779fe12aec6aae423835a4bbc4a8ab,address_score=90
MUS-74f48569201f,出光美術館,13101,千代田区,東京都千代田区丸の内3-1-1,東京都千代田区丸の内3-1-1,,35.676754,139.761078,facility_location,https://idemitsu-museum.or.jp/about/outline/,facility_or_public_official,html_text,digital_agency_abr,1,residential_block,residential_block,plateau_query,accepted,,2026-09-06T16:34:45+00:00,6d0859be5f1c88ccc7e812bd4333f4c888aa0b64542c54f8578615bbd0233ad9,address_score=150
MUS-76ab79655e20,国立新美術館,13103,港区,東京都港区六本木7-22-2,東京都港区六本木7-22-2,,35.665314,139.725174,facility_location,https://www.minato-rekishi.com/musenet/museumlist.html,existing_manifest_source,existing_manifest,digital_agency_abr,1,residential_block,residential_block,plateau_query,accepted,,2026-09-06T16:34:45+00:00,,
MUS-7ac45ed811fa,明治大学博物館,13101,千代田区,東京都千代田区神田駿河台1-1 アカデミーコモン地階,東京都千代田区神田駿河台1-1アカデミーコモン地階,101-8301,35.694004,139.753632,facility_location,https://www.meiji.ac.jp/museum/,facility_or_public_official,html_text,digital_agency_abr,1,machiaza_detail,city,plateau_query,accepted,,2026-09-06T16:34:45+00:00,7a2f97777a50faa045cca0cd5c579f5e817273ee74dfda3456209796b3418c5c,address_score=115
MUS-7b88b70cda47,岡本太郎記念館,13103,港区,東京都港区南青山6-1-19,東京都港区南青山6-1-19,,35.661964,139.716034,facility_location,https://www.minato-rekishi.com/musenet/museumlist.html,existing_manifest_source,existing_manifest,digital_agency_abr,1,residential_block,residential_block,plateau_query,accepted,,2026-09-06T16:34:45+00:00,,
MUS-7bdbbcaea24c,HOSEI ミュージアム,13101,千代田区,東京都千代田区九段北3-3-5 法政大学九段北校舎1F,東京都千代田区九段北3-3-5法政大学九段北校舎1F,102-0073,35.693733,139.740814,facility_location,https://museum.net.city.chiyoda.lg.jp/list/shisetsu/29.php,facility_or_public_official,html_text,digital_agency_abr,1,residential_detail,residential_detail,building_candidate,accepted,,2026-09-06T16:34:45+00:00,81f20a966037a11b73b4379aa8f8ff7c055ffdb8d59f42dfe66c14bd37100744,address_score=90
MUS-7cbedc47f65c,佐藤美術館,13104,新宿区,東京都新宿区大京町31-10,東京都新宿区大京町31-10,160-0015,35.683849,139.717041,facility_location,http://sato-museum.la.coocan.jp/,facility_or_public_official,html_text,digital_agency_abr,1,parcel,machiaza,plateau_query,accepted,,2026-09-06T16:34:45+00:00,4d63a5739006f33478a382a62c7e2e09b48dc0b20d651bc8bb81ec520ba937e6,address_score=115
MUS-8282bfcd5907,松岡美術館,13103,港区,東京都港区白金台5-12-6,東京都港区白金台5-12-6,,35.639927,139.721832,facility_location,https://www.minato-rekishi.com/musenet/museumlist.html,existing_manifest_source,existing_manifest,digital_agency_abr,1,residential_block,residential_block,plateau_query,accepted,,2026-09-06T16:34:45+00:00,,
MUS-82aebabc0693,虎屋 赤坂ギャラリー,13103,港区,東京都港区赤坂4-9-22,東京都港区赤坂4-9-22,,35.65807,139.751602,facility_location,https://www.minato-rekishi.com/musenet/museumlist.html,existing_manifest_source,existing_manifest,digital_agency_abr,1,machiaza_detail,city,plateau_query,accepted,,2026-09-06T16:34:45+00:00,,
MUS-83a00a8673c3,衆議院憲政記念館,13101,千代田区,東京都千代田区永田町1-8-1,東京都千代田区永田町1-8-1,100-0014,35.678917,139.745712,facility_location,https://museum.net.city.chiyoda.lg.jp/list/shisetsu/04.php,facility_or_public_official,html_text,digital_agency_abr,1,residential_block,residential_block,plateau_query,accepted,,2026-09-06T16:34:45+00:00,b9f6e1ca9eff29d0d66ee707459b108bb2273bc1218339df088abf796a541e3c,address_score=90
MUS-83ecd2d261da,日本大学文理学部資料館,13112,世田谷区,東京都世田谷区桜上水3-25-40 図書館棟1階,東京都世田谷区桜上水3-25-40図書館棟1階,156-8550,35.663368,139.634338,facility_location,https://chs.nihon-u.ac.jp/museum/,facility_or_public_official,html_text,digital_agency_abr,1,residential_detail,residential_detail,building_candidate,accepted,,2026-09-06T16:34:45+00:00,370c38ab19ed655758c29ba25df4895f06392847585213ee39bfcbd159b10ac0,address_score=90
MUS-84afc5895616,東京工芸大学芸術学部写大ギャラリー,13114,中野区,東京都中野区本町２-４-７ 5号館（芸術情報館）２Ｆ,東京都中野区本町２-４-７5号館（芸術情報館）２Ｆ,164-8678,35.692631,139.680573,facility_location,https://www.shadai.t-kougei.ac.jp,facility_or_public_official,html_text,digital_agency_abr,1,residential_block,residential_block,plateau_query,accepted,,2026-09-06T16:34:45+00:00,9f0741ac6207e3ac7c9255461a3556ddcd0a2fb885b2ab8799591096b7ecdbda,address_score=115
MUS-863686318cb0,日枝神社宝物殿,13101,千代田区,東京都千代田区永田町2-10-5,東京都千代田区永田町2-10-5,100-0014,35.67485,139.739838,facility_location,https://museum.net.city.chiyoda.lg.jp/list/shisetsu/12.php,facility_or_public_official,html_text,digital_agency_abr,1,residential_block,residential_block,plateau_query,accepted,,2026-09-06T16:34:45+00:00,9f564067119e9dc7b15181a07ba03d3276811fe205ebe12cc13390ba2d9623f2,address_score=90
MUS-8708d6999c0d,太田記念美術館,13113,渋谷区,東京都渋谷区神宮前1-10-10,東京都渋谷区神宮前1-10-10,150-0001,35.67057,139.704742,facility_location,https://www.ukiyoe-ota-muse.jp/,facility_or_public_official,html_text,digital_agency_abr,1,residential_detail,residential_detail,building_candidate,accepted,,2026-09-06T16:34:45+00:00,c43d39a534d36bc0559ad7eb8f3fdf6068e18c768c6a854de69d974ac3139690,address_score=115
MUS-87447d45a91c,和洋学園 硯友社文庫,13101,千代田区,東京都千代田区九段北1-12-12 和洋九段女子中学校高等学校内,東京都千代田区九段北1-12-12和洋九段女子中学校高等学校内,102-0073,35.696476,139.749069,facility_location,https://museum.net.city.chiyoda.lg.jp/list/shisetsu/32.php,facility_or_public_official,html_text,digital_agency_abr,1,residential_detail,residential_detail,building_candidate,accepted,,2026-09-06T16:34:45+00:00,26855108d84847936b1a38ff65403ac9e95a4cde11489f867e6650e5de0fdacd,address_score=90
MUS-874e9f22d9a9,町田リス園,13209,町田市,東京都町田市薬師台1-733-1,東京都町田市薬師台1-733-1,,35.546558,139.438522,facility_location,https://www.jaza.jp/about-jaza/structure/list-zoo,existing_manifest_source,existing_manifest,digital_agency_abr,1,parcel,city,plateau_query,accepted,,2026-09-06T16:34:45+00:00,,
MUS-8883e003c8c2,三菱一号館美術館,13101,千代田区,東京都千代田区丸の内2-6-2,東京都千代田区丸の内2-6-2,100-0005,35.678783,139.763062,facility_location,https://mimt.jp/access/,facility_or_public_official,html_text,digital_agency_abr,1,residential_block,residential_block,plateau_query,accepted,,2026-09-06T16:34:45+00:00,d88c930bb8341c2c61b94f0f906aa0de1271293afdfc49b907f40a2512033a4f,address_score=115
MUS-8a07d4c3ad5b,東京科学大学博物館,13110,目黒区,東京都目黒区大岡山2-12-1,東京都目黒区大岡山2-12-1,,35.606895,139.684875,facility_location,https://museum.bunka.go.jp/guide/,existing_manifest_source,existing_manifest,digital_agency_abr,1,residential_detail,residential_detail,building_candidate,accepted,,2026-09-06T16:34:45+00:00,,
MUS-8b4cb59b18ff,早稲田大学坪内博士記念演劇博物館,13104,新宿区,東京都新宿区西早稲田1-6-1,東京都新宿区西早稲田1-6-1,169-8050,35.708897,139.718689,facility_location,https://enpaku.w.waseda.jp/,facility_or_public_official,html_text,digital_agency_abr,1,residential_block,residential_block,plateau_query,accepted,,2026-09-06T16:34:45+00:00,dc63c1cc9fd67dd2ed8492f181e23cb3335ebf5e70c09103568e65c6695e3d8d,address_score=80
MUS-8bfc217e0022,実践女子学園香雪記念資料館,13113,渋谷区,東京都渋谷区東1-1-49 実践女子大学渋谷キャンパス内,東京都渋谷区東1-1-49実践女子大学渋谷キャンパス内,150-8538,35.658329,139.709839,facility_location,https://www.jissen.ac.jp/kosetsu/,facility_or_public_official,html_text,digital_agency_abr,1,residential_detail,residential_detail,building_candidate,accepted,,2026-09-06T16:34:45+00:00,181464a809bd0ea7489f3b226021d2e73c7b9ff4cc51fe14a9bc7c3f3e27b177,address_score=90
MUS-8d0ea4296399,東京都水道歴史館,13105,文京区,東京都文京区本郷2丁目7番1号,東京都文京区本郷2丁目7番1号,,35.702793,139.760788,facility_location,https://www.city.bunkyo.lg.jp/b014/p004189.html,existing_manifest_source,existing_manifest,digital_agency_abr,1,residential_detail,residential_detail,building_candidate,accepted,,2026-09-06T16:34:45+00:00,,
MUS-8d5832d989c6,紅ミュージアム,13103,港区,東京都港区南青山6-6-20 K's南青山ビル1階,東京都港区南青山6-6-20K's南青山ビル1階,,35.660114,139.717804,facility_location,https://www.minato-rekishi.com/musenet/museumlist.html,existing_manifest_source,existing_manifest,digital_agency_abr,1,residential_block,residential_block,plateau_query,accepted,,2026-09-06T16:34:45+00:00,,
MUS-8e2cf69e0c7a,成蹊学園史料館,13203,武蔵野市,東京都武蔵野市吉祥寺北町3-3-1,東京都武蔵野市吉祥寺北町3-3-1,180-8633,35.710575,139.572693,facility_location,https://www.seikei.ac.jp/gakuen/archive/,facility_or_public_official,html_text,digital_agency_abr,1,residential_detail,residential_detail,building_candidate,accepted,,2026-09-06T16:34:45+00:00,8dfcb9fd0351692058972409e7ac5faf7c779de8038d9b2de18782b728d9f12a,address_score=115
MUS-8e5e9fe2bc6a,お茶の水おりがみ会館,13105,文京区,東京都文京区湯島1丁目7番14号,東京都文京区湯島1丁目7番14号,,35.702946,139.765488,facility_location,https://www.city.bunkyo.lg.jp/b014/p004189.html,existing_manifest_source,existing_manifest,digital_agency_abr,1,residential_detail,residential_detail,building_candidate,accepted,,2026-09-06T16:34:45+00:00,,
MUS-8e6328fb6fb4,JPタワー学術文化総合ミュージアム インターメディアテク,13101,千代田区,東京都千代田区丸の内2-7-2 ＫＩＴＴＥ 2・3F,東京都千代田区丸の内2-7-2ＫＩＴＴＥ2・3F,100-7003,35.679085,139.764679,facility_location,https://museum.net.city.chiyoda.lg.jp/list/shisetsu/21.php,facility_or_public_official,html_text,digital_agency_abr,1,residential_block,residential_block,plateau_query,accepted,,2026-09-06T16:34:45+00:00,bab50f6280904ebeeda264a8fc573c7068661b70504a20f583616448ab154859,address_score=90
MUS-8f5af06f8e57,今井館,13105,文京区,東京都文京区本駒込6丁目11番15号,東京都文京区本駒込6丁目11番15号,,35.730854,139.746094,facility_location,https://www.city.bunkyo.lg.jp/b014/p004189.html,existing_manifest_source,existing_manifest,digital_agency_abr,1,residential_detail,residential_detail,building_candidate,accepted,,2026-09-06T16:34:45+00:00,,
MUS-907ddf044ee3,共同通信社 ニュースアート,13103,港区,東京都港区東新橋1-7-1 汐留メディアタワー,東京都港区東新橋1-7-1汐留メディアタワー,,35.662071,139.759125,facility_location,https://www.minato-rekishi.com/musenet/museumlist.html,existing_manifest_source,existing_manifest,digital_agency_abr,1,residential_block,residential_block,plateau_query,accepted,,2026-09-06T16:34:45+00:00,,
MUS-91e76427b3ff,慶應義塾大学アート・センター,13103,港区,東京都港区三田2-15-45,東京都港区三田2-15-45,,35.648708,139.74234,facility_location,https://museum.bunka.go.jp/guide/,existing_manifest_source,existing_manifest,digital_agency_abr,1,residential_block,residential_block,plateau_query,accepted,,2026-09-06T16:34:45+00:00,,
MUS-91eb434b1f47,物流博物館,13103,港区,東京都港区高輪4-7-15,東京都港区高輪4-7-15,,35.629215,139.732727,facility_location,https://museum.bunka.go.jp/guide/,existing_manifest_source,existing_manifest,digital_agency_abr,1,residential_block,residential_block,plateau_query,accepted,,2026-09-06T16:34:45+00:00,,
MUS-93148e99ad25,ＮＨＫ放送博物館,13103,港区,東京都港区愛宕2-1-1,東京都港区愛宕2-1-1,,35.663872,139.748337,facility_location,https://museum.bunka.go.jp/guide/,existing_manifest_source,existing_manifest,digital_agency_abr,1,residential_block,residential_block,plateau_query,accepted,,2026-09-06T16:34:45+00:00,,
MUS-9807faa03bcb,江戸川区自然動物園,13123,江戸川区,東京都江戸川区北葛西3-2-1,東京都江戸川区北葛西3-2-1,,35.671516,139.858459,facility_location,https://www.jaza.jp/about-jaza/structure/list-zoo,existing_manifest_source,existing_manifest,digital_agency_abr,1,residential_detail,residential_detail,building_candidate,accepted,,2026-09-06T16:34:45+00:00,,
MUS-987f00e0bdd9,國學院大學博物館,13113,渋谷区,東京都渋谷区東4-10-28,東京都渋谷区東4-10-28,150-8440,35.655972,139.711365,facility_location,https://museum.kokugakuin.ac.jp/,facility_or_public_official,html_text,digital_agency_abr,1,residential_detail,residential_detail,building_candidate,accepted,,2026-09-06T16:34:45+00:00,00dd953f291e22a8c4c1c7e101d22202c10d76ddbcc2b4f1f62184a9f17314d2,address_score=115
MUS-9bc5f5f13c4e,日本民藝館,13110,目黒区,東京都目黒区駒場4-3-33,東京都目黒区駒場4-3-33,153-0041,35.660908,139.679062,facility_location,https://mingeikan.or.jp/,facility_or_public_official,html_text,digital_agency_abr,1,residential_detail,residential_detail,building_candidate,accepted,,2026-09-06T16:34:45+00:00,92b20991a90f40362baa8d8a19b8931f2e21eb8527500d05314c2c57e7c5af94,address_score=115
MUS-9fc5c645bc44,赤十字情報プラザ,13103,港区,東京都港区芝大門1-1-3,東京都港区芝大門1-1-3,,35.659733,139.753326,facility_location,https://www.minato-rekishi.com/musenet/museumlist.html,existing_manifest_source,existing_manifest,digital_agency_abr,1,residential_block,residential_block,plateau_query,accepted,,2026-09-06T16:34:45+00:00,,
MUS-a05dd0225aa2,切手の博物館,13116,豊島区,東京都豊島区目白1-4-23,東京都豊島区目白1-4-23,,35.718384,139.705963,facility_location,https://kitte-museum.jp/guide/access/,facility_official,verified_override,digital_agency_abr,1,residential_detail,residential_detail,building_candidate,accepted,,2026-09-06T16:34:45+00:00,,施設公式アクセスページで所在地を確認 2026-09-06
MUS-a05fae49039a,21_21 DESIGN SIGHT,13103,港区,東京都港区赤坂9-7-6 東京ミッドタウン ミッドタウン・ガーデン,東京都港区赤坂9-7-6東京ミッドタウンミッドタウン・ガーデン,,35.65807,139.751602,facility_location,https://www.minato-rekishi.com/musenet/museumlist.html,existing_manifest_source,existing_manifest,digital_agency_abr,1,machiaza_detail,city,plateau_query,accepted,,2026-09-06T16:34:45+00:00,,
MUS-a35792eef1c2,たばこと塩の博物館,13107,墨田区,東京都墨田区横川1-16-3,東京都墨田区横川1-16-3,,35.705818,139.809006,facility_location,https://jcsm.jp/list/membership/,existing_manifest_source,existing_manifest,digital_agency_abr,1,residential_detail,residential_detail,building_candidate,accepted,,2026-09-06T16:34:45+00:00,,
MUS-a44cfd6cc5c2,皇居三の丸尚蔵館,13101,千代田区,東京都千代田区千代田1-8 皇居東御苑内,東京都千代田区千代田1-8皇居東御苑内,100-0001,35.686626,139.748642,facility_location,https://shozokan.nich.go.jp/visit/access,national_institution_official,verified_override,digital_agency_abr,1,residential_block,residential_block,plateau_query,accepted,,2026-09-06T16:34:45+00:00,,国立施設公式交通アクセスで所在地を確認 2026-09-06
MUS-a5eeb719597b,味の素グループ 食とくらしの小さな博物館,13103,港区,東京都港区高輪3-13-65,東京都港区高輪3-13-65,,35.63269,139.732971,facility_location,https://www.minato-rekishi.com/musenet/museumlist.html,existing_manifest_source,existing_manifest,digital_agency_abr,1,residential_block,residential_block,plateau_query,accepted,,2026-09-06T16:34:45+00:00,,
MUS-a6d4544423a3,昭和天皇記念館,13202,立川市,東京都立川市緑町3173 花みどり文化センター内,東京都立川市緑町3173花みどり文化センター内,190-0014,35.707447,139.404404,facility_location,https://f-showa.or.jp/museum/,facility_or_public_official,html_text,digital_agency_abr,1,machiaza,machiaza,plateau_query,accepted,,2026-09-06T16:34:45+00:00,09dc0501fdc9c075a7e37c00f2713f02894d83ec2e170d11e8e89169f4afaf2e,address_score=125
MUS-a77d4b366be2,東京家政学院生活文化博物館,13209,町田市,東京都町田市相原町2600,東京都町田市相原町2600,,35.61293,139.30072,facility_location,https://www.kasei-gakuin.ac.jp/campuslife/museum/,facility_or_public_official,html_text,digital_agency_abr,1,machiaza,machiaza,plateau_query,accepted,,2026-09-06T16:34:45+00:00,c0135fa324d5ecd0339abc72c8aff5bfa1aff93700835ef7d20964a5229c5dca,address_score=115
MUS-a7bc9c0ef912,東大和市立郷土博物館,13220,東大和市,東京都東大和市中央3-930,東京都東大和市中央3-930,207-8585,35.745552,139.426147,facility_location,https://www.city.higashiyamato.lg.jp/bunkasports/museum/index.html,facility_or_public_official,html_text,digital_agency_abr,1,parcel,machiaza_detail,plateau_query,accepted,,2026-09-06T16:34:45+00:00,d3bfd6ed7fc3221dd27ccd3e27fc6d22a0fad595900b1bc34816064bb41bd52b,address_score=125
MUS-aa0de6e57507,一般財団法人 千秋文庫,13101,千代田区,東京都千代田区九段南2-1-32,東京都千代田区九段南2-1-32,102-0074,35.692581,139.746307,facility_location,https://museum.net.city.chiyoda.lg.jp/list/shisetsu/06.php,facility_or_public_official,html_text,digital_agency_abr,1,residential_detail,residential_detail,building_candidate,accepted,,2026-09-06T16:34:45+00:00,c2c55a5bfcbe18fa91da9ba9581dee36fecd7041e31e6c029622f2c066ded511,address_score=90
MUS-aa1609d7a998,史跡湯島聖堂 財団法人斯文会,13105,文京区,東京都文京区湯島1丁目4番25号 湯島聖堂内,東京都文京区湯島1丁目4番25号湯島聖堂内,,35.699715,139.766891,facility_location,https://www.city.bunkyo.lg.jp/b014/p004189.html,existing_manifest_source,existing_manifest,digital_agency_abr,1,residential_detail,residential_detail,building_candidate,accepted,,2026-09-06T16:34:45+00:00,,
MUS-aa72866cf092,東京農業大学「食と農」の博物館,13112,世田谷区,東京都世田谷区上用賀2-4-28,東京都世田谷区上用賀2-4-28,158-0098,35.638912,139.632034,facility_location,https://www.nodai.ac.jp/campus/facilities/syokutonou/,facility_or_public_official,html_text,digital_agency_abr,1,residential_detail,residential_detail,building_candidate,accepted,,2026-09-06T16:34:45+00:00,a6f336ac85ca5c353e8d2891714e7a77b366ae295ddab46ce2cf5d0fc00240ed,address_score=100
MUS-aabc3cacbbbf,東京富士美術館,13201,八王子市,東京都八王子市谷野町492-1,東京都八王子市谷野町492-1,,35.685417,139.325089,facility_location,https://online.bunka.go.jp/museums/detail/12257,agency_cultural_portal,structured_detail_page,digital_agency_abr,1,parcel,machiaza,plateau_query,accepted,,2026-09-06T16:34:45+00:00,12028b1cab607135f03194a60e95660763bfac59abfe8ef5f3b8b5acb2e9b7e5,
MUS-ac49a46ba464,東京オペラシティアートギャラリー,13104,新宿区,東京都新宿区西新宿3-20-2,東京都新宿区西新宿3-20-2,163-1403,35.684101,139.685852,facility_location,https://www.operacity.jp/ag/access/,facility_official,verified_override,digital_agency_abr,1,residential_detail,residential_detail,building_candidate,accepted,,2026-09-06T16:34:45+00:00,,施設公式アクセスページで所在地を確認 2026-09-06
MUS-acce509ac8c5,サントリー美術館,13103,港区,東京都港区赤坂9-7-4 東京ミッドタウン ガレリア3階,東京都港区赤坂9-7-4東京ミッドタウンガレリア3階,,35.65807,139.751602,facility_location,https://www.minato-rekishi.com/musenet/museumlist.html,existing_manifest_source,existing_manifest,digital_agency_abr,1,machiaza_detail,city,plateau_query,accepted,,2026-09-06T16:34:45+00:00,,
MUS-ad8f78f2afa3,昭和館,13101,千代田区,東京都千代田区九段南1-6-1,東京都千代田区九段南1-6-1,102-0074,35.695198,139.75116,facility_location,https://museum.net.city.chiyoda.lg.jp/list/shisetsu/05.php,facility_or_public_official,html_text,digital_agency_abr,1,residential_detail,residential_detail,building_candidate,accepted,,2026-09-06T16:34:45+00:00,a4450b54c613f19c60631abfade54e784ac59ca937a29339b73cef6fe12dae4a,address_score=90
MUS-ae6d2973f2dc,恩賜上野動物園,13106,台東区,東京都台東区上野公園9-83,東京都台東区上野公園9-83,,35.715878,139.772903,facility_location,https://museum.bunka.go.jp/guide/,existing_manifest_source,existing_manifest,digital_agency_abr,1,residential_detail,residential_detail,building_candidate,accepted,,2026-09-06T16:34:45+00:00,,
MUS-af7b3a0e9e17,お茶の文化創造博物館,13103,港区,東京都港区東新橋1-5-3 旧新橋停車場内,東京都港区東新橋1-5-3旧新橋停車場内,105-0021,35.665634,139.761398,facility_location,https://www.ochamuseum.jp/culture/,facility_or_public_official,html_text,digital_agency_abr,1,residential_block,residential_block,plateau_query,accepted,,2026-09-06T16:34:45+00:00,3d170979d6bbd20cbe7469f60c82e0f5b409c44363804f6ef3b7492c1ba58efe,address_score=125
MUS-b00f6cb907cf,こども鉱物館,13113,渋谷区,東京都渋谷区神宮前2-30-4,東京都渋谷区神宮前2-30-4,,35.67448,139.709412,facility_location,https://jcsm.jp/list/membership/,existing_manifest_source,existing_manifest,digital_agency_abr,1,residential_detail,residential_detail,building_candidate,accepted,,2026-09-06T16:34:45+00:00,,
MUS-b0193cd67f25,国立科学博物館附属自然教育園,13103,港区,東京都港区白金台5-21-5,東京都港区白金台5-21-5,,35.636604,139.719666,facility_location,https://www.minato-rekishi.com/musenet/museumlist.html,existing_manifest_source,existing_manifest,digital_agency_abr,1,residential_block,residential_block,plateau_query,accepted,,2026-09-06T16:34:45+00:00,,
MUS-b0b7f7db66da,トーキョーアーツアンドスペース本郷,13105,文京区,東京都文京区本郷2丁目4番16号,東京都文京区本郷2丁目4番16号,,35.70303,139.759277,facility_location,https://www.city.bunkyo.lg.jp/b014/p004189.html,existing_manifest_source,existing_manifest,digital_agency_abr,1,residential_detail,residential_detail,building_candidate,accepted,,2026-09-06T16:34:45+00:00,,
MUS-b0da587ad20c,キヤノンギャラリー S,13103,港区,東京都港区港南2-16-6 キヤノン S タワー,東京都港区港南2-16-6キヤノンSタワー,,35.626488,139.740677,facility_location,https://www.minato-rekishi.com/musenet/museumlist.html,existing_manifest_source,existing_manifest,digital_agency_abr,1,residential_block,residential_block,plateau_query,accepted,,2026-09-06T16:34:45+00:00,,
MUS-b2f65beb4419,古賀政男音楽博物館,13113,渋谷区,東京都渋谷区上原三丁目6-12,東京都渋谷区上原三丁目6-12,151-0064,35.668114,139.679489,facility_location,https://www.koga.or.jp/access/,facility_official,verified_override,digital_agency_abr,1,residential_detail,residential_detail,building_candidate,accepted,,2026-09-06T16:34:45+00:00,,施設公式アクセスページで所在地を確認 2026-09-06
MUS-b3177c863a13,肥後細川庭園,13105,文京区,東京都文京区目白台1丁目1番22号,東京都文京区目白台1丁目1番22号,,35.713047,139.721603,facility_location,https://www.city.bunkyo.lg.jp/b014/p004189.html,existing_manifest_source,existing_manifest,digital_agency_abr,1,residential_detail,residential_detail,building_candidate,accepted,,2026-09-06T16:34:45+00:00,,
MUS-b3ab9afa5fce,森美術館,13103,港区,東京都港区六本木6-10-1 六本木ヒルズ森タワー53階,東京都港区六本木6-10-1六本木ヒルズ森タワー53階,,35.660206,139.729202,facility_location,https://museum.bunka.go.jp/guide/,existing_manifest_source,existing_manifest,digital_agency_abr,1,residential_block,residential_block,plateau_query,accepted,,2026-09-06T16:34:45+00:00,,
MUS-b3c22e2a74a0,福澤諭吉記念 慶應義塾史展示館,13103,港区,東京都港区三田2-15-45,東京都港区三田2-15-45,,35.648708,139.74234,facility_location,https://www.minato-rekishi.com/musenet/museumlist.html,existing_manifest_source,existing_manifest,digital_agency_abr,1,residential_block,residential_block,plateau_query,accepted,,2026-09-06T16:34:45+00:00,,
MUS-b4756a69b0d4,千代田区立千代田図書館,13101,千代田区,東京都千代田区九段南1-2-1 千代田区役所9・10F,東京都千代田区九段南1-2-1千代田区役所9・10F,102-8688,35.693947,139.75354,facility_location,https://museum.net.city.chiyoda.lg.jp/list/shisetsu/17.php,facility_or_public_official,html_text,digital_agency_abr,1,residential_block,residential_block,plateau_query,accepted,,2026-09-06T16:34:45+00:00,40b1405be36eec2685a5bd41d80bb7fa2a817c1d9d8278c20b111ac2dc6f7f57,address_score=90
MUS-b6703bad8a66,文京アカデミー,13105,文京区,東京都文京区春日1丁目16番21号,東京都文京区春日1丁目16番21号,,35.708336,139.752411,facility_location,https://www.city.bunkyo.lg.jp/b014/p004189.html,existing_manifest_source,existing_manifest,digital_agency_abr,1,residential_detail,residential_detail,building_candidate,accepted,,2026-09-06T16:34:45+00:00,,
MUS-b699150007fe,東京都庭園美術館,13103,港区,東京都港区白金台5-21-9,東京都港区白金台5-21-9,,35.636604,139.719666,facility_location,https://museum.bunka.go.jp/guide/,existing_manifest_source,existing_manifest,digital_agency_abr,1,residential_block,residential_block,plateau_query,accepted,,2026-09-06T16:34:45+00:00,,
MUS-b838f8bc471d,東洋学園大学 東洋学園史料室,13105,文京区,東京都文京区本郷1丁目26番3号,東京都文京区本郷1丁目26番3号,,35.704567,139.757568,facility_location,https://www.city.bunkyo.lg.jp/b014/p004189.html,existing_manifest_source,existing_manifest,digital_agency_abr,1,residential_detail,residential_detail,building_candidate,accepted,,2026-09-06T16:34:45+00:00,,
MUS-baccde587599,東京都立中央図書館,13103,港区,東京都港区南麻布5-7-13,東京都港区南麻布5-7-13,,35.652203,139.725845,facility_location,https://www.minato-rekishi.com/musenet/museumlist.html,existing_manifest_source,existing_manifest,digital_agency_abr,1,residential_block,residential_block,plateau_query,accepted,,2026-09-06T16:34:45+00:00,,
MUS-badcfdf9f3ff,六義園,13105,文京区,東京都文京区本駒込6丁目16番3号,東京都文京区本駒込6丁目16番3号,,35.732399,139.748367,facility_location,https://www.city.bunkyo.lg.jp/b014/p004189.html,existing_manifest_source,existing_manifest,digital_agency_abr,1,residential_detail,residential_detail,building_candidate,accepted,,2026-09-06T16:34:45+00:00,,
MUS-bb9a2e40fe65,東京都写真美術館,13110,目黒区,東京都目黒区三田1-13-3 恵比寿ガーデンプレイス内,東京都目黒区三田1-13-3恵比寿ガーデンプレイス内,153-0062,35.642181,139.715027,facility_location,https://topmuseum.jp/,facility_or_public_official,html_text,digital_agency_abr,1,residential_detail,residential_detail,building_candidate,accepted,,2026-09-06T16:34:45+00:00,2459e23124c42c98da75e0c725440687fc8fac6f18600b7b45552b5da6bcbbc7,address_score=115
MUS-bbad9241562a,戸栗美術館,13113,渋谷区,東京都渋谷区松濤1-11-3,東京都渋谷区松濤1-11-3,150-0046,35.661343,139.692902,facility_location,https://www.toguri-museum.or.jp/,facility_or_public_official,html_text,digital_agency_abr,1,residential_detail,residential_detail,building_candidate,accepted,,2026-09-06T16:34:45+00:00,49eef966ea353973924e74d3a42bf27bab1e921a05011b865ab25540fcd71232,address_score=115
MUS-bc6384c2484f,井の頭自然文化園,13203,武蔵野市,東京都武蔵野市御殿山1-17-6,東京都武蔵野市御殿山1-17-6,,35.700573,139.573074,facility_location,https://museum.bunka.go.jp/guide/,existing_manifest_source,existing_manifest,digital_agency_abr,1,residential_detail,residential_detail,building_candidate,accepted,,2026-09-06T16:34:45+00:00,,
MUS-bc9a5e58eb9e,SOMPO美術館,13104,新宿区,東京都新宿区西新宿1-26-1,東京都新宿区西新宿1-26-1,160-8338,35.692894,139.696777,facility_location,https://www.sompo-museum.org/,facility_or_public_official,html_text,digital_agency_abr,1,residential_detail,residential_detail,building_candidate,accepted,,2026-09-06T16:34:45+00:00,dbe8ddac85ae29c145011395a00c43f9476ccdcc63e8b9a27e434681c7c2561c,address_score=115
MUS-beb0e8f2c733,世田谷区立世田谷美術館,13112,世田谷区,東京都世田谷区砧公園1-2,東京都世田谷区砧公園1-2,157-0075,35.631271,139.619598,facility_location,https://www.setagayaartmuseum.or.jp/guide/access/,public_facility_official,verified_override,digital_agency_abr,1,residential_block,residential_block,plateau_query,accepted,,2026-09-06T16:34:45+00:00,,施設公式交通案内で所在地を確認 2026-09-06
MUS-bee2e40cf172,東京消防庁消防防災資料センター消防博物館,13104,新宿区,東京都新宿区四谷3ｰ10,東京都新宿区四谷3ｰ10,,35.688019,139.720749,facility_location,https://jcsm.jp/list/membership/,existing_manifest_source,existing_manifest,digital_agency_abr,1,machiaza_detail,machiaza_detail,plateau_query,accepted,,2026-09-06T16:34:45+00:00,,
MUS-beff68edcd86,学校法人城西大学 水田記念博物館 大石化石ギャラリー,13101,千代田区,東京都千代田区平河町2-3-20 学校法人城西大学東京紀尾井町キャンパス3 号棟B1F,東京都千代田区平河町2-3-20学校法人城西大学東京紀尾井町キャンパス3号棟B1F,102-0093,35.682148,139.740479,facility_location,https://museum.net.city.chiyoda.lg.jp/list/shisetsu/22.php,facility_or_public_official,html_text,digital_agency_abr,1,residential_detail,residential_detail,building_candidate,accepted,,2026-09-06T16:34:45+00:00,840671d2305d76ec7e176cd78f239b2861a1d0de18af00c5ec111c6d258bed7c,address_score=90
MUS-bfbd49f33ea5,アドミュージアム東京,13103,港区,東京都港区東新橋1-8-2 カレッタ汐留,東京都港区東新橋1-8-2カレッタ汐留,,35.664555,139.762268,facility_location,https://museum.bunka.go.jp/guide/,existing_manifest_source,existing_manifest,digital_agency_abr,1,residential_block,residential_block,plateau_query,accepted,,2026-09-06T16:34:45+00:00,,
MUS-c00e3681f9d4,TOTOギャラリー・間,13103,港区,東京都港区南青山1-24-3 TOTO乃木坂ビル3階,東京都港区南青山1-24-3TOTO乃木坂ビル3階,,35.667244,139.726364,facility_location,https://www.minato-rekishi.com/musenet/museumlist.html,existing_manifest_source,existing_manifest,digital_agency_abr,1,residential_block,residential_block,plateau_query,accepted,,2026-09-06T16:34:45+00:00,,
MUS-c14b9cb1fec7,東京大学医学部附属病院健康と医学の博物館,13105,文京区,東京都文京区本郷7丁目3番1号,東京都文京区本郷7丁目3番1号,,35.711712,139.760696,facility_location,https://www.city.bunkyo.lg.jp/b014/p004189.html,existing_manifest_source,existing_manifest,digital_agency_abr,1,residential_block,residential_block,plateau_query,accepted,,2026-09-06T16:34:45+00:00,,
MUS-c21cc2d3c247,日本カメラ博物館,13101,千代田区,東京都千代田区一番町25番地JCII一番町ビル,東京都千代田区一番町25番地JCII一番町ビル,102-0082,35.687351,139.741516,facility_location,https://www.jcii-cameramuseum.jp/,facility_or_public_official,html_text,digital_agency_abr,1,machiaza,machiaza,plateau_query,accepted,,2026-09-06T16:34:45+00:00,377c4576db43553355f7781595d194d9c1e5e07f95a05ac9306ed62fcb6649eb,address_score=115
MUS-c2d2b1dc8a95,東京ドームシティGallery AaMo,13105,文京区,東京都文京区後楽1丁目3番61号,東京都文京区後楽1丁目3番61号,,35.703152,139.752151,facility_location,https://www.city.bunkyo.lg.jp/b014/p004189.html,existing_manifest_source,existing_manifest,digital_agency_abr,1,residential_detail,residential_detail,building_candidate,accepted,,2026-09-06T16:34:45+00:00,,
MUS-c3079c129a21,大倉集古館,13103,港区,東京都港区虎ノ門2-10-3,東京都港区虎ノ門2-10-3,,35.667309,139.744186,facility_location,https://museum.bunka.go.jp/guide/,existing_manifest_source,existing_manifest,digital_agency_abr,1,residential_block,residential_block,plateau_query,accepted,,2026-09-06T16:34:45+00:00,,
MUS-c44dcf07f3ef,竹久夢二美術館,13105,文京区,東京都文京区弥生2丁目4番2号,東京都文京区弥生2丁目4番2号,,35.714741,139.763458,facility_location,https://www.city.bunkyo.lg.jp/b014/p004189.html,existing_manifest_source,existing_manifest,digital_agency_abr,1,residential_detail,residential_detail,building_candidate,accepted,,2026-09-06T16:34:45+00:00,,
MUS-c7c803cc4241,東京都立大島公園,13361,大島町,東京都大島町泉津字福重2号,東京都大島町泉津字福重2号,,34.750057,139.355621,facility_location,https://www.jaza.jp/about-jaza/structure/list-zoo,existing_manifest_source,existing_manifest,digital_agency_abr,0.78,machiaza_detail,city,plateau_query,accepted,,2026-09-06T16:34:45+00:00,,
MUS-c80769bd368e,荏原 畠山美術館,13103,港区,東京都港区白金台2-20-12,東京都港区白金台2-20-12,,35.632923,139.727036,facility_location,https://www.minato-rekishi.com/musenet/museumlist.html,existing_manifest_source,existing_manifest,digital_agency_abr,1,residential_block,residential_block,plateau_query,accepted,,2026-09-06T16:34:45+00:00,,
MUS-c84f6b61acab,静嘉堂文庫美術館（静嘉堂＠丸の内）,13101,千代田区,東京都千代田区丸の内2-1-1 明治生命館1F,東京都千代田区丸の内2-1-1明治生命館1F,100-0005,35.679062,139.761841,facility_location,https://museum.net.city.chiyoda.lg.jp/list/shisetsu/30.php,facility_or_public_official,html_text,digital_agency_abr,1,residential_block,residential_block,plateau_query,accepted,,2026-09-06T16:34:45+00:00,30378d2616d2d5a07c639c33e6395118c7ba91917274e0fa932411dcb07e62dd,address_score=90
MUS-ca2d0804f132,外務省外交史料館展示室,13103,港区,東京都港区麻布台1-3-1 麻布台ヒルズ森JPタワー5階,東京都港区麻布台1-3-1麻布台ヒルズ森JPタワー5階,,35.661549,139.740921,facility_location,https://www.minato-rekishi.com/musenet/museumlist.html,existing_manifest_source,existing_manifest,digital_agency_abr,1,residential_block,residential_block,plateau_query,accepted,,2026-09-06T16:34:45+00:00,,
MUS-ccb9d4d0e278,賀川豊彦記念松沢資料館,13112,世田谷区,東京都世田谷区上北沢 3-8-19,東京都世田谷区上北沢3-8-19,156-0057,35.668026,139.62587,facility_location,https://www.t-kagawa.or.jp/,facility_or_public_official,html_text,digital_agency_abr,1,residential_detail,residential_detail,building_candidate,accepted,,2026-09-06T16:34:45+00:00,9df2599feadc0c33ea72568a6fd632e806ffb499f23b5d96542a313bc5420b15,address_score=125
MUS-cd5b965a18fa,半蔵門ミュージアム,13101,千代田区,東京都千代田区一番町25,東京都千代田区一番町25,102-0082,35.687351,139.741516,facility_location,https://museum.net.city.chiyoda.lg.jp/list/shisetsu/28.php,facility_or_public_official,html_text,digital_agency_abr,1,machiaza,machiaza,plateau_query,accepted,,2026-09-06T16:34:45+00:00,da8e2f9cf33e4701622e9774500e99b8a38eaa42031817fab785999876717fa7,address_score=90
MUS-d0fbe6f932e1,日本書道美術館,13119,板橋区,東京都板橋区常盤台１－３－１,東京都板橋区常盤台１-３-１,１７４－８６８８,35.759655,139.690277,facility_location,https://shodo-bijutsukan.or.jp/,facility_or_public_official,html_text,digital_agency_abr,1,residential_detail,residential_detail,building_candidate,accepted,,2026-09-06T16:34:45+00:00,bd309f4140e8132863824295076a0c982240725d382e63acc487dbd406c2bc28,address_score=115
MUS-d22342b93c71,日本科学未来館,13108,江東区,東京都江東区青海2-3-6,東京都江東区青海2-3-6,,35.620018,139.776657,facility_location,https://jcsm.jp/list/membership/,existing_manifest_source,existing_manifest,digital_agency_abr,1,residential_detail,residential_detail,building_candidate,accepted,,2026-09-06T16:34:45+00:00,,
MUS-d45902c78678,北里柴三郎記念博物館,13103,港区,東京都港区白金5-9-1,東京都港区白金5-9-1,,35.645351,139.725525,facility_location,https://museum.bunka.go.jp/guide/,existing_manifest_source,existing_manifest,digital_agency_abr,1,residential_block,residential_block,plateau_query,accepted,,2026-09-06T16:34:45+00:00,,
MUS-d6ba861ed652,しょうけい館（戦傷病者史料館）,13101,千代田区,東京都千代田区九段北1-11-5 グリーンオーク九段2F,東京都千代田区九段北1-11-5グリーンオーク九段2F,102-0073,35.696903,139.751083,facility_location,https://museum.net.city.chiyoda.lg.jp/list/shisetsu/14.php,facility_or_public_official,html_text,digital_agency_abr,1,residential_detail,residential_detail,building_candidate,accepted,,2026-09-06T16:34:45+00:00,d20cb792da3d37486d649a8251326545345656704b8e84f82e419ff0c733f351,address_score=90
MUS-d70b70a2e8ea,五島美術館,13112,世田谷区,東京都世田谷区上野毛3-9-25,東京都世田谷区上野毛3-9-25,158-8510,35.612129,139.635254,facility_location,https://www.gotoh-museum.or.jp/,facility_or_public_official,html_text,digital_agency_abr,1,residential_block,residential_block,plateau_query,accepted,,2026-09-06T16:34:45+00:00,266e2c3bedaa5160b0ec44e0731d21fa79109f565ad64d565ffc7c13e1ef43d8,address_score=115
MUS-d7c53e1f914c,上野の森美術館,13106,台東区,東京都台東区上野公園 1-2,東京都台東区上野公園1-2,110-0007,35.710598,139.77356,facility_location,https://www.ueno-mori.org/about/,facility_or_public_official,html_text,digital_agency_abr,1,residential_detail,residential_detail,building_candidate,accepted,,2026-09-06T16:34:45+00:00,48ab566dd59819130a1e2ceb63d70f650b7b483f3debb72c88b66e4a71eb7530,address_score=125
MUS-d8536b1cd553,家具の博物館,13207,昭島市,東京都昭島市中神町1148,東京都昭島市中神町1148,196-0022,35.712395,139.379578,facility_location,https://www.kaguhaku.or.jp/,facility_or_public_official,html_text,digital_agency_abr,1,machiaza,machiaza,plateau_query,accepted,,2026-09-06T16:34:45+00:00,fa6639a4c0eb707493aaab20126a21f6d3f1ab6308df0d4074fe820c2e0d2149,address_score=115
MUS-d8fb80d56107,羽村市動物公園,13227,羽村市,東京都羽村市羽4122,東京都羽村市羽4122,,35.758251,139.298889,facility_location,https://www.jaza.jp/about-jaza/structure/list-zoo,existing_manifest_source,existing_manifest,digital_agency_abr,1,machiaza,machiaza,plateau_query,accepted,,2026-09-06T16:34:45+00:00,,
MUS-d9c8d9431274,府中市郷土の森博物館,13206,府中市,東京都府中市南町6ｰ32,東京都府中市南町6ｰ32,,35.668922,139.477661,facility_location,https://museum.bunka.go.jp/guide/,existing_manifest_source,existing_manifest,digital_agency_abr,1,machiaza_detail,city,plateau_query,accepted,,2026-09-06T16:34:45+00:00,,
MUS-da3dcfedc2e7,清瀬市郷土博物館,13221,清瀬市,東京都清瀬市上清戸2-6-41,東京都清瀬市上清戸2-6-41,204-0013,35.779667,139.52179,facility_location,https://museum-kiyose.jp/,facility_or_public_official,html_text,digital_agency_abr,1,residential_detail,residential_detail,building_candidate,accepted,,2026-09-06T16:34:45+00:00,2c1af10e198e3a8ddf56598c805e8732222c9405551ee5f4d29634addd6ba659,address_score=125
MUS-db057117da11,東京国立博物館,13106,台東区,東京都台東区上野公園13-9,東京都台東区上野公園13-9,110-8712,35.717556,139.775543,facility_location,https://www.tnm.jp/,facility_or_public_official,html_text,digital_agency_abr,1,residential_detail,residential_detail,building_candidate,accepted,,2026-09-06T16:34:45+00:00,1f53d056cc2daf4a2d004db6642a42076ce5d5810d9d389fcd505c10d6ec1c42,address_score=115
MUS-dde5b905c39b,マクセルアクアパーク品川,13103,港区,東京都港区高輪 4-10-30 品川プリンスホテル内,東京都港区高輪4-10-30品川プリンスホテル内,,35.62772,139.735382,facility_location,https://museum.bunka.go.jp/guide/,existing_manifest_source,existing_manifest,digital_agency_abr,1,residential_block,residential_block,plateau_query,accepted,,2026-09-06T16:34:45+00:00,,
MUS-ddf86440fc1f,金土日館 岩田専太郎コレクション,13105,文京区,東京都文京区千駄木1丁目11番16号,東京都文京区千駄木1丁目11番16号,,35.723564,139.759384,facility_location,https://www.city.bunkyo.lg.jp/b014/p004189.html,existing_manifest_source,existing_manifest,digital_agency_abr,1,residential_detail,residential_detail,building_candidate,accepted,,2026-09-06T16:34:45+00:00,,
MUS-e101a715313f,旧安田楠雄邸庭園,13105,文京区,東京都文京区千駄木5丁目20番18号,東京都文京区千駄木5丁目20番18号,,35.727051,139.760574,facility_location,https://www.city.bunkyo.lg.jp/b014/p004189.html,existing_manifest_source,existing_manifest,digital_agency_abr,1,residential_detail,residential_detail,building_candidate,accepted,,2026-09-06T16:34:45+00:00,,
MUS-e35c950a5609,東洋文庫ミュージアム,13105,文京区,東京都文京区本駒込2丁目28番21号,東京都文京区本駒込2丁目28番21号,,35.731556,139.748383,facility_location,https://museum.bunka.go.jp/guide/,existing_manifest_source,existing_manifest,digital_agency_abr,1,residential_detail,residential_detail,building_candidate,accepted,,2026-09-06T16:34:45+00:00,,
MUS-e41f1d2fa579,日中友好会館美術館,13105,文京区,東京都文京区後楽1丁目5番3号,東京都文京区後楽1丁目5番3号,,35.703838,139.747925,facility_location,https://www.city.bunkyo.lg.jp/b014/p004189.html,existing_manifest_source,existing_manifest,digital_agency_abr,1,residential_detail,residential_detail,building_candidate,accepted,,2026-09-06T16:34:45+00:00,,
MUS-e44b40073b9e,菊池寛実記念智美術館,13103,港区,東京都港区虎ノ門4-1-35,東京都港区虎ノ門4-1-35,,35.665405,139.744537,facility_location,https://museum.bunka.go.jp/guide/,existing_manifest_source,existing_manifest,digital_agency_abr,1,residential_block,residential_block,plateau_query,accepted,,2026-09-06T16:34:45+00:00,,
MUS-e46682169eba,旧新橋停車場 鉄道歴史展示室,13103,港区,東京都港区東新橋1-5-3,東京都港区東新橋1-5-3,,35.665634,139.761398,facility_location,https://www.minato-rekishi.com/musenet/museumlist.html,existing_manifest_source,existing_manifest,digital_agency_abr,1,residential_block,residential_block,plateau_query,accepted,,2026-09-06T16:34:45+00:00,,
MUS-e589d4db221b,領土・主権展示館,13101,千代田区,東京都千代田区霞が関3-8-1 虎ノ門ダイビルイースト1F,東京都千代田区霞が関3-8-1虎ノ門ダイビルイースト1F,100-8968,35.670071,139.74762,facility_location,https://museum.net.city.chiyoda.lg.jp/list/shisetsu/25.php,facility_or_public_official,html_text,digital_agency_abr,1,residential_block,residential_block,plateau_query,accepted,,2026-09-06T16:34:45+00:00,a463798915df6d61f416d8f02e1575eface31bd96035d61000382f0e186e8cba,address_score=90
MUS-e6cf7345d4d2,東京家政大学博物館,13119,板橋区,東京都板橋区加賀1-18-1 百周年記念館4/5階,東京都板橋区加賀1-18-1百周年記念館4/5階,,35.756275,139.719482,facility_location,https://online.bunka.go.jp/museums/detail/12241,agency_cultural_portal,structured_detail_page,digital_agency_abr,1,residential_detail,residential_detail,building_candidate,accepted,,2026-09-06T16:34:45+00:00,b43753eee3f001d0481d0f4f8961fc8a6da2deef2591be9da7d5724962e35f36,
MUS-e8af57b23c04,ヤマトグループ歴史館 クロネコヤマトミュージアム,13103,港区,東京都港区港南2-13-26,東京都港区港南2-13-26,,35.627689,139.745193,facility_location,https://www.minato-rekishi.com/musenet/museumlist.html,existing_manifest_source,existing_manifest,digital_agency_abr,1,residential_block,residential_block,plateau_query,accepted,,2026-09-06T16:34:45+00:00,,
MUS-e93f7096c5da,TEPIA先端技術館,13103,港区,東京都港区北青山2-8-44,東京都港区北青山2-8-44,,35.672749,139.718033,facility_location,https://jcsm.jp/list/membership/,existing_manifest_source,existing_manifest,digital_agency_abr,1,residential_block,residential_block,plateau_query,accepted,,2026-09-06T16:34:45+00:00,,
MUS-ebead6cca0cb,古代オリエント博物館,13116,豊島区,東京都豊島区東池袋3-1-4 サンシャインシティ文化会館ビル7階,東京都豊島区東池袋3-1-4サンシャインシティ文化会館ビル7階,170-8630,35.727917,139.719849,facility_location,https://aom-tokyo.com/,facility_or_public_official,html_text,digital_agency_abr,1,residential_detail,residential_detail,building_candidate,accepted,,2026-09-06T16:34:45+00:00,f966e8edf496e2cadf969c3feb5dca36006c535178f4030c623c807a79f8e998,address_score=115
MUS-edbf57ac1d18,神田明神資料館,13101,千代田区,東京都千代田区外神田2-16-2,東京都千代田区外神田2-16-2,101-0021,35.70145,139.767517,facility_location,https://museum.net.city.chiyoda.lg.jp/list/shisetsu/11.php,facility_or_public_official,html_text,digital_agency_abr,1,residential_detail,residential_detail,building_candidate,accepted,,2026-09-06T16:34:45+00:00,b59d711d3c569325a8b2acb739bc5e2418a88bc23b055ad1c215ecbff20a6fc0,address_score=90
MUS-ee0bf6430dd1,泉屋博古館東京,13103,港区,東京都港区六本木1-5-1,東京都港区六本木1-5-1,,35.665249,139.740158,facility_location,https://museum.bunka.go.jp/guide/,existing_manifest_source,existing_manifest,digital_agency_abr,1,residential_block,residential_block,plateau_query,accepted,,2026-09-06T16:34:45+00:00,,
MUS-ef6fd952c206,明治学院歴史資料館,13103,港区,東京都港区白金台1-2-37,東京都港区白金台1-2-37,,35.636738,139.730743,facility_location,https://www.minato-rekishi.com/musenet/museumlist.html,existing_manifest_source,existing_manifest,digital_agency_abr,1,residential_block,residential_block,plateau_query,accepted,,2026-09-06T16:34:45+00:00,,
MUS-f0b96292a50d,金融ミュージアム Otemachi,13101,千代田区,東京都千代田区丸の内1-3-2 三井住友銀行東館2F,東京都千代田区丸の内1-3-2三井住友銀行東館2F,100-0005,35.684296,139.76355,facility_location,https://museum.net.city.chiyoda.lg.jp/list/shisetsu/33.php,facility_or_public_official,html_text,digital_agency_abr,1,residential_block,residential_block,plateau_query,accepted,,2026-09-06T16:34:45+00:00,0a56df77b6541ea3f4e9f96c8f36298674becc754bd9eeb0ae07466ce4a85df0,address_score=90
MUS-f0d141fdaac8,JFAサッカー文化創造拠点 blue-ing!,13105,文京区,東京都文京区後楽1丁目3番61号,東京都文京区後楽1丁目3番61号,,35.703152,139.752151,facility_location,https://www.city.bunkyo.lg.jp/b014/p004189.html,existing_manifest_source,existing_manifest,digital_agency_abr,1,residential_detail,residential_detail,building_candidate,accepted,,2026-09-06T16:34:45+00:00,,
MUS-f2daf25fbe28,東京造形大学附属美術館,13201,八王子市,東京都八王子市宇津貫町1556,東京都八王子市宇津貫町1556,192-0992,35.61758,139.335312,facility_location,https://www.zokei.ac.jp/museum/,facility_or_public_official,html_text,digital_agency_abr,1,parcel,machiaza,plateau_query,accepted,,2026-09-06T16:34:45+00:00,429801ac03d18b30e10cfd264aef0e181b9e4b0d5191953827b542c46320a2b1,address_score=115
MUS-f8f5469192a7,永青文庫,13105,文京区,東京都文京区目白台1丁目1番1号,東京都文京区目白台1丁目1番1号,,35.713036,139.72374,facility_location,https://museum.bunka.go.jp/guide/,existing_manifest_source,existing_manifest,digital_agency_abr,1,residential_detail,residential_detail,building_candidate,accepted,,2026-09-06T16:34:45+00:00,,
MUS-f977a0cd4027,しながわ水族館,13109,品川区,東京都品川区勝島3-2-1,東京都品川区勝島3-2-1,,35.588001,139.736954,facility_location,https://www.jaza.jp/about-jaza/structure/list-aquarium,existing_manifest_source,existing_manifest,digital_agency_abr,1,residential_detail,residential_detail,building_candidate,accepted,,2026-09-06T16:34:45+00:00,,
MUS-fad0d8511b26,お茶の文化創造博物館／お～いお茶ミュージアム,13103,港区,東京都港区東新橋1-5-3 旧新橋停車場内,東京都港区東新橋1-5-3旧新橋停車場内,,35.665634,139.761398,facility_location,https://www.minato-rekishi.com/musenet/museumlist.html,existing_manifest_source,existing_manifest,digital_agency_abr,1,residential_block,residential_block,plateau_query,accepted,,2026-09-06T16:34:45+00:00,,
MUS-fd2edd15d0e6,大妻女子大学博物館,13101,千代田区,東京都千代田区三番町12 図書館棟 地下1階,東京都千代田区三番町12図書館棟地下1階,102-8357,35.690556,139.743591,facility_location,https://www.museum.otsuma.ac.jp/,facility_or_public_official,html_text,digital_agency_abr,1,machiaza,machiaza,plateau_query,accepted,,2026-09-06T16:34:45+00:00,cb4d48976a5f4217d7fb7dd8fd58585017aad5ef803fc11749357cc3fd3db87f,address_score=115
MUS-fedb498211b9,東京大学大学院理学系研究科附属植物園（小石川植物園）,13105,文京区,東京都文京区白山3丁目7番1号,東京都文京区白山3丁目7番1号,,35.722347,139.741577,facility_location,https://www.city.bunkyo.lg.jp/b014/p004189.html,existing_manifest_source,existing_manifest,digital_agency_abr,1,residential_block,residential_block,plateau_query,accepted,,2026-09-06T16:34:45+00:00,,
