candidate_id,museum_id,canonical_name,municipality_code,municipality_name,candidate_name,candidate_name_normalized,address_raw,address_normalized,postal_code,latitude,longitude,source_id,source_url,source_authority,extraction_method,match_method,priority,retrieved_at,content_sha256,candidate_status,notes
LOC-8081d03e052816,,,13106,台東区,東京藝術大学大学美術館,東京藝術大学大学美術館,東京都台東区上野公園12-8,東京都台東区上野公園12-8,,,,cultural_heritage_online,https://online.bunka.go.jp/museums/detail/182,agency_cultural_portal,structured_detail_page,,80,2026-09-06T16:34:45+00:00,dd02adccd63e30304fc8cc9f8a5640e33815fdda9dd461f90c715e67f1c3c49b,unmatched_source_record,; no exact canonical name + municipality match
LOC-88654741f5bebe,,,13106,台東区,東京文化財研究所,東京文化財研究所,東京都台東区上野公園13-43,東京都台東区上野公園13-43,,,,cultural_heritage_online,https://online.bunka.go.jp/museums/detail/184,agency_cultural_portal,structured_detail_page,,80,2026-09-06T16:34:45+00:00,2a5a24c59b0a8b50ff85dfa8969215e8f7d01ad76bfa43391f168d04098e9b8b,unmatched_source_record,; no exact canonical name + municipality match
LOC-97fb752c51c398,,,13103,港区,(社)全日本郷土芸能協会,(社)全日本郷土芸能協会,東京都港区赤坂6-7-14新赤坂マンション507,東京都港区赤坂6-7-14新赤坂マンション507,,,,cultural_heritage_online,https://online.bunka.go.jp/museums/detail/185,agency_cultural_portal,structured_detail_page,,80,2026-09-06T16:34:45+00:00,15174bf5b5f0c64e4dad7d229d031463902eae75555cd2559a8a032497cfb1fa,unmatched_source_record,; no exact canonical name + municipality match
LOC-9e5a0328b79d82,,,13106,台東区,台東区立一葉記念館,台東区立一葉記念館,東京都台東区竜泉3-18-4,東京都台東区竜泉3-18-4,,,,cultural_heritage_online,https://online.bunka.go.jp/museums/detail/12224,agency_cultural_portal,structured_detail_page,,80,2026-09-06T16:34:45+00:00,31e467cfac20e814165ee65b562de87fd1b9e5c724368353b4226e747046c58c,unmatched_source_record,; no exact canonical name + municipality match
LOC-15fe1c5215f1ba,,,13113,渋谷区,国立能楽堂 資料展示室,国立能楽堂資料展示室,東京都渋谷区千駄ヶ谷4-18-1,東京都渋谷区千駄ヶ谷4-18-1,,,,cultural_heritage_online,https://online.bunka.go.jp/museums/detail/13792,agency_cultural_portal,structured_detail_page,,80,2026-09-06T16:34:45+00:00,1c67594199d641829b58156b814d6e3c5186199a0aad1bef5fc7e63cede4c808,unmatched_source_record,; no exact canonical name + municipality match
LOC-e74494a884985e,,,13112,世田谷区,世田谷区立次大夫堀公園民家園／世田谷区立岡本公園民家園,世田谷区立次大夫堀公園民家園/世田谷区立岡本公園民家園,東京都世田谷区喜多見5-27-14（次大夫堀公園民家園）／世田谷区岡本2-19-1（岡本公園民家園）,東京都世田谷区喜多見5-27-14（次大夫堀公園民家園）／世田谷区岡本2-19-1（岡本公園民家園）,,,,cultural_heritage_online,https://online.bunka.go.jp/museums/detail/12201,agency_cultural_portal,structured_detail_page,,80,2026-09-06T16:34:45+00:00,88d60d15c0ef2ca597325f69a546604bc142563d4ac31b337bfd4e57530487c4,unmatched_source_record,; no exact canonical name + municipality match
LOC-76d319c929f3e5,,,13106,台東区,台東区立下町風俗資料館,台東区立下町風俗資料館,東京都台東区上野公園2-1,東京都台東区上野公園2-1,,,,cultural_heritage_online,https://online.bunka.go.jp/museums/detail/12225,agency_cultural_portal,structured_detail_page,,80,2026-09-06T16:34:45+00:00,ec48a4181f5031bf79ae3bc09ca36b00b3996fcd372cdeefb0e4d68b238c6763,unmatched_source_record,; no exact canonical name + municipality match
LOC-2d97fcb97e6f25,,,13112,世田谷区,静嘉堂文庫美術館,静嘉堂文庫美術館,東京都世田谷区岡本2-23-1,東京都世田谷区岡本2-23-1,,,,cultural_heritage_online,https://online.bunka.go.jp/museums/detail/12214,agency_cultural_portal,structured_detail_page,,80,2026-09-06T16:34:45+00:00,c73565c7069771358d7fd70be31401eb9c0e19d11b037416c65aefe9a5586224,unmatched_source_record,; no exact canonical name + municipality match
LOC-d7c91cf63d137d,,,13113,渋谷区,財団法人近代美術振興協会 太田記念美術館,近代美術振興協会太田記念美術館,東京都渋谷区神宮前１－１０－１０,東京都渋谷区神宮前１-１０-１０,,,,cultural_heritage_online,https://online.bunka.go.jp/museums/detail/12170,agency_cultural_portal,structured_detail_page,,80,2026-09-06T16:34:45+00:00,b867d8fb0706d32fd76f86124a16c3ec25bc172a8fcd210b0c1aa9694124520b,unmatched_source_record,; no exact canonical name + municipality match
LOC-203b18f26589d9,,,13101,千代田区,国立劇場,国立劇場,東京都千代田区隼町４－１,東京都千代田区隼町４-１,,,,cultural_heritage_online,https://online.bunka.go.jp/museums/detail/13796,agency_cultural_portal,structured_detail_page,,80,2026-09-06T16:34:45+00:00,4c5b492c230fcd22aa1b78e9fdddcc133ff45de9a336fc513891cb462cd72513,unmatched_source_record,; no exact canonical name + municipality match
LOC-2033d80eea8158,,,13112,世田谷区,世田谷文学館,世田谷文学館,東京都世田谷区南烏山１－１０－１０,東京都世田谷区南烏山１-１０-１０,,,,cultural_heritage_online,https://online.bunka.go.jp/museums/detail/12217,agency_cultural_portal,structured_detail_page,,80,2026-09-06T16:34:45+00:00,55c4a3ac69ee72f0a97dedea824a019a1f0c04d423287905d48b703ba1996cf6,unmatched_source_record,; no exact canonical name + municipality match
LOC-938bb0e06ee69d,,,13101,千代田区,国（文化庁 美術工芸品）,国(文化庁美術工芸品),東京都千代田区霞が関3-2-2,東京都千代田区霞が関3-2-2,,,,cultural_heritage_online,https://online.bunka.go.jp/museums/detail/133529,agency_cultural_portal,structured_detail_page,,80,2026-09-06T16:34:45+00:00,1f9febb0a1a4bbc798731fd7b3a0b3af9d99eba5b15250789fc5a1edb26f3299,unmatched_source_record,; no exact canonical name + municipality match
LOC-a391e339d44f7e,,,13203,武蔵野市,武蔵野市立吉祥寺美術館,武蔵野市立吉祥寺美術館,東京都武蔵野市吉祥寺本町1‐8‐16 ＦＦビル7階,東京都武蔵野市吉祥寺本町1‐8‐16ＦＦビル7階,,,,cultural_heritage_online,https://online.bunka.go.jp/museums/detail/12297,agency_cultural_portal,structured_detail_page,,80,2026-09-06T16:34:45+00:00,52c80b41f5aedf5f250b623c27776bf987ca087792e160435a6d48d456bb0336,unmatched_source_record,; no exact canonical name + municipality match
LOC-9b1701c5837640,,,13104,新宿区,新宿歴史博物館,新宿歴史博物館,東京都新宿区三栄町22番地,東京都新宿区三栄町22番地,,,,cultural_heritage_online,https://online.bunka.go.jp/museums/detail/12209,agency_cultural_portal,structured_detail_page,,80,2026-09-06T16:34:45+00:00,727a3282f564d3d2b461dd96d1ee19616cf86ca6114abe72529979f36af56e4e,unmatched_source_record,; no exact canonical name + municipality match
LOC-53132905f0b54d,,,13224,多摩市,東京都埋蔵文化財センター,東京都埋蔵文化財センター,東京都多摩市落合1-14-2,東京都多摩市落合1-14-2,,,,cultural_heritage_online,https://online.bunka.go.jp/museums/detail/12255,agency_cultural_portal,structured_detail_page,,80,2026-09-06T16:34:45+00:00,3e672e80cfb5a33e51f5b7bc3511f3ef78efb67a766106e1b3f5d398e40b17e2,unmatched_source_record,; no exact canonical name + municipality match
LOC-ff0f05f6898356,,,13109,品川区,品川区立品川歴史館,品川区立品川歴史館,東京都品川区大井６－１１－１,東京都品川区大井６-１１-１,,,,cultural_heritage_online,https://online.bunka.go.jp/museums/detail/12203,agency_cultural_portal,structured_detail_page,,80,2026-09-06T16:34:45+00:00,727fa7833395a483232bce3bc9b919d48be550b8c68d054cc6bf3e5e193adf8a,unmatched_source_record,; no exact canonical name + municipality match
LOC-05824f3ca65cd3,,,13114,中野区,山﨑記念 中野区立歴史民俗資料館,山﨑記念中野区立歴史民俗資料館,東京都中野区江古田四丁目３番４号,東京都中野区江古田四丁目３番４号,,,,cultural_heritage_online,https://online.bunka.go.jp/museums/detail/12305,agency_cultural_portal,structured_detail_page,,80,2026-09-06T16:34:45+00:00,90a9ef47e31d90b013ece852f13a4420768d884ea9fc2422be49fd3ff1f669d7,unmatched_source_record,; no exact canonical name + municipality match
LOC-0f6df0caf2df20,,,13101,千代田区,国（文化庁 工芸技術資料）,国(文化庁工芸技術資料),東京都千代田区霞が関3-2-2 文部科学省情報ひろば （旧文部省庁舎 ３Ｆ展示室）,東京都千代田区霞が関3-2-2文部科学省情報ひろば（旧文部省庁舎３Ｆ展示室）,,,,cultural_heritage_online,https://online.bunka.go.jp/museums/detail/137832,agency_cultural_portal,structured_detail_page,,80,2026-09-06T16:34:45+00:00,71050a6a8928dceb33768917e2f54a1174ae92aeeeb800925f884c7e0cdcdfcd,unmatched_source_record,; no exact canonical name + municipality match
LOC-3a2b5d950661c9,,,13214,国分寺市,東京都公文書館,東京都公文書館,東京都国分寺市泉町２－２－２１,東京都国分寺市泉町２-２-２１,,,,cultural_heritage_online,https://online.bunka.go.jp/museums/detail/12249,agency_cultural_portal,structured_detail_page,,80,2026-09-06T16:34:45+00:00,313ec09d23eb22a5d829b22355f54e043e19c21b257bc7100fa3a845388c4ade,unmatched_source_record,; no exact canonical name + municipality match
LOC-ed0f8a91b1fa2c,,,13101,千代田区,国立劇場 伝統芸能情報館,国立劇場伝統芸能情報館,東京都千代田区隼町４－１,東京都千代田区隼町４-１,,,,cultural_heritage_online,https://online.bunka.go.jp/museums/detail/186,agency_cultural_portal,structured_detail_page,,80,2026-09-06T16:34:45+00:00,dba0c1bd9699792c8415679ea19b60c49b839b50372a70d12b18015b3151345f,unmatched_source_record,; no exact canonical name + municipality match
LOC-90160615056a7d,,,13106,台東区,台東区立朝倉彫塑館,台東区立朝倉彫塑館,東京都台東区谷中7-18-10,東京都台東区谷中7-18-10,,,,cultural_heritage_online,https://online.bunka.go.jp/museums/detail/12223,agency_cultural_portal,structured_detail_page,,80,2026-09-06T16:34:45+00:00,b9ae6bba43c284f370ce9a730509ae53de5cd2f6622fa50d25ecfd124518f2bf,unmatched_source_record,; no exact canonical name + municipality match
LOC-9643e4119874e0,,,13117,北区,独立行政法人国立印刷局 お札と切手の博物館,国立印刷局お札と切手の博物館,東京都北区王子１－６－１,東京都北区王子１-６-１,,,,cultural_heritage_online,https://online.bunka.go.jp/museums/detail/12196,agency_cultural_portal,structured_detail_page,,80,2026-09-06T16:34:45+00:00,9e126144907665743754773d5835f14d69f19a1a5458be042b29f95b61457eaf,unmatched_source_record,; no exact canonical name + municipality match
LOC-58009573fc2785,,,13102,中央区,日本銀行金融研究所 貨幣博物館,日本銀行金融研究所貨幣博物館,東京都中央区日本橋本石町1-3-1,東京都中央区日本橋本石町1-3-1,,,,cultural_heritage_online,https://online.bunka.go.jp/museums/detail/13795,agency_cultural_portal,structured_detail_page,,80,2026-09-06T16:34:45+00:00,06c8be5956d8f99ad73afc938855979b4f0cf849d2824271525f38d2a403367a,unmatched_source_record,; no exact canonical name + municipality match
LOC-763a8f7de08cfe,,,13107,墨田区,東京都江戸東京博物館,東京都江戸東京博物館,東京都墨田区横網1-4-1,東京都墨田区横網1-4-1,,,,cultural_heritage_online,https://online.bunka.go.jp/museums/detail/12247,agency_cultural_portal,structured_detail_page,,80,2026-09-06T16:34:45+00:00,5a08f8ab84b9b79ee6c0fbff2d98b1605f7c37f339ff09b6430ec1e6fad47ce0,unmatched_source_record,; no exact canonical name + municipality match
LOC-98c0757f3119a1,,,13209,町田市,町田市考古資料室,町田市考古資料室,東京都町田市下小山田町4016,東京都町田市下小山田町4016,,,,cultural_heritage_online,https://online.bunka.go.jp/museums/detail/952928,agency_cultural_portal,structured_detail_page,,80,2026-09-06T16:34:45+00:00,1d398ead128b50b23aa53cefa22a8dd0526e0dea20f9f1c9c6a832f277c7a4f9,unmatched_source_record,; no exact canonical name + municipality match
LOC-e8eaa180b6e8b2,,,13116,豊島区,豊島区立 熊谷守一美術館,豊島区立熊谷守一美術館,東京都豊島区千早2-27-6,東京都豊島区千早2-27-6,,,,cultural_heritage_online,https://online.bunka.go.jp/museums/detail/952930,agency_cultural_portal,structured_detail_page,,80,2026-09-06T16:34:45+00:00,60671d5b08401bbe9ca8d3ebcf2905aa3183f1ada6f2f1bceec281169d120009,unmatched_source_record,; no exact canonical name + municipality match
LOC-721e07db643adb,,,13116,豊島区,豊島区立雑司が谷旧宣教師館,豊島区立雑司が谷旧宣教師館,東京都豊島区雑司が谷1-25-5,東京都豊島区雑司が谷1-25-5,,,,cultural_heritage_online,https://online.bunka.go.jp/museums/detail/952931,agency_cultural_portal,structured_detail_page,,80,2026-09-06T16:34:45+00:00,f50ad2c7638dff76ea7388062700e83bc0b8edd17b84142d4defeb5c6ffd3d10,unmatched_source_record,; no exact canonical name + municipality match
LOC-5cf31221ff109b,,,13116,豊島区,豊島区立鈴木信太郎記念館,豊島区立鈴木信太郎記念館,東京都豊島区東池袋5-52-3,東京都豊島区東池袋5-52-3,,,,cultural_heritage_online,https://online.bunka.go.jp/museums/detail/952932,agency_cultural_portal,structured_detail_page,,80,2026-09-06T16:34:45+00:00,8e2d98cdb3c2b9e8142fa581c4aca81053ea0f40d0a0b65fd4bef49aabf8f260,unmatched_source_record,; no exact canonical name + municipality match
LOC-9c4deec8271b35,,,13209,町田市,町田市立自由民権資料館,町田市立自由民権資料館,東京都町田市野津田町８９７番地,東京都町田市野津田町８９７番地,,,,cultural_heritage_online,https://online.bunka.go.jp/museums/detail/12291,agency_cultural_portal,structured_detail_page,,80,2026-09-06T16:34:45+00:00,8426c430cc67ada6e40feb2c572f2ed59ebbd6a3c278c78238be6274d6602e4a,unmatched_source_record,; no exact canonical name + municipality match
LOC-649010b36d705d,MUS-005aa6852919,昭和女子大学光葉博物館,13112,世田谷区,昭和女子大学光葉博物館,昭和女子大学光葉博物館,東京都世田谷区太子堂1-7-57 7号館1階,東京都世田谷区太子堂1-7-577号館1階,154-8533,,,verified_override,https://museum.swu.ac.jp/about/facilities.html,facility_official,verified_override,manual_exact_facility,120,2026-09-06T16:34:45+00:00,,accepted,公式施設案内で所在地を確認
LOC-f577fa52ad2b34,MUS-005aa6852919,昭和女子大学光葉博物館,13112,世田谷区,昭和女子大学光葉博物館,昭和女子大学光葉博物館,東京都世田谷区太子堂1-7-57,東京都世田谷区太子堂1-7-57,,,,cultural_heritage_online,https://online.bunka.go.jp/museums/detail/12208,agency_cultural_portal,structured_detail_page,exact_name_municipality,80,2026-09-06T16:34:45+00:00,cbbd5111839c954e8a8b0c610e35e3871eb3417a4248ddb186e8057ef3ab470e,matched_candidate,
LOC-0d53f522a046fc,MUS-014a7d8b2bb6,中近東文化センター付属博物館,13204,三鷹市,中近東文化センター付属博物館,中近東文化センター付属博物館,東京都三鷹市大沢3-10-31,東京都三鷹市大沢3-10-31,181-0015,,,facility_official_page,https://www.meccj.or.jp/,facility_or_public_official,html_text,canonical_official_url,100,2026-09-06T16:34:45+00:00,f577a79ea9918e2d659b67443ff1d1777dd31c6e5e04c2f75805bdd5fde77351,accepted,address_score=90
LOC-26d031e2383883,MUS-02dd7815a999,葛飾区郷土と天文の博物館,13122,葛飾区,葛飾区郷土と天文の博物館,葛飾区郷土と天文の博物館,東京都葛飾区白鳥3-25-1,東京都葛飾区白鳥3-25-1,,,,existing_manifest,https://museum.bunka.go.jp/guide/,existing_manifest_source,existing_manifest,canonical_source_record,110,2026-09-06T16:34:45+00:00,,accepted,
LOC-eead2ede17bd17,MUS-02dd7815a999,葛飾区郷土と天文の博物館,13122,葛飾区,葛飾区郷土と天文の博物館,葛飾区郷土と天文の博物館,東京都葛飾区白鳥3-25-1,東京都葛飾区白鳥3-25-1,,,,cultural_heritage_online,https://online.bunka.go.jp/museums/detail/12180,agency_cultural_portal,structured_detail_page,exact_name_municipality,80,2026-09-06T16:34:45+00:00,f565c141c8927220ba260d1f80ca320b1beb2af216ad5d394d7dde6d4bacd342,matched_candidate,
LOC-1f739fa842850a,MUS-02dd899629c7,印刷博物館,13105,文京区,印刷博物館,印刷博物館,東京都文京区水道1丁目3番3号 トッパン小石川ビル,東京都文京区水道1丁目3番3号トッパン小石川ビル,,,,existing_manifest,https://www.city.bunkyo.lg.jp/b014/p004189.html,existing_manifest_source,existing_manifest,canonical_source_record,110,2026-09-06T16:34:45+00:00,,accepted,
LOC-aac26e2f14bbcf,MUS-030af495c004,板橋区立教育科学館,13119,板橋区,板橋区立教育科学館,板橋区立教育科学館,東京都板橋区常盤台4-14-1,東京都板橋区常盤台4-14-1,,,,existing_manifest,https://jcsm.jp/list/membership/,existing_manifest_source,existing_manifest,canonical_source_record,110,2026-09-06T16:34:45+00:00,,accepted,
LOC-e7c29499df2ef9,MUS-03d2e8f2282b,共立女子大学博物館,13101,千代田区,共立女子大学博物館,共立女子大学博物館,東京都千代田区一ツ橋2-6-1 共立女子学園2号館B1F,東京都千代田区一ツ橋2-6-1共立女子学園2号館B1F,101-0003,,,verified_override,https://www.kyoritsu-wu.ac.jp/muse/access/,facility_official,verified_override,manual_exact_facility,120,2026-09-06T16:34:45+00:00,,accepted,公式アクセスページで所在地を確認
LOC-8a431ba3625d85,MUS-04eeeab89ba2,増上寺宝物展示室,13103,港区,増上寺宝物展示室,増上寺宝物展示室,東京都港区芝公園4-7-35 大殿地下1階,東京都港区芝公園4-7-35大殿地下1階,,,,existing_manifest,https://www.minato-rekishi.com/musenet/museumlist.html,existing_manifest_source,existing_manifest,canonical_source_record,110,2026-09-06T16:34:45+00:00,,accepted,
LOC-b2019299d4a212,MUS-05085b9ba4aa,靖國神社遊就館,13101,千代田区,靖國神社遊就館,靖國神社遊就館,東京都千代田区九段北3-1-1,東京都千代田区九段北3-1-1,102-8246,,,verified_override,https://museum.net.city.chiyoda.lg.jp/list/shisetsu/20.php,chiyoda_city_official_museum_network,verified_override,manual_exact_facility,120,2026-09-06T16:34:45+00:00,,accepted,千代田区公式参加館ページで所在地を確認
LOC-18ef8eea19cb6e,MUS-0689fa503e02,くにたち郷土文化館,13215,国立市,くにたち郷土文化館,くにたち郷土文化館,東京都国立市谷保6231,東京都国立市谷保6231,186-0011,,,verified_override,https://kuzaidan.or.jp/province/access/,public_facility_official,verified_override,manual_exact_facility,120,2026-09-06T16:34:45+00:00,,accepted,公式アクセスページで所在地を確認
LOC-a7d24c0cd796b0,MUS-06aa0bb52c59,刀剣博物館,13107,墨田区,刀剣博物館,刀剣博物館,東京都墨田区横網1-12-9,東京都墨田区横網1-12-9,130-0015,,,facility_official_page,https://www.touken.or.jp/museum/,facility_or_public_official,html_text,canonical_official_url,100,2026-09-06T16:34:45+00:00,5cc76b74f8d34d3538dbbb052cf630e8ebd2af4976d9b6801ad6c154206bc71c,accepted,address_score=115
LOC-d7d7d9f718c3ab,MUS-0815610ea799,すみだ水族館,13107,墨田区,すみだ水族館,すみだ水族館,東京都墨田区押上1-1-2東京スカイツリータウン・ソラマチ5F,東京都墨田区押上1-1-2東京スカイツリータウン・ソラマチ5F,,,,existing_manifest,https://www.jaza.jp/about-jaza/structure/list-aquarium,existing_manifest_source,existing_manifest,canonical_source_record,110,2026-09-06T16:34:45+00:00,,accepted,
LOC-bf98071fbef506,MUS-0babb4eddce6,地下鉄博物館,13123,江戸川区,地下鉄博物館,地下鉄博物館,東京都江戸川区東葛西6-3-1,東京都江戸川区東葛西6-3-1,,,,existing_manifest,https://museum.bunka.go.jp/guide/,existing_manifest_source,existing_manifest,canonical_source_record,110,2026-09-06T16:34:45+00:00,,accepted,
LOC-91eb001635c658,MUS-0bfe732291e4,多摩六都科学館,13229,西東京市,多摩六都科学館,多摩六都科学館,東京都西東京市芝久保町5-10-64,東京都西東京市芝久保町5-10-64,,,,existing_manifest,https://museum.bunka.go.jp/guide/,existing_manifest_source,existing_manifest,canonical_source_record,110,2026-09-06T16:34:45+00:00,,accepted,
LOC-cf794086b518f8,MUS-0c8c7acccb98,早稲田大学會津八一記念博物館,13104,新宿区,早稲田大学會津八一記念博物館,早稲田大学會津八一記念博物館,東京都新宿区西早稲田1-6-1 早稲田キャンパス２号館,東京都新宿区西早稲田1-6-1早稲田キャンパス２号館,,,,facility_official_page,https://www.waseda.jp/culture/aizu-museum/access/,facility_or_public_official,html_text,canonical_official_url,100,2026-09-06T16:34:45+00:00,95a4917cbe439fe893b4864a156598c4391dc208270657219c98d1ea155f64e0,accepted,address_score=115
LOC-864c4d0b0225f1,MUS-0d0097806be0,郵政博物館,13107,墨田区,郵政博物館,郵政博物館,東京都墨田区押上1-1-2東京スカイツリータウン・ソラマチ9F,東京都墨田区押上1-1-2東京スカイツリータウン・ソラマチ9F,,,,existing_manifest,https://jcsm.jp/list/membership/,existing_manifest_source,existing_manifest,canonical_source_record,110,2026-09-06T16:34:45+00:00,,accepted,
LOC-cca39e93857527,MUS-0d0261f2e923,横山大観記念館,13106,台東区,横山大観記念館,横山大観記念館,東京都台東区池之端1-4-24,東京都台東区池之端1-4-24,110-0008,,,facility_official_page,https://taikan.tokyo/,facility_or_public_official,html_text,canonical_official_url,100,2026-09-06T16:34:45+00:00,52143473eb6e1935ca7d394abefdb4d85af45ceb64c3a5d0039795b4b2d40757,accepted,address_score=115
LOC-3c9342e7dbece1,MUS-0d0261f2e923,横山大観記念館,13106,台東区,横山大観記念館,横山大観記念館,東京都台東区池之端１－４－２４,東京都台東区池之端１-４-２４,,,,cultural_heritage_online,https://online.bunka.go.jp/museums/detail/12307,agency_cultural_portal,structured_detail_page,exact_name_municipality,80,2026-09-06T16:34:45+00:00,e124a46fc828e4c5e8b3f8ed705bf483f769a6dea058f4f506791c059f40f06b,matched_candidate,
LOC-5d747757e84dbf,MUS-0e6f5377989f,日本大学芸術学部芸術資料館,13120,練馬区,日本大学芸術学部芸術資料館,日本大学芸術学部芸術資料館,東京都練馬区旭丘2-42-1,東京都練馬区旭丘2-42-1,176-8525,,,facility_official_page,https://www.art.nihon-u.ac.jp/facility/attached/archives/,facility_or_public_official,html_text,canonical_official_url,100,2026-09-06T16:34:45+00:00,287734e5afa5b38d0b656e7b3ea56fe2633b6c9444cde60f4a81aa93490cd174,accepted,address_score=100
LOC-4d8007517ae734,MUS-0e6f5377989f,日本大学芸術学部芸術資料館,13120,練馬区,日本大学芸術学部芸術資料館,日本大学芸術学部芸術資料館,東京都練馬区旭丘２丁目４２番１号,東京都練馬区旭丘２丁目４２番１号,,,,cultural_heritage_online,https://online.bunka.go.jp/museums/detail/12267,agency_cultural_portal,structured_detail_page,exact_name_municipality,80,2026-09-06T16:34:45+00:00,dc3dfbd3c283945c590c1cdc8404e2ec2cdcca0db26f36e37f54efb10be1b1e8,matched_candidate,
LOC-9242979e7efe8a,MUS-10239dac0fd8,弥生美術館,13105,文京区,弥生美術館,弥生美術館,東京都文京区弥生2丁目4番3号,東京都文京区弥生2丁目4番3号,,,,existing_manifest,https://www.city.bunkyo.lg.jp/b014/p004189.html,existing_manifest_source,existing_manifest,canonical_source_record,110,2026-09-06T16:34:45+00:00,,accepted,
LOC-ce46c5a2f24134,MUS-13a3749db7b4,府中市美術館,13206,府中市,府中市美術館,府中市美術館,東京都府中市浅間町1丁目3番地（都立府中の森公園内）,東京都府中市浅間町1丁目3番地（都立府中の森公園内）,183-0001,,,verified_override,https://www.city.fuchu.tokyo.jp/shisetu/komyunite/gekijo/bijyutukan.html,fuchu_city_official,verified_override,manual_exact_facility,120,2026-09-06T16:34:45+00:00,,accepted,府中市公式施設案内で所在地を確認 2026-09-06
LOC-f240285724d3dc,MUS-15e07137b701,公益社団法人 全国市有物件災害共済会 防災専門図書館,13101,千代田区,公益社団法人 全国市有物件災害共済会 防災専門図書館,全国市有物件災害共済会防災専門図書館,東京都 千代田区 平河町 2-4-1 日本都市センター会館8階,東京都千代田区平河町2-4-1日本都市センター会館8階,102-0093,,,facility_official_page,https://museum.net.city.chiyoda.lg.jp/list/shisetsu/36.php,facility_or_public_official,html_text,canonical_official_url,100,2026-09-06T16:34:45+00:00,7c51f5aa7cd04db69e521bc637b2465ef85396c2e3a57ee06e7aed3ea03bd43a,accepted,address_score=90
LOC-c6633b537d0947,MUS-1907164b27f6,出光興産ヒューマンギャラリー,13103,港区,出光興産ヒューマンギャラリー,出光興産ヒューマンギャラリー,東京都港区北青山1-3-6 SIビル青山7階,東京都港区北青山1-3-6SIビル青山7階,,,,existing_manifest,https://www.minato-rekishi.com/musenet/museumlist.html,existing_manifest_source,existing_manifest,canonical_source_record,110,2026-09-06T16:34:45+00:00,,accepted,
LOC-8018a5ae6c94ab,MUS-19c7ed10458b,国立科学博物館,13106,台東区,国立科学博物館,国立科学博物館,東京都台東区上野公園7-20,東京都台東区上野公園7-20,,,,existing_manifest,https://museum.bunka.go.jp/guide/,existing_manifest_source,existing_manifest,canonical_source_record,110,2026-09-06T16:34:45+00:00,,accepted,
LOC-52a5d18c43a034,MUS-1ac843667114,ポーラ文化研究所 化粧文化ギャラリー,13103,港区,ポーラ文化研究所 化粧文化ギャラリー,ポーラ文化研究所化粧文化ギャラリー,東京都港区南青山2-5-17 ポーラ青山ビルディング1階,東京都港区南青山2-5-17ポーラ青山ビルディング1階,,,,existing_manifest,https://www.minato-rekishi.com/musenet/museumlist.html,existing_manifest_source,existing_manifest,canonical_source_record,110,2026-09-06T16:34:45+00:00,,accepted,
LOC-53911c546e102c,MUS-1b0f2fc471fc,ちひろ美術館・東京,13120,練馬区,ちひろ美術館・東京,ちひろ美術館東京,東京都練馬区下石神井4-7-2,東京都練馬区下石神井4-7-2,177-0042,,,facility_official_page,https://chihiro.jp/tokyo/,facility_or_public_official,html_text,canonical_official_url,100,2026-09-06T16:34:45+00:00,9e7ac3e33088156222e437332c65092f44eaa92ef38644e3404a46fb2255536d,accepted,address_score=125
LOC-ca302b3910be8e,MUS-1b16e3f81318,学習院大学史料館,13116,豊島区,学習院大学史料館,学習院大学史料館,東京都豊島区目白1-5-1,東京都豊島区目白1-5-1,171-8588,,,facility_official_page,https://www.museum.univ.gakushuin.ac.jp/information/,facility_or_public_official,html_text,canonical_official_url,100,2026-09-06T16:34:45+00:00,528cdd14e6e70520619697b52443c5ea519c4ed9070be249cf5704726f3ed59d,accepted,address_score=90
LOC-3babc388f2d51b,MUS-1b51243fd2bf,文京区立森鴎外記念館,13105,文京区,文京区立森鴎外記念館,文京区立森鴎外記念館,東京都文京区千駄木1丁目23番4号,東京都文京区千駄木1丁目23番4号,,,,existing_manifest,https://www.city.bunkyo.lg.jp/b014/p004189.html,existing_manifest_source,existing_manifest,canonical_source_record,110,2026-09-06T16:34:45+00:00,,accepted,
LOC-ecb97d3aa4ca90,MUS-1c5d7eae0e01,明治神宮宝物殿（分館 明治神宮ミュージアム）,13113,渋谷区,明治神宮宝物殿（分館 明治神宮ミュージアム）,明治神宮宝物殿(分館明治神宮ミュージアム),東京都渋谷区代々木神園町1-1,東京都渋谷区代々木神園町1-1,151-8557,,,facility_official_page,https://www.meijijingu.or.jp/museum/houmotsuden/,facility_or_public_official,html_text,canonical_official_url,100,2026-09-06T16:34:45+00:00,3b55b5fdb178e9d42a38a1a02be65c7a510435fb1301fa58a1d95144ac4ff6f4,accepted,address_score=90
LOC-a1b757b38cbfd8,MUS-1cfcc3421af0,東京都江戸東京博物館（分館 江戸東京たてもの園）,13107,墨田区,東京都江戸東京博物館（分館 江戸東京たてもの園）,東京都江戸東京博物館(分館江戸東京たてもの園),東京都墨田区横網1-4-1,東京都墨田区横網1-4-1,130-0015,,,facility_official_page,https://www.edo-tokyo-museum.or.jp/,facility_or_public_official,html_text,canonical_official_url,100,2026-09-06T16:34:45+00:00,157c425510d568c0b209cfd55c0e5c9359d43e6811e34d916cd0ec9575f88532,accepted,address_score=90
LOC-278bbc5ebe96b7,MUS-1d56d16cf09a,旧岩崎邸庭園,13106,台東区,旧岩崎邸庭園,旧岩崎邸庭園,東京都台東区池之端1丁目3番45号,東京都台東区池之端1丁目3番45号,,,,existing_manifest,https://www.city.bunkyo.lg.jp/b014/p004189.html,existing_manifest_source,existing_manifest,canonical_source_record,110,2026-09-06T16:34:45+00:00,,accepted,
LOC-5fe24e41dc3db1,MUS-1f008620d301,天理ギャラリー,13101,千代田区,天理ギャラリー,天理ギャラリー,東京都千代田区神田錦町1-9 東京天理ビル9F,東京都千代田区神田錦町1-9東京天理ビル9F,101-0054,,,facility_official_page,https://museum.net.city.chiyoda.lg.jp/list/shisetsu/27.php,facility_or_public_official,html_text,canonical_official_url,100,2026-09-06T16:34:45+00:00,6bcd2a0ac043a6825658ca9e66b08ea672d40066a8c7f78bb8047b2bfa480177,accepted,address_score=90
LOC-08ba4c1ae71fa7,MUS-1f4836b8c1e3,齋田記念館,13112,世田谷区,齋田記念館,齋田記念館,東京都世田谷区代田3-23-35,東京都世田谷区代田3-23-35,155-0033,,,facility_official_page,https://saita-museum.jp/,facility_or_public_official,html_text,canonical_official_url,100,2026-09-06T16:34:45+00:00,2dac2ba112791c6eda38510a4f2d13a243a6d1faa32ccee1dabbd9a44d7788c3,accepted,address_score=115
LOC-5cf280815675ce,MUS-1f5d80562d15,葛西臨海水族園,13123,江戸川区,葛西臨海水族園,葛西臨海水族園,東京都江戸川区臨海町6-2-3,東京都江戸川区臨海町6-2-3,,,,existing_manifest,https://museum.bunka.go.jp/guide/,existing_manifest_source,existing_manifest,canonical_source_record,110,2026-09-06T16:34:45+00:00,,accepted,
LOC-18635ea04634e1,MUS-1fd7819fd0ef,クロステックミュージアム,13103,港区,クロステックミュージアム,クロステックミュージアム,東京都港区東新橋1-9-3,東京都港区東新橋1-9-3,,,,existing_manifest,https://www.minato-rekishi.com/musenet/museumlist.html,existing_manifest_source,existing_manifest,canonical_source_record,110,2026-09-06T16:34:45+00:00,,accepted,
LOC-ee172369f4e538,MUS-230fe7c6b447,国立西洋美術館,13106,台東区,国立西洋美術館,国立西洋美術館,東京都台東区上野公園7-7,東京都台東区上野公園7-7,,,,cultural_heritage_online,https://online.bunka.go.jp/museums/detail/177,agency_cultural_portal,structured_detail_page,exact_name_municipality,80,2026-09-06T16:34:45+00:00,69d307b9f27954fb90875c0d821aec600672222ee80f67963d08877efd15223d,accepted,
LOC-f2a2b5ba0818b8,MUS-24af58026e92,宗教法人長泉院附属現代彫刻美術館,13110,目黒区,宗教法人長泉院附属現代彫刻美術館,宗教法人長泉院附属現代彫刻美術館,東京都目黒区中目黒4-12-18,東京都目黒区中目黒4-12-18,153-0061,,,facility_official_page,http://museum-of-sculpture.org/,facility_or_public_official,html_text,canonical_official_url,100,2026-09-06T16:34:45+00:00,069bffc228da8f617510b7a84f46f94a89784fb5e6b10c6935b74a0fd19bd0a6,accepted,address_score=115
LOC-75c5404e110d0c,MUS-280de320f2f9,武蔵野美術大学 美術館・図書館,13211,小平市,武蔵野美術大学 美術館・図書館,武蔵野美術大学美術館図書館,東京都小平市小川町1-736,東京都小平市小川町1-736,187-8505,,,facility_official_page,https://mauml.musabi.ac.jp/access/,facility_or_public_official,html_text,canonical_official_url,100,2026-09-06T16:34:45+00:00,2bea0e6fba4899fa8e3cd0a871b1b4c9e79cfceb5c3610f1eba308ab82766c5a,accepted,address_score=125
LOC-6c663df7919af7,MUS-289a5251f9a8,大谷美術館,13117,北区,公益財団法人大谷美術館,大谷美術館,東京都北区西ヶ原1-27-39 旧古河庭園内,東京都北区西ヶ原1-27-39旧古河庭園内,,,,cultural_heritage_online,https://online.bunka.go.jp/museums/detail/12174,agency_cultural_portal,structured_detail_page,exact_name_municipality,80,2026-09-06T16:34:45+00:00,a15f114796fe758e323412dee9dcaa283cb3f876238dcf0cc7e92ecdeeefaf6e,accepted,
LOC-82b475a61d3ece,MUS-2a9a8965fbfa,八王子市郷土資料館,13201,八王子市,八王子市郷土資料館,八王子市郷土資料館,東京都八王子市散田町2-37-1 八王子市教育センター併設の埋蔵文化財整理室1階,東京都八王子市散田町2-37-1八王子市教育センター併設の埋蔵文化財整理室1階,,,,cultural_heritage_online,https://online.bunka.go.jp/museums/detail/12274,agency_cultural_portal,structured_detail_page,exact_name_municipality,80,2026-09-06T16:34:45+00:00,79c2786dfecbd7768a0611766d66d5959aa258d23e6ae10a0a60c4dd6224f3bc,accepted,
LOC-6951c83baf99ef,MUS-2aee82b1baea,足立区生物園,13121,足立区,足立区生物園,足立区生物園,東京都足立区保木間2-17-1,東京都足立区保木間2-17-1,,,,existing_manifest,https://www.jaza.jp/about-jaza/structure/list-zoo,existing_manifest_source,existing_manifest,canonical_source_record,110,2026-09-06T16:34:45+00:00,,accepted,
LOC-b1fc145026c1ac,MUS-2d37b77014ad,山種美術館,13113,渋谷区,山種美術館,山種美術館,東京都渋谷区広尾3-12-36,東京都渋谷区広尾3-12-36,150-0012,,,facility_official_page,https://www.yamatane-museum.jp/,facility_or_public_official,html_text,canonical_official_url,100,2026-09-06T16:34:45+00:00,0f248b83f88f25326c0774c62042be3cf645f1145afc7803cf6924e6ebc84fb0,accepted,address_score=125
LOC-4309c73cd08453,MUS-2d37b77014ad,山種美術館,13113,渋谷区,山種美術館,山種美術館,東京都渋谷区広尾3-12-36,東京都渋谷区広尾3-12-36,,,,cultural_heritage_online,https://online.bunka.go.jp/museums/detail/12306,agency_cultural_portal,structured_detail_page,exact_name_municipality,80,2026-09-06T16:34:45+00:00,7a11c0a857a639ff6cd471757f1145d20ddb0e5821aa34cb6c50405c5e7f8783,matched_candidate,
LOC-b283981349cfba,MUS-2da88e2469af,草間彌生美術館,13104,新宿区,草間彌生美術館,草間彌生美術館,東京都新宿区弁天町107,東京都新宿区弁天町107,162-0851,,,verified_override,https://yayoikusamamuseum.jp/access/,facility_official,verified_override,manual_exact_facility,120,2026-09-06T16:34:45+00:00,,accepted,施設公式交通案内で所在地を確認 2026-09-06
LOC-cf83ad3a94070e,MUS-2e0130667ee5,長谷川町子美術館,13112,世田谷区,長谷川町子美術館,長谷川町子美術館,東京都世田谷区桜新町1-30-6,東京都世田谷区桜新町1-30-6,154-0015,,,facility_official_page,https://www.hasegawamachiko.jp/,facility_or_public_official,html_text,canonical_official_url,100,2026-09-06T16:34:45+00:00,3ede4c7455c8beccd35f6e0d5ac057acf81e7dc1e2ed0dea6e3e605aef71eae3,accepted,address_score=140
LOC-55ea93ff18d72f,MUS-2e1fe5767148,緑と水の市民カレッジ（みどりの図書館 東京グリーンアーカイブス）,13101,千代田区,緑と水の市民カレッジ（みどりの図書館 東京グリーンアーカイブス）,緑と水の市民カレッジ(みどりの図書館東京グリーンアーカイブス),東京都千代田区日比谷公園 1-5,東京都千代田区日比谷公園1-5,100-0012,,,facility_official_page,https://museum.net.city.chiyoda.lg.jp/list/shisetsu/35.php,facility_or_public_official,html_text,canonical_official_url,100,2026-09-06T16:34:45+00:00,ec7bb40d2a650a490af76d623945df127117f6b95286296d70feae460be00a5c,accepted,address_score=90
LOC-d8b7c5f011e5a4,MUS-2f13348f51f5,玉川大学小原國芳記念教育博物館,13209,町田市,玉川大学小原國芳記念教育博物館,玉川大学小原國芳記念教育博物館,東京都町田市玉川学園6-1-1,東京都町田市玉川学園6-1-1,194-8610,,,facility_official_page,https://www.tamagawa.jp/campus/institutions/museum/,facility_or_public_official,html_text,canonical_official_url,100,2026-09-06T16:34:45+00:00,5edaa312beda4df8d780e970737ae06ef841655f895eeca47df872b6f69448b9,accepted,address_score=90
LOC-db6328fbbcd198,MUS-2f13348f51f5,玉川大学小原國芳記念教育博物館,13209,町田市,玉川大学小原國芳記念教育博物館,玉川大学小原國芳記念教育博物館,東京都町田市玉川学園6-1-1,東京都町田市玉川学園6-1-1,,,,cultural_heritage_online,https://online.bunka.go.jp/museums/detail/952926,agency_cultural_portal,structured_detail_page,exact_name_municipality,80,2026-09-06T16:34:45+00:00,4bacd060230b470a096658266e401186e7a3d2bc7e8acb3e939c3af74058024c,matched_candidate,
LOC-26871df7ae27a4,MUS-2f1b4d02e442,文部科学省 情報ひろば,13101,千代田区,文部科学省 情報ひろば,文部科学省情報ひろば,東京都千代田区霞が関3-2-2 旧文部省庁舎内,東京都千代田区霞が関3-2-2旧文部省庁舎内,100-8959,,,facility_official_page,https://museum.net.city.chiyoda.lg.jp/list/shisetsu/15.php,facility_or_public_official,html_text,canonical_official_url,100,2026-09-06T16:34:45+00:00,ad71475c2f9519f53cd84206e14b4ac719b05dd7acd1b7171dd39b02320f38a9,accepted,address_score=90
LOC-f6a4af5bbe56f2,MUS-3062a7726f5e,東京ガス株式会社 がすてなーに ガスの科学館,13108,江東区,東京ガス株式会社 がすてなーに ガスの科学館,東京ガス株式会社がすてなーにガスの科学館,東京都江東区豊洲6-1-1,東京都江東区豊洲6-1-1,,,,existing_manifest,https://jcsm.jp/list/membership/,existing_manifest_source,existing_manifest,canonical_source_record,110,2026-09-06T16:34:45+00:00,,accepted,
LOC-876e81562e7e0a,MUS-31c29bf74394,Space Travelium TeNQ,13105,文京区,Space Travelium TeNQ,spacetraveliumtenq,東京都文京区後楽1丁目3番61号 東京ドームシティ黄色いビル6F,東京都文京区後楽1丁目3番61号東京ドームシティ黄色いビル6F,,,,existing_manifest,https://www.city.bunkyo.lg.jp/b014/p004189.html,existing_manifest_source,existing_manifest,canonical_source_record,110,2026-09-06T16:34:45+00:00,,accepted,
LOC-27aa9482c7390f,MUS-3541571d7c2c,荏原 畠山記念館,13103,港区,荏原 畠山記念館,荏原畠山記念館,東京都港区白金台2-20-12,東京都港区白金台2-20-12,108-0071,,,verified_override,https://www.hatakeyama-museum.org/guide/access/,facility_official,verified_override,manual_exact_facility,120,2026-09-06T16:34:45+00:00,,accepted,施設公式交通案内で所在地を確認 2026-09-06
LOC-3f7702ebef7cb3,MUS-366b9775dc51,小石川後楽園,13105,文京区,小石川後楽園,小石川後楽園,東京都文京区後楽1丁目6番6号,東京都文京区後楽1丁目6番6号,,,,existing_manifest,https://www.city.bunkyo.lg.jp/b014/p004189.html,existing_manifest_source,existing_manifest,canonical_source_record,110,2026-09-06T16:34:45+00:00,,accepted,
LOC-e9b906c3fbf7f4,MUS-37474a332b6f,わだつみのこえ記念館,13105,文京区,わだつみのこえ記念館,わだつみのこえ記念館,東京都文京区本郷5丁目29番13号 赤門アビタシオン1階,東京都文京区本郷5丁目29番13号赤門アビタシオン1階,,,,existing_manifest,https://www.city.bunkyo.lg.jp/b014/p004189.html,existing_manifest_source,existing_manifest,canonical_source_record,110,2026-09-06T16:34:45+00:00,,accepted,
LOC-13b6c2051d1013,MUS-3815455e28e6,講談社 野間記念館,13105,文京区,講談社 野間記念館,講談社野間記念館,立て替えのため休館中,,,,,existing_manifest,https://www.city.bunkyo.lg.jp/b014/p004189.html,existing_manifest_source,existing_manifest,canonical_source_record,110,2026-09-06T16:34:45+00:00,,rejected_invalid_address,Rejected: value lacks municipality name or street number
LOC-f5fe44e2e54f5b,MUS-395568f7c46b,文化庁国立近現代建築資料館,13105,文京区,文化庁国立近現代建築資料館,文化庁国立近現代建築資料館,東京都文京区湯島4丁目6番15号,東京都文京区湯島4丁目6番15号,,,,existing_manifest,https://www.city.bunkyo.lg.jp/b014/p004189.html,existing_manifest_source,existing_manifest,canonical_source_record,110,2026-09-06T16:34:45+00:00,,accepted,
LOC-9b95bd83401870,MUS-39585e927fe2,東武博物館,13107,墨田区,東武博物館,東武博物館,東京都墨田区東向島4-28-16,東京都墨田区東向島4-28-16,,,,existing_manifest,https://jcsm.jp/list/membership/,existing_manifest_source,existing_manifest,canonical_source_record,110,2026-09-06T16:34:45+00:00,,accepted,
LOC-192d1fc2d79de5,MUS-3a66891c6130,東京農工大学科学博物館,13210,小金井市,東京農工大学科学博物館,東京農工大学科学博物館,東京都小金井市中町2-24-16,東京都小金井市中町2-24-16,,,,existing_manifest,https://museum.bunka.go.jp/guide/,existing_manifest_source,existing_manifest,canonical_source_record,110,2026-09-06T16:34:45+00:00,,accepted,
LOC-5603cbefc6d5c6,MUS-3b41406e10f6,東京海洋大学マリンサイエンスミュージアム,13103,港区,東京海洋大学マリンサイエンスミュージアム,東京海洋大学マリンサイエンスミュージアム,東京都港区港南4-5-7,東京都港区港南4-5-7,,,,existing_manifest,https://museum.bunka.go.jp/guide/,existing_manifest_source,existing_manifest,canonical_source_record,110,2026-09-06T16:34:45+00:00,,accepted,
LOC-b04d0f48a769a3,MUS-3bcefbca9d66,パナソニック汐留美術館,13103,港区,パナソニック汐留美術館,パナソニック汐留美術館,東京都港区東新橋1-5-1 パナソニック東京汐留ビル4階,東京都港区東新橋1-5-1パナソニック東京汐留ビル4階,,,,existing_manifest,https://museum.bunka.go.jp/guide/,existing_manifest_source,existing_manifest,canonical_source_record,110,2026-09-06T16:34:45+00:00,,accepted,
LOC-4c27a172d5c200,MUS-3e0a89b8be69,帝国データバンク史料館,13104,新宿区,帝国データバンク史料館,帝国データバンク史料館,東京都新宿区四谷本塩町14-3,東京都新宿区四谷本塩町14-3,,,,facility_official_page,https://www.tdb-muse.jp/guide/,facility_or_public_official,html_text,canonical_official_url,100,2026-09-06T16:34:45+00:00,cf4c204b09d1cdd052feb8c234bceccc8fd0cfc21897e09bc8f53e7ec33f15d6,accepted,address_score=125
LOC-73e8083605f3db,MUS-3e36eea1f34c,国立公文書館,13101,千代田区,国立公文書館,国立公文書館,東京都千代田区北の丸公園3-2,東京都千代田区北の丸公園3-2,102-0091,,,facility_official_page,https://museum.net.city.chiyoda.lg.jp/list/shisetsu/13.php,facility_or_public_official,html_text,canonical_official_url,100,2026-09-06T16:34:45+00:00,0c8ed1636c1bfd1778de5807294bd43ace9ff0445d68ea13086521d8276fdcfa,accepted,address_score=90
LOC-ca79fdf6e99ba0,MUS-3e441dfef70d,東京理科大学近代科学資料館,13104,新宿区,東京理科大学近代科学資料館,東京理科大学近代科学資料館,東京都新宿区神楽坂1－3,東京都新宿区神楽坂1-3,162-8601,,,facility_official_page,https://www.tus.ac.jp/info/setubi/museum/main/info.html#access,facility_or_public_official,html_text,canonical_official_url,100,2026-09-06T16:34:45+00:00,e97f53931ed435e3035259f50b20728b5046a9ff87ffab0a8cbe6a0adb94a1db,accepted,address_score=100
LOC-9debfa937e84b6,MUS-3f5a1f8fa447,文化学園服飾博物館,13113,渋谷区,文化学園服飾博物館,文化学園服飾博物館,東京都渋谷区代々木3-22-7,東京都渋谷区代々木3-22-7,151-8529,,,facility_official_page,https://museum.bunka.ac.jp/,facility_or_public_official,html_text,canonical_official_url,100,2026-09-06T16:34:45+00:00,07febcbbb886d6a28005403d34b9a8a6c935909435b64a5716fbe2992001c071,accepted,address_score=115
LOC-18b36613c2d698,MUS-3f5a1f8fa447,文化学園服飾博物館,13113,渋谷区,文化学園服飾博物館,文化学園服飾博物館,東京都渋谷区代々木3-22-7,東京都渋谷区代々木3-22-7,,,,cultural_heritage_online,https://online.bunka.go.jp/museums/detail/12288,agency_cultural_portal,structured_detail_page,exact_name_municipality,80,2026-09-06T16:34:45+00:00,78745c26895fddaff1e0deb89a72ac390fd5b41197d29fdab8da07f6daa2d393,matched_candidate,
LOC-669d17c62bd5cf,MUS-3f9800a7ba4c,慶應義塾ミュージアム・コモンズ,13103,港区,慶應義塾ミュージアム・コモンズ,慶應義塾ミュージアムコモンズ,東京都港区三田2-15-45,東京都港区三田2-15-45,,,,existing_manifest,https://www.minato-rekishi.com/musenet/museumlist.html,existing_manifest_source,existing_manifest,canonical_source_record,110,2026-09-06T16:34:45+00:00,,accepted,
LOC-5072d6d54462f5,MUS-4079201ee0a5,東京ミッドタウン・デザインハブ,13103,港区,東京ミッドタウン・デザインハブ,東京ミッドタウンデザインハブ,東京都港区赤坂9-7-1 ミッドタウン・タワー5階,東京都港区赤坂9-7-1ミッドタウン・タワー5階,,,,existing_manifest,https://www.minato-rekishi.com/musenet/museumlist.html,existing_manifest_source,existing_manifest,canonical_source_record,110,2026-09-06T16:34:45+00:00,,accepted,
LOC-d5f563dae95eda,MUS-40ca141966cf,ファーブル昆虫館「虫の詩人の館」,13105,文京区,ファーブル昆虫館「虫の詩人の館」,ファーブル昆虫館「虫の詩人の館」,東京都文京区千駄木5丁目46番6号,東京都文京区千駄木5丁目46番6号,,,,existing_manifest,https://www.city.bunkyo.lg.jp/b014/p004189.html,existing_manifest_source,existing_manifest,canonical_source_record,110,2026-09-06T16:34:45+00:00,,accepted,
LOC-7c3838d9b95cf4,MUS-40daf2ce6bd5,味の素食の文化センター 食文化展示室,13103,港区,味の素食の文化センター 食文化展示室,味の素食の文化センター食文化展示室,東京都港区高輪3-13-65,東京都港区高輪3-13-65,,,,existing_manifest,https://www.minato-rekishi.com/musenet/museumlist.html,existing_manifest_source,existing_manifest,canonical_source_record,110,2026-09-06T16:34:45+00:00,,accepted,
LOC-844a794b9b2e59,MUS-40fc2de9f4c6,目黒寄生虫館,13110,目黒区,目黒寄生虫館,目黒寄生虫館,東京都目黒区下目黒4-1-1,東京都目黒区下目黒4-1-1,,,,existing_manifest,https://museum.bunka.go.jp/guide/,existing_manifest_source,existing_manifest,canonical_source_record,110,2026-09-06T16:34:45+00:00,,accepted,
LOC-93ee8c7a5c6d99,MUS-40fc2de9f4c6,目黒寄生虫館,13110,目黒区,公益財団法人 目黒寄生虫館,目黒寄生虫館,東京都目黒区下目黒4-1-1,東京都目黒区下目黒4-1-1,,,,cultural_heritage_online,https://online.bunka.go.jp/museums/detail/952929,agency_cultural_portal,structured_detail_page,exact_name_municipality,80,2026-09-06T16:34:45+00:00,0803ff7be11a4e38c85590204a74c3813e7103bfd00440e8801c9d754943e57d,matched_candidate,
LOC-7c33cbb25c6e47,MUS-4151a7d66f3e,日本獣医生命科学大学付属博物館,13203,武蔵野市,日本獣医生命科学大学付属博物館,日本獣医生命科学大学付属博物館,東京都武蔵野市境南町1-7-1 日本獣医生命科学大学付属博物館 ※展示室は本学一号棟(本館)内にあります,東京都武蔵野市境南町1-7-1日本獣医生命科学大学付属博物館※展示室は本学一号棟(本館)内にあります,180-8602,,,facility_official_page,https://www.nvlu.ac.jp/universityinstitution/004.html/,facility_or_public_official,html_text,canonical_official_url,100,2026-09-06T16:34:45+00:00,f68c13f9d01fc5633f91526c5f79f8a099c06f316846edcd939ce417d58e7144,accepted,address_score=100
LOC-aee7081a8c5657,MUS-43a903e4e5a2,日本女子大学成瀬記念館,13105,文京区,日本女子大学成瀬記念館,日本女子大学成瀬記念館,東京都文京区目白台2丁目8番1号,東京都文京区目白台2丁目8番1号,,,,existing_manifest,https://museum.bunka.go.jp/guide/,existing_manifest_source,existing_manifest,canonical_source_record,110,2026-09-06T16:34:45+00:00,,accepted,
LOC-570cc75fd04fbb,MUS-43bfff6046a9,野球殿堂博物館,13105,文京区,野球殿堂博物館,野球殿堂博物館,東京都文京区後楽1丁目3番61号,東京都文京区後楽1丁目3番61号,,,,existing_manifest,https://museum.bunka.go.jp/guide/,existing_manifest_source,existing_manifest,canonical_source_record,110,2026-09-06T16:34:45+00:00,,accepted,
LOC-d8e16d5e9512a3,MUS-4529d3c7bd8d,東京国立近代美術館,13101,千代田区,東京国立近代美術館,東京国立近代美術館,東京都千代田区北の丸公園3-1,東京都千代田区北の丸公園3-1,,,,cultural_heritage_online,https://online.bunka.go.jp/museums/detail/178,agency_cultural_portal,structured_detail_page,exact_name_municipality,80,2026-09-06T16:34:45+00:00,a9560a978deca065314960614ee4aa708eb586c94dc29a5069d671a36619eac4,accepted,
LOC-b0997572335d11,MUS-4a0e9a2ab05f,文京ふるさと歴史館,13105,文京区,文京ふるさと歴史館,文京ふるさと歴史館,東京都文京区本郷4丁目9番29号,東京都文京区本郷4丁目9番29号,,,,existing_manifest,https://www.city.bunkyo.lg.jp/b014/p004189.html,existing_manifest_source,existing_manifest,canonical_source_record,110,2026-09-06T16:34:45+00:00,,accepted,
LOC-b44054884e92af,MUS-4ad509aaa29b,明治大学大学史展示室｜明治大学阿久悠記念館,13101,千代田区,明治大学大学史展示室｜明治大学阿久悠記念館,明治大学大学史展示室|明治大学阿久悠記念館,東京都千代田区神田駿河台1-1 明治大学アカデミーコモンB1,東京都千代田区神田駿河台1-1明治大学アカデミーコモンB1,101-8301,,,facility_official_page,https://museum.net.city.chiyoda.lg.jp/list/shisetsu/10.php,facility_or_public_official,html_text,canonical_official_url,100,2026-09-06T16:34:45+00:00,ded4126f301500bc22d2de51f9e15beb27e8cdb46626d6955ba33548bdda650c,accepted,address_score=90
LOC-e63af4236b810a,MUS-4bfb46cb43b7,秋山庄太郎写真芸術館,13103,港区,秋山庄太郎写真芸術館,秋山庄太郎写真芸術館,東京都港区南青山4-18-9,東京都港区南青山4-18-9,,,,existing_manifest,https://www.minato-rekishi.com/musenet/museumlist.html,existing_manifest_source,existing_manifest,canonical_source_record,110,2026-09-06T16:34:45+00:00,,accepted,
LOC-e4b20a9eeba7bd,MUS-4e034605d833,泉岳寺 赤穂義士記念館,13103,港区,泉岳寺 赤穂義士記念館,泉岳寺赤穂義士記念館,東京都港区高輪2-11-1,東京都港区高輪2-11-1,,,,existing_manifest,https://www.minato-rekishi.com/musenet/museumlist.html,existing_manifest_source,existing_manifest,canonical_source_record,110,2026-09-06T16:34:45+00:00,,accepted,
LOC-3d99fbcabd51e2,MUS-4f5e953f810b,練馬区立美術館,13120,練馬区,練馬区立美術館,練馬区立美術館,東京都練馬区貫井1－36－16,東京都練馬区貫井1-36-16,176－0021,,,facility_official_page,https://www.neribun.or.jp/museum.html,facility_or_public_official,html_text,canonical_official_url,100,2026-09-06T16:34:45+00:00,e12e2a4e3dc4b0e9522248a8406e597c6ac55dfa4ad7a9519741b3441068fb43,accepted,address_score=115
LOC-c2272d6c8abbf8,MUS-4fd5bdd8906e,すみだ郷土文化資料館,13107,墨田区,すみだ郷土文化資料館,すみだ郷土文化資料館,東京都墨田区吾妻橋一丁目23番20号,東京都墨田区吾妻橋一丁目23番20号,130-8640,,,facility_official_page,https://www.city.sumida.lg.jp/sisetu_info/siryou/kyoudobunka/,facility_or_public_official,html_text,canonical_official_url,100,2026-09-06T16:34:45+00:00,904158a217db91741e42b0346361c99549d4592ec71b0ae4450c03cb255e1d1f,accepted,address_score=115
LOC-cb8adea15c2d03,MUS-5067ff24b947,フジフイルム スクエア,13103,港区,フジフイルム スクエア,フジフイルムスクエア,東京都港区赤坂9-7-3 東京ミッドタウン,東京都港区赤坂9-7-3東京ミッドタウン,,,,existing_manifest,https://www.minato-rekishi.com/musenet/museumlist.html,existing_manifest_source,existing_manifest,canonical_source_record,110,2026-09-06T16:34:45+00:00,,accepted,
LOC-49e5cd34cd161d,MUS-51d7f85b4908,杉野学園衣裳博物館,13109,品川区,杉野学園衣裳博物館,杉野学園衣裳博物館,東京都品川区上大崎4丁目6番19号,東京都品川区上大崎4丁目6番19号,,,,cultural_heritage_online,https://online.bunka.go.jp/museums/detail/12211,agency_cultural_portal,structured_detail_page,exact_name_municipality,80,2026-09-06T16:34:45+00:00,43589597fceac4f213f750ae264cfb9d1a207bd0892b2d982171463f36516b5d,accepted,
LOC-96022c8e302033,MUS-522dfebcf195,日本医科大学 済生学舎ギャラリー,13105,文京区,日本医科大学 済生学舎ギャラリー,日本医科大学済生学舎ギャラリー,東京都文京区向丘2丁目20番7号,東京都文京区向丘2丁目20番7号,,,,existing_manifest,https://www.city.bunkyo.lg.jp/b014/p004189.html,existing_manifest_source,existing_manifest,canonical_source_record,110,2026-09-06T16:34:45+00:00,,accepted,
LOC-72b38c15e63996,MUS-53cda5b66d39,東京都現代美術館,13108,江東区,東京都現代美術館,東京都現代美術館,東京都江東区三好4-1-1(木場公園内),東京都江東区三好4-1-1(木場公園内),135-0022,,,facility_official_page,https://www.mot-art-museum.jp/,facility_or_public_official,html_text,canonical_official_url,100,2026-09-06T16:34:45+00:00,3366d60e4e0dfa6f1e953999b89cc87b4c221236028f953c552c3c1645296742,accepted,address_score=115
LOC-629b56b3592492,MUS-551749fd6deb,石洞美術館,13121,足立区,石洞美術館,石洞美術館,東京都足立区千住橋戸町23番地,東京都足立区千住橋戸町23番地,120-0038,,,facility_official_page,https://sekido-museum.jp/,facility_or_public_official,html_text,canonical_official_url,100,2026-09-06T16:34:45+00:00,a3fcfd53627cb55f8f38296f6c61d5440ce7ee639db6ea6282ef81e9c38c3189,accepted,address_score=115
LOC-438033dc9b2281,MUS-55a1b90abc63,渋沢史料館,13117,北区,渋沢史料館,渋沢史料館,東京都北区西ヶ原2-16-1,東京都北区西ヶ原2-16-1,114-0024,,,facility_official_page,https://www.shibusawa.or.jp/museum/index.html,facility_or_public_official,html_text,canonical_official_url,100,2026-09-06T16:34:45+00:00,7096fcd4d802b5840fa93ab26ad26cc486ce690ad462f1344d21dca9527a0aaa,accepted,address_score=140
LOC-4254aefc330c30,MUS-5698dca17684,気象庁 気象科学館,13103,港区,気象庁 気象科学館,気象庁気象科学館,東京都港区虎ノ門3-6-9,東京都港区虎ノ門3-6-9,,,,existing_manifest,https://www.minato-rekishi.com/musenet/museumlist.html,existing_manifest_source,existing_manifest,canonical_source_record,110,2026-09-06T16:34:45+00:00,,accepted,
LOC-92ab1a67e64f69,MUS-5a38b0cc93c0,世田谷区立郷土資料館,13112,世田谷区,世田谷区立郷土資料館,世田谷区立郷土資料館,東京都世田谷区世田谷4丁目21番27号,東京都世田谷区世田谷4丁目21番27号,154-8504,,,facility_official_page,https://www.city.setagaya.lg.jp/bunkasports/shougaigakushuu/category/12536.html,facility_or_public_official,html_text,canonical_official_url,100,2026-09-06T16:34:45+00:00,811148d89ed9f3fd6f81fe034e81bbb978880bd5967f04175b381f9d404f4bf3,accepted,address_score=140
LOC-d9836701331cc6,MUS-5a38b0cc93c0,世田谷区立郷土資料館,13112,世田谷区,世田谷区立郷土資料館,世田谷区立郷土資料館,東京都世田谷区世田谷1-29-18,東京都世田谷区世田谷1-29-18,,,,cultural_heritage_online,https://online.bunka.go.jp/museums/detail/12215,agency_cultural_portal,structured_detail_page,exact_name_municipality,80,2026-09-06T16:34:45+00:00,c5a9621321324acb4380c4dd93783b343a0d5185048a7660c607236dcd11f7f4,matched_candidate,
LOC-bfbe849d72cc77,MUS-5b0a2692cdb0,鳩山会館,13105,文京区,鳩山会館,鳩山会館,東京都文京区音羽1丁目7番1号,東京都文京区音羽1丁目7番1号,,,,existing_manifest,https://www.city.bunkyo.lg.jp/b014/p004189.html,existing_manifest_source,existing_manifest,canonical_source_record,110,2026-09-06T16:34:45+00:00,,accepted,
LOC-2fcb9cdee135d2,MUS-5ba077e4f40c,科学技術館,13101,千代田区,科学技術館,科学技術館,東京都千代田区北の丸公園２番１号,東京都千代田区北の丸公園２番１号,,,,facility_official_page,https://www.jsf.or.jp/,facility_or_public_official,html_text,canonical_official_url,100,2026-09-06T16:34:45+00:00,48fe16f179f75407d238026a8bd628b67a26354683c52587ebb9c71145fbb2e9,accepted,address_score=115
LOC-33fdcf4d8e8087,MUS-5c466266da77,港区立郷土歴史館,13103,港区,港区立郷土歴史館,港区立郷土歴史館,東京都港区白金台4-6-2,東京都港区白金台4-6-2,,,,existing_manifest,https://www.minato-rekishi.com/musenet/museumlist.html,existing_manifest_source,existing_manifest,canonical_source_record,110,2026-09-06T16:34:45+00:00,,accepted,
LOC-34f15c723e9c5d,MUS-5cf93e8d8a3b,船の科学館,13109,品川区,船の科学館,船の科学館,東京都品川区東八潮3-1,東京都品川区東八潮3-1,,,,existing_manifest,https://jcsm.jp/list/membership/,existing_manifest_source,existing_manifest,canonical_source_record,110,2026-09-06T16:34:45+00:00,,accepted,
LOC-7310ccea713928,MUS-5d010153218c,東洋大学井上円了記念博物館,13105,文京区,東洋大学井上円了記念博物館,東洋大学井上円了記念博物館,東京都文京区白山5丁目28番20号,東京都文京区白山5丁目28番20号,,,,existing_manifest,https://museum.bunka.go.jp/guide/,existing_manifest_source,existing_manifest,canonical_source_record,110,2026-09-06T16:34:45+00:00,,accepted,
LOC-f04ca576ba03aa,MUS-5d010153218c,東洋大学井上円了記念博物館,13105,文京区,東洋大学 井上円了記念博物館,東洋大学井上円了記念博物館,東京都文京区白山5-28-20 東洋大学 白山キャンパス 5号館1階,東京都文京区白山5-28-20東洋大学白山キャンパス5号館1階,,,,cultural_heritage_online,https://online.bunka.go.jp/museums/detail/952925,agency_cultural_portal,structured_detail_page,exact_name_municipality,80,2026-09-06T16:34:45+00:00,4e88c3ab78f1f4001fe02bd5968c458d62088a4ec30da2813994f7e44b5ea080,matched_candidate,
LOC-966c78c2491dea,MUS-5d8c5464bbdf,足立区立郷土博物館,13121,足立区,足立区立郷土博物館,足立区立郷土博物館,東京都足立区大谷田5-20-1,東京都足立区大谷田5-20-1,,,,cultural_heritage_online,https://online.bunka.go.jp/museums/detail/12158,agency_cultural_portal,structured_detail_page,exact_name_municipality,80,2026-09-06T16:34:45+00:00,a832134e2bfdcf4c0b21151be938ba07da022c5b01d806f57ebf0062355fbd6d,accepted,
LOC-4e2bbb63241750,MUS-613ba5d0ae30,国際基督教大学博物館湯浅八郎記念館,13204,三鷹市,国際基督教大学博物館 湯浅八郎記念館,国際基督教大学博物館湯浅八郎記念館,東京都三鷹市大沢3-10-2,東京都三鷹市大沢3-10-2,,,,cultural_heritage_online,https://online.bunka.go.jp/museums/detail/12193,agency_cultural_portal,structured_detail_page,exact_name_municipality,80,2026-09-06T16:34:45+00:00,6665b2d043ffb583220c4557513920656b66a46f9c736c64660cf3b06e55c4ff,accepted,
LOC-6c2fef4d37262c,MUS-63613e01b74e,明治大学中央図書館ギャラリー,13101,千代田区,明治大学中央図書館ギャラリー,明治大学中央図書館ギャラリー,東京都千代田区神田駿河台1-1リバティタワー1F,東京都千代田区神田駿河台1-1リバティタワー1F,,,,facility_official_page,https://museum.net.city.chiyoda.lg.jp/list/shisetsu/16.php,facility_or_public_official,html_text,canonical_official_url,100,2026-09-06T16:34:45+00:00,246f70eec4cabe627568887ff918ae3e4663b3a15987910a36dc5721911a357c,accepted,address_score=90
LOC-eb76865e2fa52a,MUS-66358923c49f,二松学舎 大学資料展示室,13101,千代田区,二松学舎 大学資料展示室,二松学舎大学資料展示室,東京都千代田区三番町6-16 二松学舎大学1号館B3F,東京都千代田区三番町6-16二松学舎大学1号館B3F,102-8336,,,facility_official_page,https://museum.net.city.chiyoda.lg.jp/list/shisetsu/26.php,facility_or_public_official,html_text,canonical_official_url,100,2026-09-06T16:34:45+00:00,87ecd465ae09f97ca52d592d7d73163734276c086ecb75e012d9cec30ea76182,accepted,address_score=90
LOC-881fce6df2bc5a,MUS-67701c04a67e,民音音楽博物館,13104,新宿区,民音音楽博物館,民音音楽博物館,東京都新宿区信濃町8番地,東京都新宿区信濃町8番地,160-8588,,,facility_official_page,https://museum.min-on.or.jp/guide/east/,facility_or_public_official,html_text,canonical_official_url,100,2026-09-06T16:34:45+00:00,81ece9f5a576770479939381468fe0108e145ee4335cddc6288de53f03e60f42,accepted,address_score=125
LOC-f2037edf5fb8fa,MUS-6831472ef464,村内美術館,13201,八王子市,公益財団法人村内美術館,村内美術館,東京都八王子市左入町787,東京都八王子市左入町787,,,,cultural_heritage_online,https://online.bunka.go.jp/museums/detail/12299,agency_cultural_portal,structured_detail_page,exact_name_municipality,80,2026-09-06T16:34:45+00:00,7fc5e93e38bdc93c3147d71163540ca6b8ff9a0c0b74d1747c2f447e0a64546a,accepted,
LOC-74f0782feb08c8,MUS-69575acd7fbd,元町小学校歴史展示室,13105,文京区,元町小学校歴史展示室,元町小学校歴史展示室,東京都文京区本郷1丁目1番19号,東京都文京区本郷1丁目1番19号,,,,existing_manifest,https://www.city.bunkyo.lg.jp/b014/p004189.html,existing_manifest_source,existing_manifest,canonical_source_record,110,2026-09-06T16:34:45+00:00,,accepted,
LOC-3f7d968e3b33c6,MUS-6a41ca15d0f5,根津美術館,13103,港区,根津美術館,根津美術館,東京都港区南青山6-5-1,東京都港区南青山6-5-1,,,,existing_manifest,https://museum.bunka.go.jp/guide/,existing_manifest_source,existing_manifest,canonical_source_record,110,2026-09-06T16:34:45+00:00,,accepted,
LOC-1e7394758eef9b,MUS-6a41ca15d0f5,根津美術館,13103,港区,公益財団法人 根津美術館,根津美術館,東京都港区南青山6-5-1,東京都港区南青山6-5-1,,,,cultural_heritage_online,https://online.bunka.go.jp/museums/detail/12269,agency_cultural_portal,structured_detail_page,exact_name_municipality,80,2026-09-06T16:34:45+00:00,5587d28393626e1cdad503370df7274c4e0e16d6d9f5b1817ea98dac16f8fbaf,matched_candidate,
LOC-cb74b0ce9d024d,MUS-6bcd97c46deb,三菱史料館,13105,文京区,三菱史料館,三菱史料館,東京都文京区湯島4丁目10番14号,東京都文京区湯島4丁目10番14号,,,,existing_manifest,https://www.city.bunkyo.lg.jp/b014/p004189.html,existing_manifest_source,existing_manifest,canonical_source_record,110,2026-09-06T16:34:45+00:00,,accepted,
LOC-65b2505d3ee7e4,MUS-6c8ec7a914cd,多摩動物公園,13212,日野市,多摩動物公園,多摩動物公園,東京都日野市程久保7-1-1,東京都日野市程久保7-1-1,,,,existing_manifest,https://museum.bunka.go.jp/guide/,existing_manifest_source,existing_manifest,canonical_source_record,110,2026-09-06T16:34:45+00:00,,accepted,
LOC-82960ef4a41fe7,MUS-6ce023bc8c05,サンシャイン水族館,13116,豊島区,サンシャイン水族館,サンシャイン水族館,東京都豊島区東池袋3-1 サンシャインシティ,東京都豊島区東池袋3-1サンシャインシティ,,,,existing_manifest,https://www.jaza.jp/about-jaza/structure/list-aquarium,existing_manifest_source,existing_manifest,canonical_source_record,110,2026-09-06T16:34:45+00:00,,accepted,
LOC-563b60736e5d48,MUS-6d198846657f,港区立みなと科学館,13103,港区,港区立みなと科学館,港区立みなと科学館,東京都港区虎ノ門3-6-9,東京都港区虎ノ門3-6-9,,,,existing_manifest,https://jcsm.jp/list/membership/,existing_manifest_source,existing_manifest,canonical_source_record,110,2026-09-06T16:34:45+00:00,,accepted,
LOC-c599a51f75c569,MUS-6dca9cbab122,東村山ふるさと歴史館,13213,東村山市,東村山ふるさと歴史館,東村山ふるさと歴史館,東京都東村山市諏訪町１－６－３,東京都東村山市諏訪町１-６-３,,,,cultural_heritage_online,https://online.bunka.go.jp/museums/detail/12279,agency_cultural_portal,structured_detail_page,exact_name_municipality,80,2026-09-06T16:34:45+00:00,b54067df7abe5b987edf2a832e4fac5fb0b2ac69044e48a673e7b9bae71a4707,accepted,
LOC-988132af5e8aee,MUS-6e7afe17ea5b,講道館 柔道資料館・図書館,13105,文京区,講道館 柔道資料館・図書館,講道館柔道資料館図書館,東京都文京区春日1丁目16番30号,東京都文京区春日1丁目16番30号,,,,existing_manifest,https://www.city.bunkyo.lg.jp/b014/p004189.html,existing_manifest_source,existing_manifest,canonical_source_record,110,2026-09-06T16:34:45+00:00,,accepted,
LOC-e7bf53091345c1,MUS-6f7d79ed5248,ヨックモックミュージアム,13103,港区,ヨックモックミュージアム,ヨックモックミュージアム,東京都港区南青山6-15−1,東京都港区南青山6-15-1,,,,existing_manifest,https://www.minato-rekishi.com/musenet/museumlist.html,existing_manifest_source,existing_manifest,canonical_source_record,110,2026-09-06T16:34:45+00:00,,accepted,
LOC-764112f93932e2,MUS-74d0265798bd,丸紅ギャラリー,13101,千代田区,丸紅ギャラリー,丸紅ギャラリー,東京都千代田区大手町1-4-2 丸紅ビル3F,東京都千代田区大手町1-4-2丸紅ビル3F,100-8088,,,facility_official_page,https://museum.net.city.chiyoda.lg.jp/list/shisetsu/31.php,facility_or_public_official,html_text,canonical_official_url,100,2026-09-06T16:34:45+00:00,98fb2ff53664583c1966825ce002dc6297779fe12aec6aae423835a4bbc4a8ab,accepted,address_score=90
LOC-cf08806554ff26,MUS-74f48569201f,出光美術館,13101,千代田区,出光美術館,出光美術館,東京都千代田区丸の内3-1-1,東京都千代田区丸の内3-1-1,,,,facility_official_page,https://idemitsu-museum.or.jp/about/outline/,facility_or_public_official,html_text,canonical_official_url,100,2026-09-06T16:34:45+00:00,6d0859be5f1c88ccc7e812bd4333f4c888aa0b64542c54f8578615bbd0233ad9,accepted,address_score=150
LOC-59531bec38e62b,MUS-76ab79655e20,国立新美術館,13103,港区,国立新美術館,国立新美術館,東京都港区六本木7-22-2,東京都港区六本木7-22-2,,,,existing_manifest,https://www.minato-rekishi.com/musenet/museumlist.html,existing_manifest_source,existing_manifest,canonical_source_record,110,2026-09-06T16:34:45+00:00,,accepted,
LOC-dc39964f00fc17,MUS-7ac45ed811fa,明治大学博物館,13101,千代田区,明治大学博物館,明治大学博物館,東京都千代田区神田駿河台1-1 アカデミーコモン地階,東京都千代田区神田駿河台1-1アカデミーコモン地階,101-8301,,,facility_official_page,https://www.meiji.ac.jp/museum/,facility_or_public_official,html_text,canonical_official_url,100,2026-09-06T16:34:45+00:00,7a2f97777a50faa045cca0cd5c579f5e817273ee74dfda3456209796b3418c5c,accepted,address_score=115
LOC-67167f4957744f,MUS-7ac45ed811fa,明治大学博物館,13101,千代田区,明治大学博物館,明治大学博物館,東京都千代田区神田駿河台１－１ アカデミーコモン地階,東京都千代田区神田駿河台１-１アカデミーコモン地階,,,,cultural_heritage_online,https://online.bunka.go.jp/museums/detail/12301,agency_cultural_portal,structured_detail_page,exact_name_municipality,80,2026-09-06T16:34:45+00:00,5519b83e95ad560f1ec67b00fa01f06531e8fec3a42cf4e59b435aef4c219f7a,matched_candidate,
LOC-ef338c735298f9,MUS-7b88b70cda47,岡本太郎記念館,13103,港区,岡本太郎記念館,岡本太郎記念館,東京都港区南青山6-1-19,東京都港区南青山6-1-19,,,,existing_manifest,https://www.minato-rekishi.com/musenet/museumlist.html,existing_manifest_source,existing_manifest,canonical_source_record,110,2026-09-06T16:34:45+00:00,,accepted,
LOC-a18c4663e722f2,MUS-7bdbbcaea24c,HOSEI ミュージアム,13101,千代田区,HOSEI ミュージアム,hoseiミュージアム,東京都千代田区九段北3-3-5 法政大学九段北校舎1F,東京都千代田区九段北3-3-5法政大学九段北校舎1F,102-0073,,,facility_official_page,https://museum.net.city.chiyoda.lg.jp/list/shisetsu/29.php,facility_or_public_official,html_text,canonical_official_url,100,2026-09-06T16:34:45+00:00,81f20a966037a11b73b4379aa8f8ff7c055ffdb8d59f42dfe66c14bd37100744,accepted,address_score=90
LOC-1156801a24b9e2,MUS-7cbedc47f65c,佐藤美術館,13104,新宿区,佐藤美術館,佐藤美術館,東京都新宿区大京町31-10,東京都新宿区大京町31-10,160-0015,,,facility_official_page,http://sato-museum.la.coocan.jp/,facility_or_public_official,html_text,canonical_official_url,100,2026-09-06T16:34:45+00:00,4d63a5739006f33478a382a62c7e2e09b48dc0b20d651bc8bb81ec520ba937e6,accepted,address_score=115
LOC-105623f2fbaccc,MUS-8282bfcd5907,松岡美術館,13103,港区,松岡美術館,松岡美術館,東京都港区白金台5-12-6,東京都港区白金台5-12-6,,,,existing_manifest,https://www.minato-rekishi.com/musenet/museumlist.html,existing_manifest_source,existing_manifest,canonical_source_record,110,2026-09-06T16:34:45+00:00,,accepted,
LOC-99e9b6c94e85c0,MUS-82aebabc0693,虎屋 赤坂ギャラリー,13103,港区,虎屋 赤坂ギャラリー,虎屋赤坂ギャラリー,東京都港区赤坂4-9-22,東京都港区赤坂4-9-22,,,,existing_manifest,https://www.minato-rekishi.com/musenet/museumlist.html,existing_manifest_source,existing_manifest,canonical_source_record,110,2026-09-06T16:34:45+00:00,,accepted,
LOC-44fbb7d4aba0aa,MUS-83a00a8673c3,衆議院憲政記念館,13101,千代田区,衆議院憲政記念館,衆議院憲政記念館,東京都千代田区永田町1-8-1,東京都千代田区永田町1-8-1,100-0014,,,facility_official_page,https://museum.net.city.chiyoda.lg.jp/list/shisetsu/04.php,facility_or_public_official,html_text,canonical_official_url,100,2026-09-06T16:34:45+00:00,b9f6e1ca9eff29d0d66ee707459b108bb2273bc1218339df088abf796a541e3c,accepted,address_score=90
LOC-6c5c21e3854a9c,MUS-83ecd2d261da,日本大学文理学部資料館,13112,世田谷区,日本大学文理学部資料館,日本大学文理学部資料館,東京都世田谷区桜上水3-25-40 図書館棟1階,東京都世田谷区桜上水3-25-40図書館棟1階,156-8550,,,facility_official_page,https://chs.nihon-u.ac.jp/museum/,facility_or_public_official,html_text,canonical_official_url,100,2026-09-06T16:34:45+00:00,370c38ab19ed655758c29ba25df4895f06392847585213ee39bfcbd159b10ac0,accepted,address_score=90
LOC-97e79c42860183,MUS-83ecd2d261da,日本大学文理学部資料館,13112,世田谷区,日本大学文理学部資料館,日本大学文理学部資料館,東京都世田谷区桜上水3-25-40,東京都世田谷区桜上水3-25-40,,,,cultural_heritage_online,https://online.bunka.go.jp/museums/detail/13787,agency_cultural_portal,structured_detail_page,exact_name_municipality,80,2026-09-06T16:34:45+00:00,8a7da729269b0910c6a1c829dc36e79d6862115dc1fbda691672eed45c0b9f8c,matched_candidate,
LOC-d0585f44769bea,MUS-84afc5895616,東京工芸大学芸術学部写大ギャラリー,13114,中野区,東京工芸大学芸術学部写大ギャラリー,東京工芸大学芸術学部写大ギャラリー,東京都中野区本町２-４-７ 5号館（芸術情報館）２Ｆ,東京都中野区本町２-４-７5号館（芸術情報館）２Ｆ,164-8678,,,facility_official_page,https://www.shadai.t-kougei.ac.jp,facility_or_public_official,html_text,canonical_official_url,100,2026-09-06T16:34:45+00:00,9f0741ac6207e3ac7c9255461a3556ddcd0a2fb885b2ab8799591096b7ecdbda,accepted,address_score=115
LOC-424e2603872931,MUS-863686318cb0,日枝神社宝物殿,13101,千代田区,日枝神社宝物殿,日枝神社宝物殿,東京都千代田区永田町2-10-5,東京都千代田区永田町2-10-5,100-0014,,,facility_official_page,https://museum.net.city.chiyoda.lg.jp/list/shisetsu/12.php,facility_or_public_official,html_text,canonical_official_url,100,2026-09-06T16:34:45+00:00,9f564067119e9dc7b15181a07ba03d3276811fe205ebe12cc13390ba2d9623f2,accepted,address_score=90
LOC-83cec9d3b617fd,MUS-8708d6999c0d,太田記念美術館,13113,渋谷区,太田記念美術館,太田記念美術館,東京都渋谷区神宮前1-10-10,東京都渋谷区神宮前1-10-10,150-0001,,,facility_official_page,https://www.ukiyoe-ota-muse.jp/,facility_or_public_official,html_text,canonical_official_url,100,2026-09-06T16:34:45+00:00,c43d39a534d36bc0559ad7eb8f3fdf6068e18c768c6a854de69d974ac3139690,accepted,address_score=115
LOC-5a6998afc9e75a,MUS-87447d45a91c,和洋学園 硯友社文庫,13101,千代田区,和洋学園 硯友社文庫,和洋学園硯友社文庫,東京都千代田区九段北1-12-12 和洋九段女子中学校高等学校内,東京都千代田区九段北1-12-12和洋九段女子中学校高等学校内,102-0073,,,facility_official_page,https://museum.net.city.chiyoda.lg.jp/list/shisetsu/32.php,facility_or_public_official,html_text,canonical_official_url,100,2026-09-06T16:34:45+00:00,26855108d84847936b1a38ff65403ac9e95a4cde11489f867e6650e5de0fdacd,accepted,address_score=90
LOC-5f86ea247b8bd1,MUS-874e9f22d9a9,町田リス園,13209,町田市,町田リス園,町田リス園,東京都町田市薬師台1-733-1,東京都町田市薬師台1-733-1,,,,existing_manifest,https://www.jaza.jp/about-jaza/structure/list-zoo,existing_manifest_source,existing_manifest,canonical_source_record,110,2026-09-06T16:34:45+00:00,,accepted,
LOC-058758ea9debb2,MUS-8883e003c8c2,三菱一号館美術館,13101,千代田区,三菱一号館美術館,三菱一号館美術館,東京都千代田区丸の内2-6-2,東京都千代田区丸の内2-6-2,100-0005,,,facility_official_page,https://mimt.jp/access/,facility_or_public_official,html_text,canonical_official_url,100,2026-09-06T16:34:45+00:00,d88c930bb8341c2c61b94f0f906aa0de1271293afdfc49b907f40a2512033a4f,accepted,address_score=115
LOC-38b288be3dff67,MUS-8a07d4c3ad5b,東京科学大学博物館,13110,目黒区,東京科学大学博物館,東京科学大学博物館,東京都目黒区大岡山2-12-1,東京都目黒区大岡山2-12-1,,,,existing_manifest,https://museum.bunka.go.jp/guide/,existing_manifest_source,existing_manifest,canonical_source_record,110,2026-09-06T16:34:45+00:00,,accepted,
LOC-4b3daa14124373,MUS-8a07d4c3ad5b,東京科学大学博物館,13110,目黒区,東京科学大学博物館,東京科学大学博物館,東京都目黒区大岡山2-12-1,東京都目黒区大岡山2-12-1,,,,cultural_heritage_online,https://online.bunka.go.jp/museums/detail/13793,agency_cultural_portal,structured_detail_page,exact_name_municipality,80,2026-09-06T16:34:45+00:00,16327bb3bf0622748309ea2353b31a06040b371d96ffede9795815a8d5d12ece,matched_candidate,
LOC-cb4da96a58536d,MUS-8b4cb59b18ff,早稲田大学坪内博士記念演劇博物館,13104,新宿区,早稲田大学坪内博士記念演劇博物館,早稲田大学坪内博士記念演劇博物館,東京都新宿区西早稲田1-6-1,東京都新宿区西早稲田1-6-1,169-8050,,,facility_official_page,https://enpaku.w.waseda.jp/,facility_or_public_official,html_text,canonical_official_url,100,2026-09-06T16:34:45+00:00,dc63c1cc9fd67dd2ed8492f181e23cb3335ebf5e70c09103568e65c6695e3d8d,accepted,address_score=80
LOC-c78840731d34c8,MUS-8b4cb59b18ff,早稲田大学坪内博士記念演劇博物館,13104,新宿区,早稲田大学坪内博士記念演劇博物館,早稲田大学坪内博士記念演劇博物館,東京都新宿区西早稲田1-6-1,東京都新宿区西早稲田1-6-1,,,,cultural_heritage_online,https://online.bunka.go.jp/museums/detail/12311,agency_cultural_portal,structured_detail_page,exact_name_municipality,80,2026-09-06T16:34:45+00:00,92f0c662b67356b64730d9b6d3a2508a6e526e7cf1814431ff6562605efde931,matched_candidate,
LOC-fb50d18da27c39,MUS-8bfc217e0022,実践女子学園香雪記念資料館,13113,渋谷区,実践女子学園香雪記念資料館,実践女子学園香雪記念資料館,東京都渋谷区東1-1-49 実践女子大学渋谷キャンパス内,東京都渋谷区東1-1-49実践女子大学渋谷キャンパス内,150-8538,,,facility_official_page,https://www.jissen.ac.jp/kosetsu/,facility_or_public_official,html_text,canonical_official_url,100,2026-09-06T16:34:45+00:00,181464a809bd0ea7489f3b226021d2e73c7b9ff4cc51fe14a9bc7c3f3e27b177,accepted,address_score=90
LOC-893281f405c8c0,MUS-8d0ea4296399,東京都水道歴史館,13105,文京区,東京都水道歴史館,東京都水道歴史館,東京都文京区本郷2丁目7番1号,東京都文京区本郷2丁目7番1号,,,,existing_manifest,https://www.city.bunkyo.lg.jp/b014/p004189.html,existing_manifest_source,existing_manifest,canonical_source_record,110,2026-09-06T16:34:45+00:00,,accepted,
LOC-be8ff0c428c01a,MUS-8d5832d989c6,紅ミュージアム,13103,港区,紅ミュージアム,紅ミュージアム,東京都港区南青山6-6-20 K's南青山ビル1階,東京都港区南青山6-6-20K's南青山ビル1階,,,,existing_manifest,https://www.minato-rekishi.com/musenet/museumlist.html,existing_manifest_source,existing_manifest,canonical_source_record,110,2026-09-06T16:34:45+00:00,,accepted,
LOC-4ba68a3e81a181,MUS-8e2cf69e0c7a,成蹊学園史料館,13203,武蔵野市,成蹊学園史料館,成蹊学園史料館,東京都武蔵野市吉祥寺北町3-3-1,東京都武蔵野市吉祥寺北町3-3-1,180-8633,,,facility_official_page,https://www.seikei.ac.jp/gakuen/archive/,facility_or_public_official,html_text,canonical_official_url,100,2026-09-06T16:34:45+00:00,8dfcb9fd0351692058972409e7ac5faf7c779de8038d9b2de18782b728d9f12a,accepted,address_score=115
LOC-0a7b01441772f5,MUS-8e5e9fe2bc6a,お茶の水おりがみ会館,13105,文京区,お茶の水おりがみ会館,お茶の水おりがみ会館,東京都文京区湯島1丁目7番14号,東京都文京区湯島1丁目7番14号,,,,existing_manifest,https://www.city.bunkyo.lg.jp/b014/p004189.html,existing_manifest_source,existing_manifest,canonical_source_record,110,2026-09-06T16:34:45+00:00,,accepted,
LOC-30d9ce10121eb5,MUS-8e6328fb6fb4,JPタワー学術文化総合ミュージアム インターメディアテク,13101,千代田区,JPタワー学術文化総合ミュージアム インターメディアテク,jpタワー学術文化総合ミュージアムインターメディアテク,東京都千代田区丸の内2-7-2 ＫＩＴＴＥ 2・3F,東京都千代田区丸の内2-7-2ＫＩＴＴＥ2・3F,100-7003,,,facility_official_page,https://museum.net.city.chiyoda.lg.jp/list/shisetsu/21.php,facility_or_public_official,html_text,canonical_official_url,100,2026-09-06T16:34:45+00:00,bab50f6280904ebeeda264a8fc573c7068661b70504a20f583616448ab154859,accepted,address_score=90
LOC-3bb4ad3c572262,MUS-8f5af06f8e57,今井館,13105,文京区,今井館,今井館,東京都文京区本駒込6丁目11番15号,東京都文京区本駒込6丁目11番15号,,,,existing_manifest,https://www.city.bunkyo.lg.jp/b014/p004189.html,existing_manifest_source,existing_manifest,canonical_source_record,110,2026-09-06T16:34:45+00:00,,accepted,
LOC-7f31c56af80939,MUS-907ddf044ee3,共同通信社 ニュースアート,13103,港区,共同通信社 ニュースアート,共同通信社ニュースアート,東京都港区東新橋1-7-1 汐留メディアタワー,東京都港区東新橋1-7-1汐留メディアタワー,,,,existing_manifest,https://www.minato-rekishi.com/musenet/museumlist.html,existing_manifest_source,existing_manifest,canonical_source_record,110,2026-09-06T16:34:45+00:00,,accepted,
LOC-1c6abcbb7f85b0,MUS-91e76427b3ff,慶應義塾大学アート・センター,13103,港区,慶應義塾大学アート・センター,慶應義塾大学アートセンター,東京都港区三田2-15-45,東京都港区三田2-15-45,,,,existing_manifest,https://museum.bunka.go.jp/guide/,existing_manifest_source,existing_manifest,canonical_source_record,110,2026-09-06T16:34:45+00:00,,accepted,
LOC-51f53b7ae2e016,MUS-91eb434b1f47,物流博物館,13103,港区,物流博物館,物流博物館,東京都港区高輪4-7-15,東京都港区高輪4-7-15,,,,existing_manifest,https://museum.bunka.go.jp/guide/,existing_manifest_source,existing_manifest,canonical_source_record,110,2026-09-06T16:34:45+00:00,,accepted,
LOC-bb3c5c073c3d69,MUS-93148e99ad25,ＮＨＫ放送博物館,13103,港区,ＮＨＫ放送博物館,nhk放送博物館,東京都港区愛宕2-1-1,東京都港区愛宕2-1-1,,,,existing_manifest,https://museum.bunka.go.jp/guide/,existing_manifest_source,existing_manifest,canonical_source_record,110,2026-09-06T16:34:45+00:00,,accepted,
LOC-590679dfefc95d,MUS-9807faa03bcb,江戸川区自然動物園,13123,江戸川区,江戸川区自然動物園,江戸川区自然動物園,東京都江戸川区北葛西3-2-1,東京都江戸川区北葛西3-2-1,,,,existing_manifest,https://www.jaza.jp/about-jaza/structure/list-zoo,existing_manifest_source,existing_manifest,canonical_source_record,110,2026-09-06T16:34:45+00:00,,accepted,
LOC-4a43156ebfa9d5,MUS-987f00e0bdd9,國學院大學博物館,13113,渋谷区,國學院大學博物館,國學院大學博物館,東京都渋谷区東4-10-28,東京都渋谷区東4-10-28,150-8440,,,facility_official_page,https://museum.kokugakuin.ac.jp/,facility_or_public_official,html_text,canonical_official_url,100,2026-09-06T16:34:45+00:00,00dd953f291e22a8c4c1c7e101d22202c10d76ddbcc2b4f1f62184a9f17314d2,accepted,address_score=115
LOC-8430b8c38865bb,MUS-9bc5f5f13c4e,日本民藝館,13110,目黒区,日本民藝館,日本民藝館,東京都目黒区駒場4-3-33,東京都目黒区駒場4-3-33,153-0041,,,facility_official_page,https://mingeikan.or.jp/,facility_or_public_official,html_text,canonical_official_url,100,2026-09-06T16:34:45+00:00,92b20991a90f40362baa8d8a19b8931f2e21eb8527500d05314c2c57e7c5af94,accepted,address_score=115
LOC-bc4dc0ea7edfe9,MUS-9fc5c645bc44,赤十字情報プラザ,13103,港区,赤十字情報プラザ,赤十字情報プラザ,東京都港区芝大門1-1-3,東京都港区芝大門1-1-3,,,,existing_manifest,https://www.minato-rekishi.com/musenet/museumlist.html,existing_manifest_source,existing_manifest,canonical_source_record,110,2026-09-06T16:34:45+00:00,,accepted,
LOC-51c6bdb68f5609,MUS-a05dd0225aa2,切手の博物館,13116,豊島区,切手の博物館,切手の博物館,東京都豊島区目白1-4-23,東京都豊島区目白1-4-23,,,,verified_override,https://kitte-museum.jp/guide/access/,facility_official,verified_override,manual_exact_facility,120,2026-09-06T16:34:45+00:00,,accepted,施設公式アクセスページで所在地を確認 2026-09-06
LOC-fcec28f1ed9fc9,MUS-a05fae49039a,21_21 DESIGN SIGHT,13103,港区,21_21 DESIGN SIGHT,21_21designsight,東京都港区赤坂9-7-6 東京ミッドタウン ミッドタウン・ガーデン,東京都港区赤坂9-7-6東京ミッドタウンミッドタウン・ガーデン,,,,existing_manifest,https://www.minato-rekishi.com/musenet/museumlist.html,existing_manifest_source,existing_manifest,canonical_source_record,110,2026-09-06T16:34:45+00:00,,accepted,
LOC-7602ca5a8e365e,MUS-a35792eef1c2,たばこと塩の博物館,13107,墨田区,たばこと塩の博物館,たばこと塩の博物館,東京都墨田区横川1-16-3,東京都墨田区横川1-16-3,,,,existing_manifest,https://jcsm.jp/list/membership/,existing_manifest_source,existing_manifest,canonical_source_record,110,2026-09-06T16:34:45+00:00,,accepted,
LOC-9fdfdfcb27226e,MUS-a44cfd6cc5c2,皇居三の丸尚蔵館,13101,千代田区,皇居三の丸尚蔵館,皇居三の丸尚蔵館,東京都千代田区千代田1-8 皇居東御苑内,東京都千代田区千代田1-8皇居東御苑内,100-0001,,,verified_override,https://shozokan.nich.go.jp/visit/access,national_institution_official,verified_override,manual_exact_facility,120,2026-09-06T16:34:45+00:00,,accepted,国立施設公式交通アクセスで所在地を確認 2026-09-06
LOC-7b3a89befdcc99,MUS-a5eeb719597b,味の素グループ 食とくらしの小さな博物館,13103,港区,味の素グループ 食とくらしの小さな博物館,味の素グループ食とくらしの小さな博物館,東京都港区高輪3-13-65,東京都港区高輪3-13-65,,,,existing_manifest,https://www.minato-rekishi.com/musenet/museumlist.html,existing_manifest_source,existing_manifest,canonical_source_record,110,2026-09-06T16:34:45+00:00,,accepted,
LOC-2c692ae0c8e560,MUS-a6d4544423a3,昭和天皇記念館,13202,立川市,昭和天皇記念館,昭和天皇記念館,東京都立川市緑町3173 花みどり文化センター内,東京都立川市緑町3173花みどり文化センター内,190-0014,,,facility_official_page,https://f-showa.or.jp/museum/,facility_or_public_official,html_text,canonical_official_url,100,2026-09-06T16:34:45+00:00,09dc0501fdc9c075a7e37c00f2713f02894d83ec2e170d11e8e89169f4afaf2e,accepted,address_score=125
LOC-2b0b1bcd6503eb,MUS-a77d4b366be2,東京家政学院生活文化博物館,13209,町田市,東京家政学院生活文化博物館,東京家政学院生活文化博物館,東京都町田市相原町2600,東京都町田市相原町2600,,,,facility_official_page,https://www.kasei-gakuin.ac.jp/campuslife/museum/,facility_or_public_official,html_text,canonical_official_url,100,2026-09-06T16:34:45+00:00,c0135fa324d5ecd0339abc72c8aff5bfa1aff93700835ef7d20964a5229c5dca,accepted,address_score=115
LOC-267ea9eb90d530,MUS-a77d4b366be2,東京家政学院生活文化博物館,13209,町田市,東京家政学院生活文化博物館,東京家政学院生活文化博物館,東京都町田市相原町2600,東京都町田市相原町2600,,,,cultural_heritage_online,https://online.bunka.go.jp/museums/detail/13799,agency_cultural_portal,structured_detail_page,exact_name_municipality,80,2026-09-06T16:34:45+00:00,7d6d1d8fcc24616d777593263156197ab8a41e1690c9ace4558f0defbcb6fd39,matched_candidate,
LOC-3ec9cbf262aa94,MUS-a7bc9c0ef912,東大和市立郷土博物館,13220,東大和市,東大和市立郷土博物館,東大和市立郷土博物館,東京都東大和市中央3-930,東京都東大和市中央3-930,207-8585,,,facility_official_page,https://www.city.higashiyamato.lg.jp/bunkasports/museum/index.html,facility_or_public_official,html_text,canonical_official_url,100,2026-09-06T16:34:45+00:00,d3bfd6ed7fc3221dd27ccd3e27fc6d22a0fad595900b1bc34816064bb41bd52b,accepted,address_score=125
LOC-bd2024da508690,MUS-aa0de6e57507,一般財団法人 千秋文庫,13101,千代田区,一般財団法人 千秋文庫,千秋文庫,東京都千代田区九段南2-1-32,東京都千代田区九段南2-1-32,102-0074,,,facility_official_page,https://museum.net.city.chiyoda.lg.jp/list/shisetsu/06.php,facility_or_public_official,html_text,canonical_official_url,100,2026-09-06T16:34:45+00:00,c2c55a5bfcbe18fa91da9ba9581dee36fecd7041e31e6c029622f2c066ded511,accepted,address_score=90
LOC-dafe3e666c51a5,MUS-aa1609d7a998,史跡湯島聖堂 財団法人斯文会,13105,文京区,史跡湯島聖堂 財団法人斯文会,史跡湯島聖堂財団法人斯文会,東京都文京区湯島1丁目4番25号 湯島聖堂内,東京都文京区湯島1丁目4番25号湯島聖堂内,,,,existing_manifest,https://www.city.bunkyo.lg.jp/b014/p004189.html,existing_manifest_source,existing_manifest,canonical_source_record,110,2026-09-06T16:34:45+00:00,,accepted,
LOC-0b53b0f4275108,MUS-aa72866cf092,東京農業大学「食と農」の博物館,13112,世田谷区,東京農業大学「食と農」の博物館,東京農業大学「食と農」の博物館,東京都世田谷区上用賀2-4-28,東京都世田谷区上用賀2-4-28,158-0098,,,facility_official_page,https://www.nodai.ac.jp/campus/facilities/syokutonou/,facility_or_public_official,html_text,canonical_official_url,100,2026-09-06T16:34:45+00:00,a6f336ac85ca5c353e8d2891714e7a77b366ae295ddab46ce2cf5d0fc00240ed,accepted,address_score=100
LOC-5324db7664e9e5,MUS-aa72866cf092,東京農業大学「食と農」の博物館,13112,世田谷区,東京農業大学「食と農」の博物館,東京農業大学「食と農」の博物館,東京都世田谷区上用賀2-4-28,東京都世田谷区上用賀2-4-28,,,,cultural_heritage_online,https://online.bunka.go.jp/museums/detail/13782,agency_cultural_portal,structured_detail_page,exact_name_municipality,80,2026-09-06T16:34:45+00:00,127f6e81877d83cbf4fdb154dfc9cf9f37f8193b542c79a7d4f20791b30092cc,matched_candidate,
LOC-dd217c03f4eeed,MUS-aabc3cacbbbf,東京富士美術館,13201,八王子市,公益財団法人 東京富士美術館,東京富士美術館,東京都八王子市谷野町492-1,東京都八王子市谷野町492-1,,,,cultural_heritage_online,https://online.bunka.go.jp/museums/detail/12257,agency_cultural_portal,structured_detail_page,exact_name_municipality,80,2026-09-06T16:34:45+00:00,12028b1cab607135f03194a60e95660763bfac59abfe8ef5f3b8b5acb2e9b7e5,accepted,
LOC-6406a3d9e48948,MUS-ac49a46ba464,東京オペラシティアートギャラリー,13104,新宿区,東京オペラシティアートギャラリー,東京オペラシティアートギャラリー,東京都新宿区西新宿3-20-2,東京都新宿区西新宿3-20-2,163-1403,,,verified_override,https://www.operacity.jp/ag/access/,facility_official,verified_override,manual_exact_facility,120,2026-09-06T16:34:45+00:00,,accepted,施設公式アクセスページで所在地を確認 2026-09-06
LOC-2143715f6136f0,MUS-acce509ac8c5,サントリー美術館,13103,港区,サントリー美術館,サントリー美術館,東京都港区赤坂9-7-4 東京ミッドタウン ガレリア3階,東京都港区赤坂9-7-4東京ミッドタウンガレリア3階,,,,existing_manifest,https://www.minato-rekishi.com/musenet/museumlist.html,existing_manifest_source,existing_manifest,canonical_source_record,110,2026-09-06T16:34:45+00:00,,accepted,
LOC-5dff70be300e50,MUS-ad8f78f2afa3,昭和館,13101,千代田区,昭和館,昭和館,東京都千代田区九段南1-6-1,東京都千代田区九段南1-6-1,102-0074,,,facility_official_page,https://museum.net.city.chiyoda.lg.jp/list/shisetsu/05.php,facility_or_public_official,html_text,canonical_official_url,100,2026-09-06T16:34:45+00:00,a4450b54c613f19c60631abfade54e784ac59ca937a29339b73cef6fe12dae4a,accepted,address_score=90
LOC-beb877f15f0848,MUS-ae6d2973f2dc,恩賜上野動物園,13106,台東区,恩賜上野動物園,恩賜上野動物園,東京都台東区上野公園9-83,東京都台東区上野公園9-83,,,,existing_manifest,https://museum.bunka.go.jp/guide/,existing_manifest_source,existing_manifest,canonical_source_record,110,2026-09-06T16:34:45+00:00,,accepted,
LOC-2aff6e02ab9cdb,MUS-af7b3a0e9e17,お茶の文化創造博物館,13103,港区,お茶の文化創造博物館,お茶の文化創造博物館,東京都港区東新橋1-5-3 旧新橋停車場内,東京都港区東新橋1-5-3旧新橋停車場内,105-0021,,,facility_official_page,https://www.ochamuseum.jp/culture/,facility_or_public_official,html_text,canonical_official_url,100,2026-09-06T16:34:45+00:00,3d170979d6bbd20cbe7469f60c82e0f5b409c44363804f6ef3b7492c1ba58efe,accepted,address_score=125
LOC-02023324b61221,MUS-b00f6cb907cf,こども鉱物館,13113,渋谷区,こども鉱物館,こども鉱物館,東京都渋谷区神宮前2-30-4,東京都渋谷区神宮前2-30-4,,,,existing_manifest,https://jcsm.jp/list/membership/,existing_manifest_source,existing_manifest,canonical_source_record,110,2026-09-06T16:34:45+00:00,,accepted,
LOC-02d9997a76c43d,MUS-b0193cd67f25,国立科学博物館附属自然教育園,13103,港区,国立科学博物館附属自然教育園,国立科学博物館附属自然教育園,東京都港区白金台5-21-5,東京都港区白金台5-21-5,,,,existing_manifest,https://www.minato-rekishi.com/musenet/museumlist.html,existing_manifest_source,existing_manifest,canonical_source_record,110,2026-09-06T16:34:45+00:00,,accepted,
LOC-a32a807c8bdc49,MUS-b0b7f7db66da,トーキョーアーツアンドスペース本郷,13105,文京区,トーキョーアーツアンドスペース本郷,トーキョーアーツアンドスペース本郷,東京都文京区本郷2丁目4番16号,東京都文京区本郷2丁目4番16号,,,,existing_manifest,https://www.city.bunkyo.lg.jp/b014/p004189.html,existing_manifest_source,existing_manifest,canonical_source_record,110,2026-09-06T16:34:45+00:00,,accepted,
LOC-88efdbb67272e9,MUS-b0da587ad20c,キヤノンギャラリー S,13103,港区,キヤノンギャラリー S,キヤノンギャラリーs,東京都港区港南2-16-6 キヤノン S タワー,東京都港区港南2-16-6キヤノンSタワー,,,,existing_manifest,https://www.minato-rekishi.com/musenet/museumlist.html,existing_manifest_source,existing_manifest,canonical_source_record,110,2026-09-06T16:34:45+00:00,,accepted,
LOC-41d2738b618906,MUS-b2f65beb4419,古賀政男音楽博物館,13113,渋谷区,古賀政男音楽博物館,古賀政男音楽博物館,東京都渋谷区上原三丁目6-12,東京都渋谷区上原三丁目6-12,151-0064,,,verified_override,https://www.koga.or.jp/access/,facility_official,verified_override,manual_exact_facility,120,2026-09-06T16:34:45+00:00,,accepted,施設公式アクセスページで所在地を確認 2026-09-06
LOC-56fbd0c729287c,MUS-b3177c863a13,肥後細川庭園,13105,文京区,肥後細川庭園,肥後細川庭園,東京都文京区目白台1丁目1番22号,東京都文京区目白台1丁目1番22号,,,,existing_manifest,https://www.city.bunkyo.lg.jp/b014/p004189.html,existing_manifest_source,existing_manifest,canonical_source_record,110,2026-09-06T16:34:45+00:00,,accepted,
LOC-8d62b2cca97c12,MUS-b3ab9afa5fce,森美術館,13103,港区,森美術館,森美術館,東京都港区六本木6-10-1 六本木ヒルズ森タワー53階,東京都港区六本木6-10-1六本木ヒルズ森タワー53階,,,,existing_manifest,https://museum.bunka.go.jp/guide/,existing_manifest_source,existing_manifest,canonical_source_record,110,2026-09-06T16:34:45+00:00,,accepted,
LOC-75f4092bd255ea,MUS-b3c22e2a74a0,福澤諭吉記念 慶應義塾史展示館,13103,港区,福澤諭吉記念 慶應義塾史展示館,福澤諭吉記念慶應義塾史展示館,東京都港区三田2-15-45,東京都港区三田2-15-45,,,,existing_manifest,https://www.minato-rekishi.com/musenet/museumlist.html,existing_manifest_source,existing_manifest,canonical_source_record,110,2026-09-06T16:34:45+00:00,,accepted,
LOC-3da03273bb3ad6,MUS-b4756a69b0d4,千代田区立千代田図書館,13101,千代田区,千代田区立千代田図書館,千代田区立千代田図書館,東京都千代田区九段南1-2-1 千代田区役所9・10F,東京都千代田区九段南1-2-1千代田区役所9・10F,102-8688,,,facility_official_page,https://museum.net.city.chiyoda.lg.jp/list/shisetsu/17.php,facility_or_public_official,html_text,canonical_official_url,100,2026-09-06T16:34:45+00:00,40b1405be36eec2685a5bd41d80bb7fa2a817c1d9d8278c20b111ac2dc6f7f57,accepted,address_score=90
LOC-0cd754c2fb33d9,MUS-b50772411a96,船の科学館,13108,江東区,船の科学館,船の科学館,東京都江東区有明－丁目南西側地先13号その1埋立地),,,,,facility_official_page,https://funenokagakukan.or.jp/about,facility_or_public_official,html_text,canonical_official_url,100,2026-09-06T16:34:45+00:00,231bdec55dbdcfa05867fb5e5210684cc0333650a4c0bfcbeb821118259de2df,rejected_invalid_address,address_score=140; Rejected: malformed or contaminated official-page address
LOC-9d74666bfee768,MUS-b6703bad8a66,文京アカデミー,13105,文京区,文京アカデミー,文京アカデミー,東京都文京区春日1丁目16番21号,東京都文京区春日1丁目16番21号,,,,existing_manifest,https://www.city.bunkyo.lg.jp/b014/p004189.html,existing_manifest_source,existing_manifest,canonical_source_record,110,2026-09-06T16:34:45+00:00,,accepted,
LOC-84800e202036b3,MUS-b699150007fe,東京都庭園美術館,13103,港区,東京都庭園美術館,東京都庭園美術館,東京都港区白金台5-21-9,東京都港区白金台5-21-9,,,,existing_manifest,https://museum.bunka.go.jp/guide/,existing_manifest_source,existing_manifest,canonical_source_record,110,2026-09-06T16:34:45+00:00,,accepted,
LOC-a27863e98ca60f,MUS-b838f8bc471d,東洋学園大学 東洋学園史料室,13105,文京区,東洋学園大学 東洋学園史料室,東洋学園大学東洋学園史料室,東京都文京区本郷1丁目26番3号,東京都文京区本郷1丁目26番3号,,,,existing_manifest,https://www.city.bunkyo.lg.jp/b014/p004189.html,existing_manifest_source,existing_manifest,canonical_source_record,110,2026-09-06T16:34:45+00:00,,accepted,
LOC-27a96d8be68295,MUS-baccde587599,東京都立中央図書館,13103,港区,東京都立中央図書館,東京都立中央図書館,東京都港区南麻布5-7-13,東京都港区南麻布5-7-13,,,,existing_manifest,https://www.minato-rekishi.com/musenet/museumlist.html,existing_manifest_source,existing_manifest,canonical_source_record,110,2026-09-06T16:34:45+00:00,,accepted,
LOC-02bd87080ecc3d,MUS-badcfdf9f3ff,六義園,13105,文京区,六義園,六義園,東京都文京区本駒込6丁目16番3号,東京都文京区本駒込6丁目16番3号,,,,existing_manifest,https://www.city.bunkyo.lg.jp/b014/p004189.html,existing_manifest_source,existing_manifest,canonical_source_record,110,2026-09-06T16:34:45+00:00,,accepted,
LOC-154bcaef9c1206,MUS-bb9a2e40fe65,東京都写真美術館,13110,目黒区,東京都写真美術館,東京都写真美術館,東京都目黒区三田1-13-3 恵比寿ガーデンプレイス内,東京都目黒区三田1-13-3恵比寿ガーデンプレイス内,153-0062,,,facility_official_page,https://topmuseum.jp/,facility_or_public_official,html_text,canonical_official_url,100,2026-09-06T16:34:45+00:00,2459e23124c42c98da75e0c725440687fc8fac6f18600b7b45552b5da6bcbbc7,accepted,address_score=115
LOC-049218f1496eb3,MUS-bbad9241562a,戸栗美術館,13113,渋谷区,戸栗美術館,戸栗美術館,東京都渋谷区松濤1-11-3,東京都渋谷区松濤1-11-3,150-0046,,,facility_official_page,https://www.toguri-museum.or.jp/,facility_or_public_official,html_text,canonical_official_url,100,2026-09-06T16:34:45+00:00,49eef966ea353973924e74d3a42bf27bab1e921a05011b865ab25540fcd71232,accepted,address_score=115
LOC-4eea72c12cb5fe,MUS-bbad9241562a,戸栗美術館,13113,渋谷区,公益財団法人 戸栗美術館,戸栗美術館,東京都渋谷区松濤1-11-3,東京都渋谷区松濤1-11-3,,,,cultural_heritage_online,https://online.bunka.go.jp/museums/detail/12259,agency_cultural_portal,structured_detail_page,exact_name_municipality,80,2026-09-06T16:34:45+00:00,4af8629771a4f5dbf99c9c8471e0bba8e08a844f18d1bab46fa9793e1f62e9e8,matched_candidate,
LOC-60b3621c53f532,MUS-bc6384c2484f,井の頭自然文化園,13203,武蔵野市,井の頭自然文化園,井の頭自然文化園,東京都武蔵野市御殿山1-17-6,東京都武蔵野市御殿山1-17-6,,,,existing_manifest,https://museum.bunka.go.jp/guide/,existing_manifest_source,existing_manifest,canonical_source_record,110,2026-09-06T16:34:45+00:00,,accepted,
LOC-21975cd7787c1f,MUS-bc9a5e58eb9e,SOMPO美術館,13104,新宿区,SOMPO美術館,sompo美術館,東京都新宿区西新宿1-26-1,東京都新宿区西新宿1-26-1,160-8338,,,facility_official_page,https://www.sompo-museum.org/,facility_or_public_official,html_text,canonical_official_url,100,2026-09-06T16:34:45+00:00,dbe8ddac85ae29c145011395a00c43f9476ccdcc63e8b9a27e434681c7c2561c,accepted,address_score=115
LOC-a45c9c0c9fec92,MUS-beb0e8f2c733,世田谷区立世田谷美術館,13112,世田谷区,世田谷区立世田谷美術館,世田谷区立世田谷美術館,東京都世田谷区砧公園1-2,東京都世田谷区砧公園1-2,157-0075,,,verified_override,https://www.setagayaartmuseum.or.jp/guide/access/,public_facility_official,verified_override,manual_exact_facility,120,2026-09-06T16:34:45+00:00,,accepted,施設公式交通案内で所在地を確認 2026-09-06
LOC-a46b1a4927add3,MUS-bee2e40cf172,東京消防庁消防防災資料センター消防博物館,13104,新宿区,東京消防庁消防防災資料センター消防博物館,東京消防庁消防防災資料センター消防博物館,東京都新宿区四谷3ｰ10,東京都新宿区四谷3ｰ10,,,,existing_manifest,https://jcsm.jp/list/membership/,existing_manifest_source,existing_manifest,canonical_source_record,110,2026-09-06T16:34:45+00:00,,accepted,
LOC-9d78919e2b4f84,MUS-beff68edcd86,学校法人城西大学 水田記念博物館 大石化石ギャラリー,13101,千代田区,学校法人城西大学 水田記念博物館 大石化石ギャラリー,城西大学水田記念博物館大石化石ギャラリー,東京都千代田区平河町2-3-20 学校法人城西大学東京紀尾井町キャンパス3 号棟B1F,東京都千代田区平河町2-3-20学校法人城西大学東京紀尾井町キャンパス3号棟B1F,102-0093,,,facility_official_page,https://museum.net.city.chiyoda.lg.jp/list/shisetsu/22.php,facility_or_public_official,html_text,canonical_official_url,100,2026-09-06T16:34:45+00:00,840671d2305d76ec7e176cd78f239b2861a1d0de18af00c5ec111c6d258bed7c,accepted,address_score=90
LOC-fe757e4bedff51,MUS-bfbd49f33ea5,アドミュージアム東京,13103,港区,アドミュージアム東京,アドミュージアム東京,東京都港区東新橋1-8-2 カレッタ汐留,東京都港区東新橋1-8-2カレッタ汐留,,,,existing_manifest,https://museum.bunka.go.jp/guide/,existing_manifest_source,existing_manifest,canonical_source_record,110,2026-09-06T16:34:45+00:00,,accepted,
LOC-4d83a932f1f97e,MUS-c00e3681f9d4,TOTOギャラリー・間,13103,港区,TOTOギャラリー・間,totoギャラリー間,東京都港区南青山1-24-3 TOTO乃木坂ビル3階,東京都港区南青山1-24-3TOTO乃木坂ビル3階,,,,existing_manifest,https://www.minato-rekishi.com/musenet/museumlist.html,existing_manifest_source,existing_manifest,canonical_source_record,110,2026-09-06T16:34:45+00:00,,accepted,
LOC-56d888694f0039,MUS-c14b9cb1fec7,東京大学医学部附属病院健康と医学の博物館,13105,文京区,東京大学医学部附属病院健康と医学の博物館,東京大学医学部附属病院健康と医学の博物館,東京都文京区本郷7丁目3番1号,東京都文京区本郷7丁目3番1号,,,,existing_manifest,https://www.city.bunkyo.lg.jp/b014/p004189.html,existing_manifest_source,existing_manifest,canonical_source_record,110,2026-09-06T16:34:45+00:00,,accepted,
LOC-360606c47cd3b9,MUS-c21cc2d3c247,日本カメラ博物館,13101,千代田区,日本カメラ博物館,日本カメラ博物館,東京都千代田区一番町25番地JCII一番町ビル,東京都千代田区一番町25番地JCII一番町ビル,102-0082,,,facility_official_page,https://www.jcii-cameramuseum.jp/,facility_or_public_official,html_text,canonical_official_url,100,2026-09-06T16:34:45+00:00,377c4576db43553355f7781595d194d9c1e5e07f95a05ac9306ed62fcb6649eb,accepted,address_score=115
LOC-6d428cb3ecccd9,MUS-c21cc2d3c247,日本カメラ博物館,13101,千代田区,日本カメラ博物館,日本カメラ博物館,東京都千代田区一番町25番地 ＪＣＩＩ一番町ビル,東京都千代田区一番町25番地ＪＣＩＩ一番町ビル,,,,cultural_heritage_online,https://online.bunka.go.jp/museums/detail/12264,agency_cultural_portal,structured_detail_page,exact_name_municipality,80,2026-09-06T16:34:45+00:00,a0a2e6bc2620fb70ed8977c31e9577b5de5f4dcdfc4d782e8d8f1e543766871f,matched_candidate,
LOC-3ce8a31108bf5d,MUS-c2d2b1dc8a95,東京ドームシティGallery AaMo,13105,文京区,東京ドームシティGallery AaMo,東京ドームシティgalleryaamo,東京都文京区後楽1丁目3番61号,東京都文京区後楽1丁目3番61号,,,,existing_manifest,https://www.city.bunkyo.lg.jp/b014/p004189.html,existing_manifest_source,existing_manifest,canonical_source_record,110,2026-09-06T16:34:45+00:00,,accepted,
LOC-b295f3176a509f,MUS-c3079c129a21,大倉集古館,13103,港区,大倉集古館,大倉集古館,東京都港区虎ノ門2-10-3,東京都港区虎ノ門2-10-3,,,,existing_manifest,https://museum.bunka.go.jp/guide/,existing_manifest_source,existing_manifest,canonical_source_record,110,2026-09-06T16:34:45+00:00,,accepted,
LOC-07354b3b8dd4a5,MUS-c44dcf07f3ef,竹久夢二美術館,13105,文京区,竹久夢二美術館,竹久夢二美術館,東京都文京区弥生2丁目4番2号,東京都文京区弥生2丁目4番2号,,,,existing_manifest,https://www.city.bunkyo.lg.jp/b014/p004189.html,existing_manifest_source,existing_manifest,canonical_source_record,110,2026-09-06T16:34:45+00:00,,accepted,
LOC-a6be1b55c82a32,MUS-c7c803cc4241,東京都立大島公園,13361,大島町,東京都立大島公園,東京都立大島公園,東京都大島町泉津字福重2号,東京都大島町泉津字福重2号,,,,existing_manifest,https://www.jaza.jp/about-jaza/structure/list-zoo,existing_manifest_source,existing_manifest,canonical_source_record,110,2026-09-06T16:34:45+00:00,,accepted,
LOC-68edca0fa24ef4,MUS-c80769bd368e,荏原 畠山美術館,13103,港区,荏原 畠山美術館,荏原畠山美術館,東京都港区白金台2-20-12,東京都港区白金台2-20-12,,,,existing_manifest,https://www.minato-rekishi.com/musenet/museumlist.html,existing_manifest_source,existing_manifest,canonical_source_record,110,2026-09-06T16:34:45+00:00,,accepted,
LOC-7e8f7498c865a3,MUS-c84f6b61acab,静嘉堂文庫美術館（静嘉堂＠丸の内）,13101,千代田区,静嘉堂文庫美術館（静嘉堂＠丸の内）,静嘉堂文庫美術館(静嘉堂@丸の内),東京都千代田区丸の内2-1-1 明治生命館1F,東京都千代田区丸の内2-1-1明治生命館1F,100-0005,,,facility_official_page,https://museum.net.city.chiyoda.lg.jp/list/shisetsu/30.php,facility_or_public_official,html_text,canonical_official_url,100,2026-09-06T16:34:45+00:00,30378d2616d2d5a07c639c33e6395118c7ba91917274e0fa932411dcb07e62dd,accepted,address_score=90
LOC-36322ef9a42125,MUS-ca2d0804f132,外務省外交史料館展示室,13103,港区,外務省外交史料館展示室,外務省外交史料館展示室,東京都港区麻布台1-3-1 麻布台ヒルズ森JPタワー5階,東京都港区麻布台1-3-1麻布台ヒルズ森JPタワー5階,,,,existing_manifest,https://www.minato-rekishi.com/musenet/museumlist.html,existing_manifest_source,existing_manifest,canonical_source_record,110,2026-09-06T16:34:45+00:00,,accepted,
LOC-798e5af521800e,MUS-ccb9d4d0e278,賀川豊彦記念松沢資料館,13112,世田谷区,賀川豊彦記念松沢資料館,賀川豊彦記念松沢資料館,東京都世田谷区上北沢 3-8-19,東京都世田谷区上北沢3-8-19,156-0057,,,facility_official_page,https://www.t-kagawa.or.jp/,facility_or_public_official,html_text,canonical_official_url,100,2026-09-06T16:34:45+00:00,9df2599feadc0c33ea72568a6fd632e806ffb499f23b5d96542a313bc5420b15,accepted,address_score=125
LOC-3b423582933a77,MUS-cd5b965a18fa,半蔵門ミュージアム,13101,千代田区,半蔵門ミュージアム,半蔵門ミュージアム,東京都千代田区一番町25,東京都千代田区一番町25,102-0082,,,facility_official_page,https://museum.net.city.chiyoda.lg.jp/list/shisetsu/28.php,facility_or_public_official,html_text,canonical_official_url,100,2026-09-06T16:34:45+00:00,da8e2f9cf33e4701622e9774500e99b8a38eaa42031817fab785999876717fa7,accepted,address_score=90
LOC-e934661c602213,MUS-d0fbe6f932e1,日本書道美術館,13119,板橋区,日本書道美術館,日本書道美術館,東京都板橋区常盤台１－３－１,東京都板橋区常盤台１-３-１,１７４－８６８８,,,facility_official_page,https://shodo-bijutsukan.or.jp/,facility_or_public_official,html_text,canonical_official_url,100,2026-09-06T16:34:45+00:00,bd309f4140e8132863824295076a0c982240725d382e63acc487dbd406c2bc28,accepted,address_score=115
LOC-b12f30a2c355c1,MUS-d22342b93c71,日本科学未来館,13108,江東区,日本科学未来館,日本科学未来館,東京都江東区青海2-3-6,東京都江東区青海2-3-6,,,,existing_manifest,https://jcsm.jp/list/membership/,existing_manifest_source,existing_manifest,canonical_source_record,110,2026-09-06T16:34:45+00:00,,accepted,
LOC-1665bb39162c1c,MUS-d45902c78678,北里柴三郎記念博物館,13103,港区,北里柴三郎記念博物館,北里柴三郎記念博物館,東京都港区白金5-9-1,東京都港区白金5-9-1,,,,existing_manifest,https://museum.bunka.go.jp/guide/,existing_manifest_source,existing_manifest,canonical_source_record,110,2026-09-06T16:34:45+00:00,,accepted,
LOC-2481dbb80adc28,MUS-d6ba861ed652,しょうけい館（戦傷病者史料館）,13101,千代田区,しょうけい館（戦傷病者史料館）,しょうけい館(戦傷病者史料館),東京都千代田区九段北1-11-5 グリーンオーク九段2F,東京都千代田区九段北1-11-5グリーンオーク九段2F,102-0073,,,facility_official_page,https://museum.net.city.chiyoda.lg.jp/list/shisetsu/14.php,facility_or_public_official,html_text,canonical_official_url,100,2026-09-06T16:34:45+00:00,d20cb792da3d37486d649a8251326545345656704b8e84f82e419ff0c733f351,accepted,address_score=90
LOC-45ed57d6cbe02b,MUS-d70b70a2e8ea,五島美術館,13112,世田谷区,五島美術館,五島美術館,東京都世田谷区上野毛3-9-25,東京都世田谷区上野毛3-9-25,158-8510,,,facility_official_page,https://www.gotoh-museum.or.jp/,facility_or_public_official,html_text,canonical_official_url,100,2026-09-06T16:34:45+00:00,266e2c3bedaa5160b0ec44e0731d21fa79109f565ad64d565ffc7c13e1ef43d8,accepted,address_score=115
LOC-eed741307d04c7,MUS-d7c53e1f914c,上野の森美術館,13106,台東区,上野の森美術館,上野の森美術館,東京都台東区上野公園 1-2,東京都台東区上野公園1-2,110-0007,,,facility_official_page,https://www.ueno-mori.org/about/,facility_or_public_official,html_text,canonical_official_url,100,2026-09-06T16:34:45+00:00,48ab566dd59819130a1e2ceb63d70f650b7b483f3debb72c88b66e4a71eb7530,accepted,address_score=125
LOC-b96a04c0c74a5c,MUS-d8536b1cd553,家具の博物館,13207,昭島市,家具の博物館,家具の博物館,東京都昭島市中神町1148,東京都昭島市中神町1148,196-0022,,,facility_official_page,https://www.kaguhaku.or.jp/,facility_or_public_official,html_text,canonical_official_url,100,2026-09-06T16:34:45+00:00,fa6639a4c0eb707493aaab20126a21f6d3f1ab6308df0d4074fe820c2e0d2149,accepted,address_score=115
LOC-c9e5430874b033,MUS-d8fb80d56107,羽村市動物公園,13227,羽村市,羽村市動物公園,羽村市動物公園,東京都羽村市羽4122,東京都羽村市羽4122,,,,existing_manifest,https://www.jaza.jp/about-jaza/structure/list-zoo,existing_manifest_source,existing_manifest,canonical_source_record,110,2026-09-06T16:34:45+00:00,,accepted,
LOC-a4186ed49ace97,MUS-d9c8d9431274,府中市郷土の森博物館,13206,府中市,府中市郷土の森博物館,府中市郷土の森博物館,東京都府中市南町6ｰ32,東京都府中市南町6ｰ32,,,,existing_manifest,https://museum.bunka.go.jp/guide/,existing_manifest_source,existing_manifest,canonical_source_record,110,2026-09-06T16:34:45+00:00,,accepted,
LOC-61991f0dd23bad,MUS-da3dcfedc2e7,清瀬市郷土博物館,13221,清瀬市,清瀬市郷土博物館,清瀬市郷土博物館,東京都清瀬市上清戸2-6-41,東京都清瀬市上清戸2-6-41,204-0013,,,facility_official_page,https://museum-kiyose.jp/,facility_or_public_official,html_text,canonical_official_url,100,2026-09-06T16:34:45+00:00,2c1af10e198e3a8ddf56598c805e8732222c9405551ee5f4d29634addd6ba659,accepted,address_score=125
LOC-c479cb369a6543,MUS-db057117da11,東京国立博物館,13106,台東区,東京国立博物館,東京国立博物館,東京都台東区上野公園13-9,東京都台東区上野公園13-9,110-8712,,,facility_official_page,https://www.tnm.jp/,facility_or_public_official,html_text,canonical_official_url,100,2026-09-06T16:34:45+00:00,1f53d056cc2daf4a2d004db6642a42076ce5d5810d9d389fcd505c10d6ec1c42,accepted,address_score=115
LOC-f52aa636ca2d74,MUS-db057117da11,東京国立博物館,13106,台東区,東京国立博物館,東京国立博物館,東京都台東区上野公園13-9,東京都台東区上野公園13-9,,,,cultural_heritage_online,https://online.bunka.go.jp/museums/detail/179,agency_cultural_portal,structured_detail_page,exact_name_municipality,80,2026-09-06T16:34:45+00:00,4fbba0a58fd5d9a05abd220c1091d015737c6710e5769f40b7ac6c7d813264a8,matched_candidate,
LOC-3136d03a47bc4a,MUS-dde5b905c39b,マクセルアクアパーク品川,13103,港区,マクセルアクアパーク品川,マクセルアクアパーク品川,東京都港区高輪 4-10-30 品川プリンスホテル内,東京都港区高輪4-10-30品川プリンスホテル内,,,,existing_manifest,https://museum.bunka.go.jp/guide/,existing_manifest_source,existing_manifest,canonical_source_record,110,2026-09-06T16:34:45+00:00,,accepted,
LOC-11188bcc0dd21a,MUS-ddf86440fc1f,金土日館 岩田専太郎コレクション,13105,文京区,金土日館 岩田専太郎コレクション,金土日館岩田専太郎コレクション,東京都文京区千駄木1丁目11番16号,東京都文京区千駄木1丁目11番16号,,,,existing_manifest,https://www.city.bunkyo.lg.jp/b014/p004189.html,existing_manifest_source,existing_manifest,canonical_source_record,110,2026-09-06T16:34:45+00:00,,accepted,
LOC-df19379c229cb0,MUS-e101a715313f,旧安田楠雄邸庭園,13105,文京区,旧安田楠雄邸庭園,旧安田楠雄邸庭園,東京都文京区千駄木5丁目20番18号,東京都文京区千駄木5丁目20番18号,,,,existing_manifest,https://www.city.bunkyo.lg.jp/b014/p004189.html,existing_manifest_source,existing_manifest,canonical_source_record,110,2026-09-06T16:34:45+00:00,,accepted,
LOC-02b3907106c74b,MUS-e35c950a5609,東洋文庫ミュージアム,13105,文京区,東洋文庫ミュージアム,東洋文庫ミュージアム,東京都文京区本駒込2丁目28番21号,東京都文京区本駒込2丁目28番21号,,,,existing_manifest,https://museum.bunka.go.jp/guide/,existing_manifest_source,existing_manifest,canonical_source_record,110,2026-09-06T16:34:45+00:00,,accepted,
LOC-0a74079389f330,MUS-e35c950a5609,東洋文庫ミュージアム,13105,文京区,東洋文庫ミュージアム,東洋文庫ミュージアム,東京都文京区本駒込２－２８－２１,東京都文京区本駒込２-２８-２１,,,,cultural_heritage_online,https://online.bunka.go.jp/museums/detail/13794,agency_cultural_portal,structured_detail_page,exact_name_municipality,80,2026-09-06T16:34:45+00:00,8f34bc173d87e6d03091172481f56cc15ae05bed4c5aff3ba566e2871eaa38ce,matched_candidate,
LOC-f7f0f222721855,MUS-e41f1d2fa579,日中友好会館美術館,13105,文京区,日中友好会館美術館,日中友好会館美術館,東京都文京区後楽1丁目5番3号,東京都文京区後楽1丁目5番3号,,,,existing_manifest,https://www.city.bunkyo.lg.jp/b014/p004189.html,existing_manifest_source,existing_manifest,canonical_source_record,110,2026-09-06T16:34:45+00:00,,accepted,
LOC-88c6736024edd7,MUS-e44b40073b9e,菊池寛実記念智美術館,13103,港区,菊池寛実記念智美術館,菊池寛実記念智美術館,東京都港区虎ノ門4-1-35,東京都港区虎ノ門4-1-35,,,,existing_manifest,https://museum.bunka.go.jp/guide/,existing_manifest_source,existing_manifest,canonical_source_record,110,2026-09-06T16:34:45+00:00,,accepted,
LOC-d11493f8f8de5c,MUS-e44b40073b9e,菊池寛実記念智美術館,13103,港区,菊池寛実記念 智美術館,菊池寛実記念智美術館,東京都港区虎ノ門4-1-35,東京都港区虎ノ門4-1-35,,,,cultural_heritage_online,https://online.bunka.go.jp/museums/detail/12182,agency_cultural_portal,structured_detail_page,exact_name_municipality,80,2026-09-06T16:34:45+00:00,658d32352a823d11cd55220259c08aa541252f8613de0ea7f87e1cba5d288e2f,matched_candidate,
LOC-0d6e6aef34ebd6,MUS-e46682169eba,旧新橋停車場 鉄道歴史展示室,13103,港区,旧新橋停車場 鉄道歴史展示室,旧新橋停車場鉄道歴史展示室,東京都港区東新橋1-5-3,東京都港区東新橋1-5-3,,,,existing_manifest,https://www.minato-rekishi.com/musenet/museumlist.html,existing_manifest_source,existing_manifest,canonical_source_record,110,2026-09-06T16:34:45+00:00,,accepted,
LOC-05317ed0d1e62b,MUS-e589d4db221b,領土・主権展示館,13101,千代田区,領土・主権展示館,領土主権展示館,東京都千代田区霞が関3-8-1 虎ノ門ダイビルイースト1F,東京都千代田区霞が関3-8-1虎ノ門ダイビルイースト1F,100-8968,,,facility_official_page,https://museum.net.city.chiyoda.lg.jp/list/shisetsu/25.php,facility_or_public_official,html_text,canonical_official_url,100,2026-09-06T16:34:45+00:00,a463798915df6d61f416d8f02e1575eface31bd96035d61000382f0e186e8cba,accepted,address_score=90
LOC-857fb1a4f554ba,MUS-e6cf7345d4d2,東京家政大学博物館,13119,板橋区,東京家政大学博物館,東京家政大学博物館,東京都板橋区加賀1-18-1 百周年記念館4/5階,東京都板橋区加賀1-18-1百周年記念館4/5階,,,,cultural_heritage_online,https://online.bunka.go.jp/museums/detail/12241,agency_cultural_portal,structured_detail_page,exact_name_municipality,80,2026-09-06T16:34:45+00:00,b43753eee3f001d0481d0f4f8961fc8a6da2deef2591be9da7d5724962e35f36,accepted,
LOC-65b38c00c2f0e0,MUS-e8af57b23c04,ヤマトグループ歴史館 クロネコヤマトミュージアム,13103,港区,ヤマトグループ歴史館 クロネコヤマトミュージアム,ヤマトグループ歴史館クロネコヤマトミュージアム,東京都港区港南2-13-26,東京都港区港南2-13-26,,,,existing_manifest,https://www.minato-rekishi.com/musenet/museumlist.html,existing_manifest_source,existing_manifest,canonical_source_record,110,2026-09-06T16:34:45+00:00,,accepted,
LOC-e1296d415684a6,MUS-e93f7096c5da,TEPIA先端技術館,13103,港区,TEPIA先端技術館,tepia先端技術館,東京都港区北青山2-8-44,東京都港区北青山2-8-44,,,,existing_manifest,https://jcsm.jp/list/membership/,existing_manifest_source,existing_manifest,canonical_source_record,110,2026-09-06T16:34:45+00:00,,accepted,
LOC-2f0f5bac6e1df4,MUS-ebead6cca0cb,古代オリエント博物館,13116,豊島区,古代オリエント博物館,古代オリエント博物館,東京都豊島区東池袋3-1-4 サンシャインシティ文化会館ビル7階,東京都豊島区東池袋3-1-4サンシャインシティ文化会館ビル7階,170-8630,,,facility_official_page,https://aom-tokyo.com/,facility_or_public_official,html_text,canonical_official_url,100,2026-09-06T16:34:45+00:00,f966e8edf496e2cadf969c3feb5dca36006c535178f4030c623c807a79f8e998,accepted,address_score=115
LOC-06ce9040d32546,MUS-edbf57ac1d18,神田明神資料館,13101,千代田区,神田明神資料館,神田明神資料館,東京都千代田区外神田2-16-2,東京都千代田区外神田2-16-2,101-0021,,,facility_official_page,https://museum.net.city.chiyoda.lg.jp/list/shisetsu/11.php,facility_or_public_official,html_text,canonical_official_url,100,2026-09-06T16:34:45+00:00,b59d711d3c569325a8b2acb739bc5e2418a88bc23b055ad1c215ecbff20a6fc0,accepted,address_score=90
LOC-9b7238682438b4,MUS-ee0bf6430dd1,泉屋博古館東京,13103,港区,泉屋博古館東京,泉屋博古館東京,東京都港区六本木1-5-1,東京都港区六本木1-5-1,,,,existing_manifest,https://museum.bunka.go.jp/guide/,existing_manifest_source,existing_manifest,canonical_source_record,110,2026-09-06T16:34:45+00:00,,accepted,
LOC-c939ed7d18aa33,MUS-ef6fd952c206,明治学院歴史資料館,13103,港区,明治学院歴史資料館,明治学院歴史資料館,東京都港区白金台1-2-37,東京都港区白金台1-2-37,,,,existing_manifest,https://www.minato-rekishi.com/musenet/museumlist.html,existing_manifest_source,existing_manifest,canonical_source_record,110,2026-09-06T16:34:45+00:00,,accepted,
LOC-df8c77931ee81e,MUS-f0b96292a50d,金融ミュージアム Otemachi,13101,千代田区,金融ミュージアム Otemachi,金融ミュージアムotemachi,東京都千代田区丸の内1-3-2 三井住友銀行東館2F,東京都千代田区丸の内1-3-2三井住友銀行東館2F,100-0005,,,facility_official_page,https://museum.net.city.chiyoda.lg.jp/list/shisetsu/33.php,facility_or_public_official,html_text,canonical_official_url,100,2026-09-06T16:34:45+00:00,0a56df77b6541ea3f4e9f96c8f36298674becc754bd9eeb0ae07466ce4a85df0,accepted,address_score=90
LOC-38741c62298e4e,MUS-f0d141fdaac8,JFAサッカー文化創造拠点 blue-ing!,13105,文京区,JFAサッカー文化創造拠点 blue-ing!,jfaサッカー文化創造拠点blueing!,東京都文京区後楽1丁目3番61号,東京都文京区後楽1丁目3番61号,,,,existing_manifest,https://www.city.bunkyo.lg.jp/b014/p004189.html,existing_manifest_source,existing_manifest,canonical_source_record,110,2026-09-06T16:34:45+00:00,,accepted,
LOC-548feedb475f67,MUS-f2daf25fbe28,東京造形大学附属美術館,13201,八王子市,東京造形大学附属美術館,東京造形大学附属美術館,東京都八王子市宇津貫町1556,東京都八王子市宇津貫町1556,192-0992,,,facility_official_page,https://www.zokei.ac.jp/museum/,facility_or_public_official,html_text,canonical_official_url,100,2026-09-06T16:34:45+00:00,429801ac03d18b30e10cfd264aef0e181b9e4b0d5191953827b542c46320a2b1,accepted,address_score=115
LOC-e248c9620a6287,MUS-f8f5469192a7,永青文庫,13105,文京区,永青文庫,永青文庫,東京都文京区目白台1丁目1番1号,東京都文京区目白台1丁目1番1号,,,,existing_manifest,https://museum.bunka.go.jp/guide/,existing_manifest_source,existing_manifest,canonical_source_record,110,2026-09-06T16:34:45+00:00,,accepted,
LOC-cb1ef9dbfbe3b1,MUS-f8f5469192a7,永青文庫,13105,文京区,財団法人 永青文庫,永青文庫,東京都文京区目白台１－１－１,東京都文京区目白台１-１-１,,,,cultural_heritage_online,https://online.bunka.go.jp/museums/detail/12164,agency_cultural_portal,structured_detail_page,exact_name_municipality,80,2026-09-06T16:34:45+00:00,36a1cd576df4dea9baccd17878c52e8ac9ffc8bb91e256ea48b5a10c4ad8dcd4,matched_candidate,
LOC-c4139098666007,MUS-f977a0cd4027,しながわ水族館,13109,品川区,しながわ水族館,しながわ水族館,東京都品川区勝島3-2-1,東京都品川区勝島3-2-1,,,,existing_manifest,https://www.jaza.jp/about-jaza/structure/list-aquarium,existing_manifest_source,existing_manifest,canonical_source_record,110,2026-09-06T16:34:45+00:00,,accepted,
LOC-ac0b4e53bb966a,MUS-fad0d8511b26,お茶の文化創造博物館／お～いお茶ミュージアム,13103,港区,お茶の文化創造博物館／お～いお茶ミュージアム,お茶の文化創造博物館/お~いお茶ミュージアム,東京都港区東新橋1-5-3 旧新橋停車場内,東京都港区東新橋1-5-3旧新橋停車場内,,,,existing_manifest,https://www.minato-rekishi.com/musenet/museumlist.html,existing_manifest_source,existing_manifest,canonical_source_record,110,2026-09-06T16:34:45+00:00,,accepted,
LOC-3b490e068d55d1,MUS-fd2edd15d0e6,大妻女子大学博物館,13101,千代田区,大妻女子大学博物館,大妻女子大学博物館,東京都千代田区三番町12 図書館棟 地下1階,東京都千代田区三番町12図書館棟地下1階,102-8357,,,facility_official_page,https://www.museum.otsuma.ac.jp/,facility_or_public_official,html_text,canonical_official_url,100,2026-09-06T16:34:45+00:00,cb4d48976a5f4217d7fb7dd8fd58585017aad5ef803fc11749357cc3fd3db87f,accepted,address_score=115
LOC-fcf8304053563b,MUS-fedb498211b9,東京大学大学院理学系研究科附属植物園（小石川植物園）,13105,文京区,東京大学大学院理学系研究科附属植物園（小石川植物園）,東京大学大学院理学系研究科附属植物園(小石川植物園),東京都文京区白山3丁目7番1号,東京都文京区白山3丁目7番1号,,,,existing_manifest,https://www.city.bunkyo.lg.jp/b014/p004189.html,existing_manifest_source,existing_manifest,canonical_source_record,110,2026-09-06T16:34:45+00:00,,accepted,
