record_id,risk_type,risk_type_ja,depth_m,hazard_source,scenario,risk_class,risk_basis
official_export_002:162,river_flooding,洪水浸水想定区域,0.01,秋川・平井川流域,L2（想定最大規模）,0.5m未満,PLATEAU building risk
official_export_002:162,landslide,土砂災害警戒区域,,急傾斜地の崩落,,土砂災害警戒区域（指定済）,PLATEAU building risk
131156000000.0,river_flooding,洪水浸水想定区域,0.01,神田川流域,L2（想定最大規模）,0.5m未満,PLATEAU building risk
132000000000.0,river_flooding,洪水浸水想定区域,0.01,黒目川・落合川・柳瀬川・空堀川・奈良橋川流域,L2（想定最大規模）,0.5m未満,PLATEAU building risk
official_export_002:459,river_flooding,洪水浸水想定区域,0.013,神田川流域,L2（想定最大規模）,0.5m未満,PLATEAU building risk
official_export_002:455,river_flooding,洪水浸水想定区域,0.36,古川水系渋谷川・古川・目黒川水系目黒川・呑川水系呑川・立会川水系立会川・内川水系内川,L2（想定最大規模）,0.5m未満,PLATEAU building risk
official_export_002:455,river_flooding,洪水浸水想定区域,0.358,城南地区河川流域,L2（想定最大規模）,0.5m未満,PLATEAU building risk
official_export_002:455,river_flooding,洪水浸水想定区域,0.34,多摩川水系多摩川・浅川・大栗川,L2（想定最大規模）,0.5m未満,PLATEAU building risk
official_export_002:455,high_tide,高潮浸水想定,0.93,東京都高潮浸水想定区域図（令和6年12月19日）,,0.5m以上3m未満,PLATEAU building risk
official_export_002:44,river_flooding,洪水浸水想定区域,0.01,隅田川・新河岸川流域,L2（想定最大規模）,0.5m未満,PLATEAU building risk
official_export_002:110,river_flooding,洪水浸水想定区域,0.06,野川・仙川・入間川・谷沢川・丸子川流域,L2（想定最大規模）,0.5m未満,PLATEAU building risk
1.32209E+11,river_flooding,洪水浸水想定区域,0.01,黒目川・落合川・柳瀬川・空堀川・奈良橋川流域,L2（想定最大規模）,0.5m未満,PLATEAU building risk
official_export_002:355,river_flooding,洪水浸水想定区域,0.003,神田川流域,L2（想定最大規模）,0.5m未満,PLATEAU building risk
43,river_flooding,洪水浸水想定区域,0.058,浅川圏域・大栗川・三沢川流域,L2（想定最大規模）,0.5m未満,PLATEAU building risk
43,landslide,土砂災害警戒区域,,急傾斜地の崩落,,土砂災害特別警戒区域（指定済）,PLATEAU building risk
official_export_002:269,river_flooding,洪水浸水想定区域,0.11,神田川流域,L2（想定最大規模）,0.5m未満,PLATEAU building risk
official_export_002:270,river_flooding,洪水浸水想定区域,0.11,神田川流域,L2（想定最大規模）,0.5m未満,PLATEAU building risk
official_export_002:413,river_flooding,洪水浸水想定区域,0.009,野川・仙川・入間川・谷沢川・丸子川流域,L2（想定最大規模）,0.5m未満,PLATEAU building risk
131083000000.0,river_flooding,洪水浸水想定区域,0.13,隅田川・新河岸川流域,L2（想定最大規模）,0.5m未満,PLATEAU building risk
131083000000.0,high_tide,高潮浸水想定,1.84,東京都高潮浸水想定区域図（令和6年12月19日）,,0.5m以上3m未満,PLATEAU building risk
official_export_002:466,river_flooding,洪水浸水想定区域,0.011,城南地区河川流域,L2（想定最大規模）,0.5m未満,PLATEAU building risk
official_export_002:477,river_flooding,洪水浸水想定区域,0.4,古川水系渋谷川・古川・目黒川水系目黒川・呑川水系呑川・立会川水系立会川・内川水系内川,L2（想定最大規模）,0.5m未満,PLATEAU building risk
official_export_002:477,river_flooding,洪水浸水想定区域,0.404,城南地区河川流域,L2（想定最大規模）,0.5m未満,PLATEAU building risk
official_export_002:419,river_flooding,洪水浸水想定区域,0.042,神田川流域,L2（想定最大規模）,0.5m未満,PLATEAU building risk
official_export_002:377,river_flooding,洪水浸水想定区域,0.27,多摩川水系多摩川・浅川・大栗川,L1（計画規模）,0.5m未満,PLATEAU building risk
official_export_002:377,river_flooding,洪水浸水想定区域,1.13,多摩川水系多摩川・浅川・大栗川,L2（想定最大規模）,0.5m以上3m未満,PLATEAU building risk
136,river_flooding,洪水浸水想定区域,0.11,秋川・平井川流域,L2（想定最大規模）,0.5m未満,PLATEAU building risk
131083000000.0,river_flooding,洪水浸水想定区域,0.16,江東内部河川流域,L2（想定最大規模）,0.5m未満,PLATEAU building risk
131083000000.0,high_tide,高潮浸水想定,1.24,東京都高潮浸水想定区域図（令和6年12月19日）,,0.5m以上3m未満,PLATEAU building risk
131083000000.0,river_flooding,洪水浸水想定区域,0.01,隅田川・新河岸川流域,L2（想定最大規模）,0.5m未満,PLATEAU building risk
131083000000.0,high_tide,高潮浸水想定,2.93,東京都高潮浸水想定区域図（令和6年12月19日）,,0.5m以上3m未満,PLATEAU building risk
official_export_002:144,river_flooding,洪水浸水想定区域,0.042,神田川流域,L2（想定最大規模）,0.5m未満,PLATEAU building risk
137,river_flooding,洪水浸水想定区域,0.48,黒目川・落合川・柳瀬川・空堀川・奈良橋川流域,L2（想定最大規模）,0.5m未満,PLATEAU building risk
132000000000.0,river_flooding,洪水浸水想定区域,0.48,黒目川・落合川・柳瀬川・空堀川・奈良橋川流域,L2（想定最大規模）,0.5m未満,PLATEAU building risk
131156000000.0,river_flooding,洪水浸水想定区域,0.033,城南地区河川流域,L2（想定最大規模）,0.5m未満,PLATEAU building risk
131024000000.0,river_flooding,洪水浸水想定区域,0.32,隅田川・新河岸川流域,L2（想定最大規模）,0.5m未満,PLATEAU building risk
131024000000.0,high_tide,高潮浸水想定,0.53,東京都高潮浸水想定区域図（令和6年12月19日）,,0.5m以上3m未満,PLATEAU building risk
181,river_flooding,洪水浸水想定区域,0.04,中川・綾瀬川圏域,L2（想定最大規模）,0.5m未満,PLATEAU building risk
181,river_flooding,洪水浸水想定区域,1.33,利根川水系中川,L1（計画規模）,0.5m以上3m未満,PLATEAU building risk
181,river_flooding,洪水浸水想定区域,1.66,利根川水系中川,L2（想定最大規模）,0.5m以上3m未満,PLATEAU building risk
181,river_flooding,洪水浸水想定区域,3.52,利根川水系利根川,L1（計画規模）,3m以上5m未満,PLATEAU building risk
181,river_flooding,洪水浸水想定区域,4.53,利根川水系利根川,L2（想定最大規模）,3m以上5m未満,PLATEAU building risk
181,river_flooding,洪水浸水想定区域,0.77,利根川水系江戸川,L1（計画規模）,0.5m以上3m未満,PLATEAU building risk
181,river_flooding,洪水浸水想定区域,1.54,利根川水系江戸川,L2（想定最大規模）,0.5m以上3m未満,PLATEAU building risk
181,river_flooding,洪水浸水想定区域,0.46,利根川水系綾瀬川,L2（想定最大規模）,0.5m未満,PLATEAU building risk
official_export_002:244,river_flooding,洪水浸水想定区域,0.13,神田川流域,L2（想定最大規模）,0.5m未満,PLATEAU building risk
13104:195,river_flooding,洪水浸水想定区域,0.012,神田川流域,L2（想定最大規模）,0.5m未満,PLATEAU building risk
116,river_flooding,洪水浸水想定区域,0.004,城南地区河川流域,L2（想定最大規模）,0.5m未満,PLATEAU building risk
official_export_001:16,river_flooding,洪水浸水想定区域,0.004,城南地区河川流域,L2（想定最大規模）,0.5m未満,PLATEAU building risk
13104:91,river_flooding,洪水浸水想定区域,0.003,神田川流域,L2（想定最大規模）,0.5m未満,PLATEAU building risk
official_export_002:260,river_flooding,洪水浸水想定区域,1.24,古川水系渋谷川・古川・目黒川水系目黒川・呑川水系呑川・立会川水系立会川・内川水系内川,L2（想定最大規模）,0.5m以上3m未満,PLATEAU building risk
official_export_002:260,river_flooding,洪水浸水想定区域,1.243,城南地区河川流域,L2（想定最大規模）,0.5m以上3m未満,PLATEAU building risk
official_export_002:260,high_tide,高潮浸水想定,1.15,東京都高潮浸水想定区域図（令和6年12月19日）,,0.5m以上3m未満,PLATEAU building risk
official_export_003:24,river_flooding,洪水浸水想定区域,0.243,神田川流域,L2（想定最大規模）,0.5m未満,PLATEAU building risk
official_export_002:31,river_flooding,洪水浸水想定区域,0.047,神田川流域,L2（想定最大規模）,0.5m未満,PLATEAU building risk
official_export_002:32,river_flooding,洪水浸水想定区域,0.047,神田川流域,L2（想定最大規模）,0.5m未満,PLATEAU building risk
official_export_002:18,river_flooding,洪水浸水想定区域,0.063,神田川流域,L2（想定最大規模）,0.5m未満,PLATEAU building risk
official_export_002:437,river_flooding,洪水浸水想定区域,0.002,城南地区河川流域,L2（想定最大規模）,0.5m未満,PLATEAU building risk
official_export_001:196,river_flooding,洪水浸水想定区域,0.89,城南地区河川流域,L2（想定最大規模）,0.5m以上3m未満,PLATEAU building risk
132136100013,river_flooding,洪水浸水想定区域,0.05,黒目川・落合川・柳瀬川・空堀川・奈良橋川流域,L2（想定最大規模）,0.5m未満,PLATEAU building risk
132000000000.0,river_flooding,洪水浸水想定区域,0.01,荒川水系黒目川・落合川・柳瀬川・空堀川・奈良橋川,L2（想定最大規模）,0.5m未満,PLATEAU building risk
132000000000.0,river_flooding,洪水浸水想定区域,0.01,黒目川・落合川・柳瀬川・空堀川・奈良橋川流域,L2（想定最大規模）,0.5m未満,PLATEAU building risk
131083000000.0,river_flooding,洪水浸水想定区域,0.04,江東内部河川流域,L2（想定最大規模）,0.5m未満,PLATEAU building risk
131083000000.0,high_tide,高潮浸水想定,2.91,東京都高潮浸水想定区域図（令和6年12月19日）,,0.5m以上3m未満,PLATEAU building risk
131083000000.0,river_flooding,洪水浸水想定区域,0.19,江東内部河川流域,L2（想定最大規模）,0.5m未満,PLATEAU building risk
131083000000.0,high_tide,高潮浸水想定,1.94,東京都高潮浸水想定区域図（令和6年12月19日）,,0.5m以上3m未満,PLATEAU building risk
official_export_002:375,river_flooding,洪水浸水想定区域,0.03,神田川流域,L2（想定最大規模）,0.5m未満,PLATEAU building risk
155,river_flooding,洪水浸水想定区域,0.866,神田川流域,L2（想定最大規模）,0.5m以上3m未満,PLATEAU building risk
155,river_flooding,洪水浸水想定区域,0.866,荒川水系神田川流域,L2（想定最大規模）,0.5m以上3m未満,PLATEAU building risk
155,high_tide,高潮浸水想定,0.18,東京都高潮浸水想定区域図（令和6年12月19日）,,0.5m未満,PLATEAU building risk
132080100075,river_flooding,洪水浸水想定区域,0.01,野川・仙川・入間川・谷沢川・丸子川流域,L2（想定最大規模）,0.5m未満,PLATEAU building risk
1.32209E+11,river_flooding,洪水浸水想定区域,0.01,黒目川・落合川・柳瀬川・空堀川・奈良橋川流域,L2（想定最大規模）,0.5m未満,PLATEAU building risk
205,river_flooding,洪水浸水想定区域,0.027,城南地区河川流域,L2（想定最大規模）,0.5m未満,PLATEAU building risk
205,landslide,土砂災害警戒区域,,急傾斜地の崩落,,土砂災害警戒区域（指定済）,PLATEAU building risk
official_export_002:9,river_flooding,洪水浸水想定区域,0.001,野川・仙川・入間川・谷沢川・丸子川流域,L2（想定最大規模）,0.5m未満,PLATEAU building risk
132152100076,river_flooding,洪水浸水想定区域,0.77,多摩川水系多摩川・浅川・大栗川,L2（想定最大規模）,0.5m以上3m未満,PLATEAU building risk
132152100096,river_flooding,洪水浸水想定区域,0.77,多摩川水系多摩川・浅川・大栗川,L2（想定最大規模）,0.5m以上3m未満,PLATEAU building risk
official_export_001:38,river_flooding,洪水浸水想定区域,2.22,利根川水系利根川,L1（計画規模）,0.5m以上3m未満,PLATEAU building risk
official_export_001:38,river_flooding,洪水浸水想定区域,3.3,利根川水系利根川,L2（想定最大規模）,3m以上5m未満,PLATEAU building risk
13104:168,river_flooding,洪水浸水想定区域,0.147,神田川流域,L2（想定最大規模）,0.5m未満,PLATEAU building risk
131083000000.0,river_flooding,洪水浸水想定区域,0.16,江東内部河川流域,L2（想定最大規模）,0.5m未満,PLATEAU building risk
131083000000.0,high_tide,高潮浸水想定,1.97,東京都高潮浸水想定区域図（令和6年12月19日）,,0.5m以上3m未満,PLATEAU building risk
official_export_002:140,river_flooding,洪水浸水想定区域,0.301,神田川流域,L2（想定最大規模）,0.5m未満,PLATEAU building risk
official_export_002:376,river_flooding,洪水浸水想定区域,0.301,神田川流域,L2（想定最大規模）,0.5m未満,PLATEAU building risk
official_export_002:140,river_flooding,洪水浸水想定区域,0.301,荒川水系神田川流域,L2（想定最大規模）,0.5m未満,PLATEAU building risk
official_export_002:376,river_flooding,洪水浸水想定区域,0.301,荒川水系神田川流域,L2（想定最大規模）,0.5m未満,PLATEAU building risk
official_export_002:140,river_flooding,洪水浸水想定区域,0.54,隅田川・新河岸川流域,L2（想定最大規模）,0.5m以上3m未満,PLATEAU building risk
official_export_002:376,river_flooding,洪水浸水想定区域,0.54,隅田川・新河岸川流域,L2（想定最大規模）,0.5m以上3m未満,PLATEAU building risk
official_export_002:140,high_tide,高潮浸水想定,0.98,東京都高潮浸水想定区域図（令和6年12月19日）,,0.5m以上3m未満,PLATEAU building risk
official_export_002:376,high_tide,高潮浸水想定,0.98,東京都高潮浸水想定区域図（令和6年12月19日）,,0.5m以上3m未満,PLATEAU building risk
12,river_flooding,洪水浸水想定区域,0.01,秋川・平井川流域,L2（想定最大規模）,0.5m未満,PLATEAU building risk
131156000000.0,river_flooding,洪水浸水想定区域,0.055,神田川流域,L2（想定最大規模）,0.5m未満,PLATEAU building risk
official_export_002:423,river_flooding,洪水浸水想定区域,0.02,隅田川・新河岸川流域,L2（想定最大規模）,0.5m未満,PLATEAU building risk
131083000000.0,river_flooding,洪水浸水想定区域,0.2,江東内部河川流域,L2（想定最大規模）,0.5m未満,PLATEAU building risk
131083000000.0,high_tide,高潮浸水想定,2.52,東京都高潮浸水想定区域図（令和6年12月19日）,,0.5m以上3m未満,PLATEAU building risk
official_export_002:100,river_flooding,洪水浸水想定区域,0.117,神田川流域,L2（想定最大規模）,0.5m未満,PLATEAU building risk
official_export_002:100,river_flooding,洪水浸水想定区域,0.117,荒川水系神田川流域,L2（想定最大規模）,0.5m未満,PLATEAU building risk
official_export_002:100,high_tide,高潮浸水想定,0.18,東京都高潮浸水想定区域図（令和6年12月19日）,,0.5m未満,PLATEAU building risk
31,river_flooding,洪水浸水想定区域,12.91,秋川・平井川流域,L2（想定最大規模）,10m以上20m未満,PLATEAU building risk
2,river_flooding,洪水浸水想定区域,0.03,秋川・平井川流域,L2（想定最大規模）,0.5m未満,PLATEAU building risk
131156000000.0,river_flooding,洪水浸水想定区域,0.02,神田川流域,L2（想定最大規模）,0.5m未満,PLATEAU building risk
official_export_002:255,river_flooding,洪水浸水想定区域,0.021,城南地区河川流域,L2（想定最大規模）,0.5m未満,PLATEAU building risk
official_export_002:336,river_flooding,洪水浸水想定区域,0.2,江東内部河川流域,L2（想定最大規模）,0.5m未満,PLATEAU building risk
official_export_002:336,high_tide,高潮浸水想定,1.69,東京都高潮浸水想定区域図（令和6年12月19日）,,0.5m以上3m未満,PLATEAU building risk
131156000000.0,river_flooding,洪水浸水想定区域,0.01,神田川流域,L2（想定最大規模）,0.5m未満,PLATEAU building risk
132136100034,river_flooding,洪水浸水想定区域,0.01,黒目川・落合川・柳瀬川・空堀川・奈良橋川流域,L2（想定最大規模）,0.5m未満,PLATEAU building risk
131156000000.0,river_flooding,洪水浸水想定区域,0.108,城南地区河川流域,L2（想定最大規模）,0.5m未満,PLATEAU building risk
131083000000.0,river_flooding,洪水浸水想定区域,0.22,江東内部河川流域,L2（想定最大規模）,0.5m未満,PLATEAU building risk
131083000000.0,high_tide,高潮浸水想定,5.69,東京都高潮浸水想定区域図（令和6年12月19日）,,5m以上10m未満,PLATEAU building risk
131083000000.0,river_flooding,洪水浸水想定区域,0.25,隅田川・新河岸川流域,L2（想定最大規模）,0.5m未満,PLATEAU building risk
131083000000.0,high_tide,高潮浸水想定,2.98,東京都高潮浸水想定区域図（令和6年12月19日）,,0.5m以上3m未満,PLATEAU building risk
131156000000.0,river_flooding,洪水浸水想定区域,0.057,神田川流域,L2（想定最大規模）,0.5m未満,PLATEAU building risk
131083000000.0,river_flooding,洪水浸水想定区域,0.05,江東内部河川流域,L2（想定最大規模）,0.5m未満,PLATEAU building risk
131083000000.0,high_tide,高潮浸水想定,1.84,東京都高潮浸水想定区域図（令和6年12月19日）,,0.5m以上3m未満,PLATEAU building risk
official_export_002:431,river_flooding,洪水浸水想定区域,0.22,多摩川水系多摩川・浅川・大栗川,L2（想定最大規模）,0.5m未満,PLATEAU building risk
official_export_002:390,river_flooding,洪水浸水想定区域,0.176,神田川流域,L2（想定最大規模）,0.5m未満,PLATEAU building risk
131156000000.0,river_flooding,洪水浸水想定区域,0.252,神田川流域,L2（想定最大規模）,0.5m未満,PLATEAU building risk
official_export_002:10,river_flooding,洪水浸水想定区域,0.004,野川・仙川・入間川・谷沢川・丸子川流域,L2（想定最大規模）,0.5m未満,PLATEAU building risk
official_export_002:10,landslide,土砂災害警戒区域,,急傾斜地の崩落,,土砂災害特別警戒区域（指定済）,PLATEAU building risk
official_export_002:468,river_flooding,洪水浸水想定区域,0.013,城南地区河川流域,L2（想定最大規模）,0.5m未満,PLATEAU building risk
99,river_flooding,洪水浸水想定区域,0.01,秋川・平井川流域,L2（想定最大規模）,0.5m未満,PLATEAU building risk
official_export_002:230,river_flooding,洪水浸水想定区域,0.03,野川・仙川・入間川・谷沢川・丸子川流域,L2（想定最大規模）,0.5m未満,PLATEAU building risk
131083000000.0,river_flooding,洪水浸水想定区域,0.11,江東内部河川流域,L2（想定最大規模）,0.5m未満,PLATEAU building risk
131083000000.0,high_tide,高潮浸水想定,2.12,東京都高潮浸水想定区域図（令和6年12月19日）,,0.5m以上3m未満,PLATEAU building risk
official_export_002:325,river_flooding,洪水浸水想定区域,0.12,隅田川・新河岸川流域,L2（想定最大規模）,0.5m未満,PLATEAU building risk
official_export_002:382,river_flooding,洪水浸水想定区域,0.135,神田川流域,L2（想定最大規模）,0.5m未満,PLATEAU building risk
145,river_flooding,洪水浸水想定区域,0.01,秋川・平井川流域,L2（想定最大規模）,0.5m未満,PLATEAU building risk
145,landslide,土砂災害警戒区域,,土石流,,土砂災害警戒区域（指定済）,PLATEAU building risk
145,landslide,土砂災害警戒区域,,急傾斜地の崩落,,土砂災害特別警戒区域（指定済）,PLATEAU building risk
official_export_002:69,river_flooding,洪水浸水想定区域,0.051,神田川流域,L2（想定最大規模）,0.5m未満,PLATEAU building risk
official_export_001:83,river_flooding,洪水浸水想定区域,0.14,神田川流域,L2（想定最大規模）,0.5m未満,PLATEAU building risk
13104:176,river_flooding,洪水浸水想定区域,0.021,神田川流域,L2（想定最大規模）,0.5m未満,PLATEAU building risk
131024000000.0,high_tide,高潮浸水想定,0.27,東京都高潮浸水想定区域図（令和6年12月19日）,,0.5m未満,PLATEAU building risk
131083000000.0,river_flooding,洪水浸水想定区域,0.2,江東内部河川流域,L2（想定最大規模）,0.5m未満,PLATEAU building risk
131083000000.0,high_tide,高潮浸水想定,4.21,東京都高潮浸水想定区域図（令和6年12月19日）,,3m以上5m未満,PLATEAU building risk
official_export_002:467,river_flooding,洪水浸水想定区域,0.013,城南地区河川流域,L2（想定最大規模）,0.5m未満,PLATEAU building risk
131083000000.0,river_flooding,洪水浸水想定区域,0.28,隅田川・新河岸川流域,L2（想定最大規模）,0.5m未満,PLATEAU building risk
131083000000.0,high_tide,高潮浸水想定,2.09,東京都高潮浸水想定区域図（令和6年12月19日）,,0.5m以上3m未満,PLATEAU building risk
13104:124,river_flooding,洪水浸水想定区域,0.077,神田川流域,L2（想定最大規模）,0.5m未満,PLATEAU building risk
131067100053,river_flooding,洪水浸水想定区域,0.117,神田川流域,L2（想定最大規模）,0.5m未満,PLATEAU building risk
132000000000.0,river_flooding,洪水浸水想定区域,0.03,黒目川・落合川・柳瀬川・空堀川・奈良橋川流域,L2（想定最大規模）,0.5m未満,PLATEAU building risk
13104:214,river_flooding,洪水浸水想定区域,0.032,神田川流域,L2（想定最大規模）,0.5m未満,PLATEAU building risk
199,river_flooding,洪水浸水想定区域,0.034,野川・仙川・入間川・谷沢川・丸子川流域,L2（想定最大規模）,0.5m未満,PLATEAU building risk
131156000000.0,river_flooding,洪水浸水想定区域,0.745,神田川流域,L2（想定最大規模）,0.5m以上3m未満,PLATEAU building risk
official_export_002:76,river_flooding,洪水浸水想定区域,0.314,城南地区河川流域,L2（想定最大規模）,0.5m未満,PLATEAU building risk
35,river_flooding,洪水浸水想定区域,1.09,隅田川・新河岸川流域,L2（想定最大規模）,0.5m以上3m未満,PLATEAU building risk
35,high_tide,高潮浸水想定,0.98,東京都高潮浸水想定区域図（令和6年12月19日）,,0.5m以上3m未満,PLATEAU building risk
54,river_flooding,洪水浸水想定区域,0.01,秋川・平井川流域,L2（想定最大規模）,0.5m未満,PLATEAU building risk
131083000000.0,river_flooding,洪水浸水想定区域,0.4,江東内部河川流域,L2（想定最大規模）,0.5m未満,PLATEAU building risk
131083000000.0,high_tide,高潮浸水想定,5.38,東京都高潮浸水想定区域図（令和6年12月19日）,,5m以上10m未満,PLATEAU building risk
1.32209E+11,river_flooding,洪水浸水想定区域,0.01,黒目川・落合川・柳瀬川・空堀川・奈良橋川流域,L2（想定最大規模）,0.5m未満,PLATEAU building risk
131075100105,river_flooding,洪水浸水想定区域,0.69,江東内部河川流域,L2（想定最大規模）,0.5m以上3m未満,PLATEAU building risk
131075100105,high_tide,高潮浸水想定,4.78,東京都高潮浸水想定区域図（令和6年12月19日）,,3m以上5m未満,PLATEAU building risk
13104:132,river_flooding,洪水浸水想定区域,0.006,神田川流域,L2（想定最大規模）,0.5m未満,PLATEAU building risk
131083000000.0,river_flooding,洪水浸水想定区域,0.24,江東内部河川流域,L2（想定最大規模）,0.5m未満,PLATEAU building risk
131083000000.0,high_tide,高潮浸水想定,5.02,東京都高潮浸水想定区域図（令和6年12月19日）,,5m以上10m未満,PLATEAU building risk
131024000000.0,river_flooding,洪水浸水想定区域,0.01,隅田川・新河岸川流域,L2（想定最大規模）,0.5m未満,PLATEAU building risk
official_export_003:62,high_tide,高潮浸水想定,1.77,東京都高潮浸水想定区域図（令和6年12月19日）,,0.5m以上3m未満,PLATEAU building risk
7,river_flooding,洪水浸水想定区域,0.375,神田川流域,L2（想定最大規模）,0.5m未満,PLATEAU building risk
131083000000.0,river_flooding,洪水浸水想定区域,0.9,江東内部河川流域,L2（想定最大規模）,0.5m以上3m未満,PLATEAU building risk
131083000000.0,high_tide,高潮浸水想定,5.33,東京都高潮浸水想定区域図（令和6年12月19日）,,5m以上10m未満,PLATEAU building risk
33,river_flooding,洪水浸水想定区域,0.01,秋川・平井川流域,L2（想定最大規模）,0.5m未満,PLATEAU building risk
131075100014,river_flooding,洪水浸水想定区域,0.08,隅田川・新河岸川流域,L2（想定最大規模）,0.5m未満,PLATEAU building risk
131075100014,high_tide,高潮浸水想定,1.22,東京都高潮浸水想定区域図（令和6年12月19日）,,0.5m以上3m未満,PLATEAU building risk
official_export_002:277,river_flooding,洪水浸水想定区域,0.66,隅田川・新河岸川流域,L2（想定最大規模）,0.5m以上3m未満,PLATEAU building risk
official_export_002:277,high_tide,高潮浸水想定,3.56,東京都高潮浸水想定区域図（令和6年12月19日）,,3m以上5m未満,PLATEAU building risk
131083000000.0,river_flooding,洪水浸水想定区域,0.13,隅田川・新河岸川流域,L2（想定最大規模）,0.5m未満,PLATEAU building risk
131083000000.0,high_tide,高潮浸水想定,1.84,東京都高潮浸水想定区域図（令和6年12月19日）,,0.5m以上3m未満,PLATEAU building risk
131024000000.0,river_flooding,洪水浸水想定区域,0.87,隅田川・新河岸川流域,L2（想定最大規模）,0.5m以上3m未満,PLATEAU building risk
131156000000.0,river_flooding,洪水浸水想定区域,0.006,神田川流域,L2（想定最大規模）,0.5m未満,PLATEAU building risk
official_export_002:211,river_flooding,洪水浸水想定区域,0.01,隅田川・新河岸川流域,L2（想定最大規模）,0.5m未満,PLATEAU building risk
official_export_002:414,river_flooding,洪水浸水想定区域,0.023,神田川流域,L2（想定最大規模）,0.5m未満,PLATEAU building risk
official_export_002:40,river_flooding,洪水浸水想定区域,0.03,隅田川・新河岸川流域,L2（想定最大規模）,0.5m未満,PLATEAU building risk
27,river_flooding,洪水浸水想定区域,0.04,秋川・平井川流域,L2（想定最大規模）,0.5m未満,PLATEAU building risk
243,river_flooding,洪水浸水想定区域,0.07,隅田川・新河岸川流域,L2（想定最大規模）,0.5m未満,PLATEAU building risk
144,river_flooding,洪水浸水想定区域,0.11,秋川・平井川流域,L2（想定最大規模）,0.5m未満,PLATEAU building risk
131083000000.0,river_flooding,洪水浸水想定区域,0.12,江東内部河川流域,L2（想定最大規模）,0.5m未満,PLATEAU building risk
131083000000.0,high_tide,高潮浸水想定,2.52,東京都高潮浸水想定区域図（令和6年12月19日）,,0.5m以上3m未満,PLATEAU building risk
official_export_002:142,river_flooding,洪水浸水想定区域,0.014,神田川流域,L2（想定最大規模）,0.5m未満,PLATEAU building risk
official_export_002:22,river_flooding,洪水浸水想定区域,0.96,多摩川水系多摩川・浅川・大栗川,L2（想定最大規模）,0.5m以上3m未満,PLATEAU building risk
131083000000.0,river_flooding,洪水浸水想定区域,0.09,江東内部河川流域,L2（想定最大規模）,0.5m未満,PLATEAU building risk
131083000000.0,high_tide,高潮浸水想定,2.77,東京都高潮浸水想定区域図（令和6年12月19日）,,0.5m以上3m未満,PLATEAU building risk
132101000000.0,river_flooding,洪水浸水想定区域,0.09,野川・仙川・入間川・谷沢川・丸子川流域,L2（想定最大規模）,0.5m未満,PLATEAU building risk
official_export_002:195,river_flooding,洪水浸水想定区域,0.007,神田川流域,L2（想定最大規模）,0.5m未満,PLATEAU building risk
6,river_flooding,洪水浸水想定区域,0.017,城南地区河川流域,L2（想定最大規模）,0.5m未満,PLATEAU building risk
13104:153,river_flooding,洪水浸水想定区域,0.011,神田川流域,L2（想定最大規模）,0.5m未満,PLATEAU building risk
official_export_002:248,river_flooding,洪水浸水想定区域,0.47,古川水系渋谷川・古川・目黒川水系目黒川・呑川水系呑川・立会川水系立会川・内川水系内川,L1（計画規模）,0.5m未満,PLATEAU building risk
official_export_002:248,river_flooding,洪水浸水想定区域,1.6,古川水系渋谷川・古川・目黒川水系目黒川・呑川水系呑川・立会川水系立会川・内川水系内川,L2（想定最大規模）,0.5m以上3m未満,PLATEAU building risk
official_export_002:248,river_flooding,洪水浸水想定区域,1.6,城南地区河川流域,L2（想定最大規模）,0.5m以上3m未満,PLATEAU building risk
131024000000.0,river_flooding,洪水浸水想定区域,0.08,隅田川・新河岸川流域,L2（想定最大規模）,0.5m未満,PLATEAU building risk
244,river_flooding,洪水浸水想定区域,0.06,隅田川・新河岸川流域,L2（想定最大規模）,0.5m未満,PLATEAU building risk
official_export_002:368,river_flooding,洪水浸水想定区域,0.01,野川・仙川・入間川・谷沢川・丸子川流域,L2（想定最大規模）,0.5m未満,PLATEAU building risk
official_export_002:52,river_flooding,洪水浸水想定区域,0.02,神田川流域,L2（想定最大規模）,0.5m未満,PLATEAU building risk
26,river_flooding,洪水浸水想定区域,0.06,秋川・平井川流域,L2（想定最大規模）,0.5m未満,PLATEAU building risk
131083000000.0,river_flooding,洪水浸水想定区域,1.11,江東内部河川流域,L2（想定最大規模）,0.5m以上3m未満,PLATEAU building risk
131083000000.0,high_tide,高潮浸水想定,6.13,東京都高潮浸水想定区域図（令和6年12月19日）,,5m以上10m未満,PLATEAU building risk
official_export_002:381,river_flooding,洪水浸水想定区域,0.086,城南地区河川流域,L2（想定最大規模）,0.5m未満,PLATEAU building risk
13104:200,river_flooding,洪水浸水想定区域,0.058,神田川流域,L2（想定最大規模）,0.5m未満,PLATEAU building risk
official_export_002:420,river_flooding,洪水浸水想定区域,0.042,神田川流域,L2（想定最大規模）,0.5m未満,PLATEAU building risk
official_export_002:421,river_flooding,洪水浸水想定区域,0.042,神田川流域,L2（想定最大規模）,0.5m未満,PLATEAU building risk
50,river_flooding,洪水浸水想定区域,0.01,秋川・平井川流域,L2（想定最大規模）,0.5m未満,PLATEAU building risk
official_export_002:385,river_flooding,洪水浸水想定区域,0.25,隅田川・新河岸川流域,L2（想定最大規模）,0.5m未満,PLATEAU building risk
official_export_002:385,high_tide,高潮浸水想定,0.7,東京都高潮浸水想定区域図（令和6年12月19日）,,0.5m以上3m未満,PLATEAU building risk
official_export_002:17,river_flooding,洪水浸水想定区域,0.024,城南地区河川流域,L2（想定最大規模）,0.5m未満,PLATEAU building risk
131083000000.0,river_flooding,洪水浸水想定区域,0.28,江東内部河川流域,L2（想定最大規模）,0.5m未満,PLATEAU building risk
official_export_002:166,river_flooding,洪水浸水想定区域,0.28,江東内部河川流域,L2（想定最大規模）,0.5m未満,PLATEAU building risk
131083000000.0,high_tide,高潮浸水想定,2.22,東京都高潮浸水想定区域図（令和6年12月19日）,,0.5m以上3m未満,PLATEAU building risk
official_export_002:166,high_tide,高潮浸水想定,2.22,東京都高潮浸水想定区域図（令和6年12月19日）,,0.5m以上3m未満,PLATEAU building risk
official_export_002:99,river_flooding,洪水浸水想定区域,0.06,隅田川・新河岸川流域,L2（想定最大規模）,0.5m未満,PLATEAU building risk
official_export_002:99,high_tide,高潮浸水想定,2.2,東京都高潮浸水想定区域図（令和6年12月19日）,,0.5m以上3m未満,PLATEAU building risk
official_export_002:474,river_flooding,洪水浸水想定区域,0.039,野川・仙川・入間川・谷沢川・丸子川流域,L2（想定最大規模）,0.5m未満,PLATEAU building risk
118,river_flooding,洪水浸水想定区域,0.058,城南地区河川流域,L2（想定最大規模）,0.5m未満,PLATEAU building risk
131075100050,river_flooding,洪水浸水想定区域,0.56,江東内部河川流域,L2（想定最大規模）,0.5m以上3m未満,PLATEAU building risk
131075100050,high_tide,高潮浸水想定,4.12,東京都高潮浸水想定区域図（令和6年12月19日）,,3m以上5m未満,PLATEAU building risk
132152100091,river_flooding,洪水浸水想定区域,0.06,多摩川水系多摩川・浅川・大栗川,L2（想定最大規模）,0.5m未満,PLATEAU building risk
official_export_001:114,landslide,土砂災害警戒区域,,急傾斜地の崩落,,土砂災害警戒区域（指定済）,PLATEAU building risk
131075100066,river_flooding,洪水浸水想定区域,0.45,隅田川・新河岸川流域,L2（想定最大規模）,0.5m未満,PLATEAU building risk
131075100066,high_tide,高潮浸水想定,2.41,東京都高潮浸水想定区域図（令和6年12月19日）,,0.5m以上3m未満,PLATEAU building risk
131083000000.0,river_flooding,洪水浸水想定区域,0.58,江東内部河川流域,L2（想定最大規模）,0.5m以上3m未満,PLATEAU building risk
131083000000.0,high_tide,高潮浸水想定,3.22,東京都高潮浸水想定区域図（令和6年12月19日）,,3m以上5m未満,PLATEAU building risk
official_export_002:196,river_flooding,洪水浸水想定区域,0.034,神田川流域,L2（想定最大規模）,0.5m未満,PLATEAU building risk
official_export_001:58,river_flooding,洪水浸水想定区域,0.581,神田川流域,L2（想定最大規模）,0.5m以上3m未満,PLATEAU building risk
221,river_flooding,洪水浸水想定区域,0.01,黒目川・落合川・柳瀬川・空堀川・奈良橋川流域,L2（想定最大規模）,0.5m未満,PLATEAU building risk
132136100008,river_flooding,洪水浸水想定区域,0.01,黒目川・落合川・柳瀬川・空堀川・奈良橋川流域,L2（想定最大規模）,0.5m未満,PLATEAU building risk
106,river_flooding,洪水浸水想定区域,0.77,多摩川水系野川・仙川・入間川・谷沢川・丸子川,L1（計画規模）,0.5m以上3m未満,PLATEAU building risk
106,river_flooding,洪水浸水想定区域,1.12,多摩川水系野川・仙川・入間川・谷沢川・丸子川,L2（想定最大規模）,0.5m以上3m未満,PLATEAU building risk
106,river_flooding,洪水浸水想定区域,1.12,野川・仙川・入間川・谷沢川・丸子川流域,L2（想定最大規模）,0.5m以上3m未満,PLATEAU building risk
official_export_002:101,river_flooding,洪水浸水想定区域,0.01,神田川流域,L2（想定最大規模）,0.5m未満,PLATEAU building risk
official_export_002:103,river_flooding,洪水浸水想定区域,0.01,神田川流域,L2（想定最大規模）,0.5m未満,PLATEAU building risk
131083000000.0,river_flooding,洪水浸水想定区域,0.12,江東内部河川流域,L2（想定最大規模）,0.5m未満,PLATEAU building risk
131083000000.0,high_tide,高潮浸水想定,5.12,東京都高潮浸水想定区域図（令和6年12月19日）,,5m以上10m未満,PLATEAU building risk
official_export_003:49,river_flooding,洪水浸水想定区域,0.002,城南地区河川流域,L2（想定最大規模）,0.5m未満,PLATEAU building risk
official_export_002:198,river_flooding,洪水浸水想定区域,0.035,城南地区河川流域,L2（想定最大規模）,0.5m未満,PLATEAU building risk
13104:125,river_flooding,洪水浸水想定区域,0.058,神田川流域,L2（想定最大規模）,0.5m未満,PLATEAU building risk
2000000002,river_flooding,洪水浸水想定区域,0.027,神田川流域,L2（想定最大規模）,0.5m未満,PLATEAU building risk
official_export_002:374,river_flooding,洪水浸水想定区域,0.027,神田川流域,L2（想定最大規模）,0.5m未満,PLATEAU building risk
238,landslide,土砂災害警戒区域,,土石流,,土砂災害警戒区域（指定済）,PLATEAU building risk
131024000000.0,river_flooding,洪水浸水想定区域,0.274,神田川流域,L2（想定最大規模）,0.5m未満,PLATEAU building risk
131024000000.0,river_flooding,洪水浸水想定区域,0.274,荒川水系神田川流域,L2（想定最大規模）,0.5m未満,PLATEAU building risk
131024000000.0,high_tide,高潮浸水想定,0.34,東京都高潮浸水想定区域図（令和6年12月19日）,,0.5m未満,PLATEAU building risk
131083000000.0,river_flooding,洪水浸水想定区域,0.37,江東内部河川流域,L2（想定最大規模）,0.5m未満,PLATEAU building risk
131083000000.0,high_tide,高潮浸水想定,5.54,東京都高潮浸水想定区域図（令和6年12月19日）,,5m以上10m未満,PLATEAU building risk
official_export_002:206,river_flooding,洪水浸水想定区域,0.017,神田川流域,L2（想定最大規模）,0.5m未満,PLATEAU building risk
131075100057,river_flooding,洪水浸水想定区域,0.13,隅田川・新河岸川流域,L2（想定最大規模）,0.5m未満,PLATEAU building risk
131075100057,high_tide,高潮浸水想定,3.23,東京都高潮浸水想定区域図（令和6年12月19日）,,3m以上5m未満,PLATEAU building risk
1.32209E+11,river_flooding,洪水浸水想定区域,0.1,荒川水系黒目川・落合川・柳瀬川・空堀川・奈良橋川,L2（想定最大規模）,0.5m未満,PLATEAU building risk
1.32209E+11,river_flooding,洪水浸水想定区域,0.01,黒目川・落合川・柳瀬川・空堀川・奈良橋川流域,L2（想定最大規模）,0.5m未満,PLATEAU building risk
131156000000.0,river_flooding,洪水浸水想定区域,0.016,神田川流域,L2（想定最大規模）,0.5m未満,PLATEAU building risk
1.32209E+11,river_flooding,洪水浸水想定区域,0.01,荒川水系黒目川・落合川・柳瀬川・空堀川・奈良橋川,L2（想定最大規模）,0.5m未満,PLATEAU building risk
1.32209E+11,river_flooding,洪水浸水想定区域,0.01,黒目川・落合川・柳瀬川・空堀川・奈良橋川流域,L2（想定最大規模）,0.5m未満,PLATEAU building risk
28,river_flooding,洪水浸水想定区域,0.2,多摩川水系秋川・北秋川・養沢川・平井川・氷沢川・鯉川・玉の内川・北大久野川,L2（想定最大規模）,0.5m未満,PLATEAU building risk
28,river_flooding,洪水浸水想定区域,0.04,秋川・平井川流域,L2（想定最大規模）,0.5m未満,PLATEAU building risk
28,landslide,土砂災害警戒区域,,土石流,,土砂災害警戒区域（指定済）,PLATEAU building risk
131083000000.0,river_flooding,洪水浸水想定区域,0.04,隅田川・新河岸川流域,L2（想定最大規模）,0.5m未満,PLATEAU building risk
131083000000.0,high_tide,高潮浸水想定,2.12,東京都高潮浸水想定区域図（令和6年12月19日）,,0.5m以上3m未満,PLATEAU building risk
131156000000.0,river_flooding,洪水浸水想定区域,0.531,神田川流域,L2（想定最大規模）,0.5m以上3m未満,PLATEAU building risk
34,river_flooding,洪水浸水想定区域,0.01,秋川・平井川流域,L2（想定最大規模）,0.5m未満,PLATEAU building risk
131024000000.0,river_flooding,洪水浸水想定区域,0.01,隅田川・新河岸川流域,L2（想定最大規模）,0.5m未満,PLATEAU building risk
official_export_002:58,river_flooding,洪水浸水想定区域,0.01,隅田川・新河岸川流域,L2（想定最大規模）,0.5m未満,PLATEAU building risk
4,landslide,土砂災害警戒区域,,急傾斜地の崩落,,土砂災害警戒区域（指定済）,PLATEAU building risk
official_export_002:304,river_flooding,洪水浸水想定区域,0.029,石神井川・白子川流域,L2（想定最大規模）,0.5m未満,PLATEAU building risk
131083000000.0,river_flooding,洪水浸水想定区域,0.14,江東内部河川流域,L2（想定最大規模）,0.5m未満,PLATEAU building risk
131083000000.0,high_tide,高潮浸水想定,2.68,東京都高潮浸水想定区域図（令和6年12月19日）,,0.5m以上3m未満,PLATEAU building risk
official_export_001:101,river_flooding,洪水浸水想定区域,0.01,隅田川・新河岸川流域,L2（想定最大規模）,0.5m未満,PLATEAU building risk
official_export_001:101,high_tide,高潮浸水想定,0.03,東京都高潮浸水想定区域図（令和6年12月19日）,,0.5m未満,PLATEAU building risk
13104:57,river_flooding,洪水浸水想定区域,0.007,神田川流域,L2（想定最大規模）,0.5m未満,PLATEAU building risk
official_export_002:125,river_flooding,洪水浸水想定区域,0.045,神田川流域,L2（想定最大規模）,0.5m未満,PLATEAU building risk
125,river_flooding,洪水浸水想定区域,0.54,中川・綾瀬川圏域,L2（想定最大規模）,0.5m以上3m未満,PLATEAU building risk
125,river_flooding,洪水浸水想定区域,0.003,利根川水系中川,L2（想定最大規模）,0.5m未満,PLATEAU building risk
125,river_flooding,洪水浸水想定区域,0.54,利根川水系中川・綾瀬川・新中川・旧江戸川・毛長川・大場川・伝右川・垳川・新川,L2（想定最大規模）,0.5m以上3m未満,PLATEAU building risk
125,river_flooding,洪水浸水想定区域,2.614,利根川水系利根川,L1（計画規模）,0.5m以上3m未満,PLATEAU building risk
125,river_flooding,洪水浸水想定区域,3.238,利根川水系利根川,L2（想定最大規模）,3m以上5m未満,PLATEAU building risk
125,river_flooding,洪水浸水想定区域,1.867,利根川水系江戸川,L1（計画規模）,0.5m以上3m未満,PLATEAU building risk
125,river_flooding,洪水浸水想定区域,3.135,利根川水系江戸川,L2（想定最大規模）,3m以上5m未満,PLATEAU building risk
125,high_tide,高潮浸水想定,2.46,東京都高潮浸水想定区域図（令和6年12月19日）,,0.5m以上3m未満,PLATEAU building risk
39,river_flooding,洪水浸水想定区域,0.01,秋川・平井川流域,L2（想定最大規模）,0.5m未満,PLATEAU building risk
39,landslide,土砂災害警戒区域,,土石流,,土砂災害警戒区域（指定済）,PLATEAU building risk
39,landslide,土砂災害警戒区域,,急傾斜地の崩落,,土砂災害特別警戒区域（指定済）,PLATEAU building risk
237,landslide,土砂災害警戒区域,,土石流,,土砂災害警戒区域（指定済）,PLATEAU building risk
237,landslide,土砂災害警戒区域,,急傾斜地の崩落,,土砂災害警戒区域（指定済）,PLATEAU building risk
official_export_002:478,river_flooding,洪水浸水想定区域,0.299,城南地区河川流域,L2（想定最大規模）,0.5m未満,PLATEAU building risk
official_export_002:387,river_flooding,洪水浸水想定区域,0.034,神田川流域,L2（想定最大規模）,0.5m未満,PLATEAU building risk
165,river_flooding,洪水浸水想定区域,0.43,隅田川・新河岸川流域,L2（想定最大規模）,0.5m未満,PLATEAU building risk
165,high_tide,高潮浸水想定,0.5,東京都高潮浸水想定区域図（令和6年12月19日）,,0.5m以上3m未満,PLATEAU building risk
official_export_001:5,river_flooding,洪水浸水想定区域,0.004,神田川流域,L2（想定最大規模）,0.5m未満,PLATEAU building risk
1.32209E+11,river_flooding,洪水浸水想定区域,0.78,黒目川・落合川・柳瀬川・空堀川・奈良橋川流域,L2（想定最大規模）,0.5m以上3m未満,PLATEAU building risk
official_export_002:188,river_flooding,洪水浸水想定区域,0.78,黒目川・落合川・柳瀬川・空堀川・奈良橋川流域,L2（想定最大規模）,0.5m以上3m未満,PLATEAU building risk
official_export_002:281,river_flooding,洪水浸水想定区域,0.084,石神井川・白子川流域,L2（想定最大規模）,0.5m未満,PLATEAU building risk
132136100006,river_flooding,洪水浸水想定区域,0.01,黒目川・落合川・柳瀬川・空堀川・奈良橋川流域,L2（想定最大規模）,0.5m未満,PLATEAU building risk
official_export_002:98,river_flooding,洪水浸水想定区域,0.028,城南地区河川流域,L2（想定最大規模）,0.5m未満,PLATEAU building risk
131024000000.0,river_flooding,洪水浸水想定区域,0.11,隅田川・新河岸川流域,L2（想定最大規模）,0.5m未満,PLATEAU building risk
official_export_001:28,river_flooding,洪水浸水想定区域,0.743,城南地区河川流域,L2（想定最大規模）,0.5m以上3m未満,PLATEAU building risk
official_export_002:258,river_flooding,洪水浸水想定区域,0.016,城南地区河川流域,L2（想定最大規模）,0.5m未満,PLATEAU building risk
official_export_002:259,river_flooding,洪水浸水想定区域,0.016,城南地区河川流域,L2（想定最大規模）,0.5m未満,PLATEAU building risk
131024000000.0,river_flooding,洪水浸水想定区域,0.22,神田川流域,L2（想定最大規模）,0.5m未満,PLATEAU building risk
official_export_002:282,river_flooding,洪水浸水想定区域,0.467,神田川流域,L2（想定最大規模）,0.5m未満,PLATEAU building risk
official_export_002:282,river_flooding,洪水浸水想定区域,0.467,荒川水系神田川流域,L2（想定最大規模）,0.5m未満,PLATEAU building risk
official_export_002:282,river_flooding,洪水浸水想定区域,0.68,隅田川・新河岸川流域,L2（想定最大規模）,0.5m以上3m未満,PLATEAU building risk
official_export_002:282,high_tide,高潮浸水想定,1.1,東京都高潮浸水想定区域図（令和6年12月19日）,,0.5m以上3m未満,PLATEAU building risk
189,river_flooding,洪水浸水想定区域,0.01,黒目川・落合川・柳瀬川・空堀川・奈良橋川流域,L2（想定最大規模）,0.5m未満,PLATEAU building risk
132136100041,river_flooding,洪水浸水想定区域,0.01,黒目川・落合川・柳瀬川・空堀川・奈良橋川流域,L2（想定最大規模）,0.5m未満,PLATEAU building risk
131083000000.0,river_flooding,洪水浸水想定区域,0.36,江東内部河川流域,L2（想定最大規模）,0.5m未満,PLATEAU building risk
131083000000.0,high_tide,高潮浸水想定,5.14,東京都高潮浸水想定区域図（令和6年12月19日）,,5m以上10m未満,PLATEAU building risk
official_export_002:96,river_flooding,洪水浸水想定区域,7.83,荒川水系霞川・成木川・黒沢川・直竹川・北小曽木川・多摩川水系多摩川（上流）・日原川・鳶巣川・大荷田川,L2（想定最大規模）,5m以上10m未満,PLATEAU building risk
official_export_002:96,river_flooding,洪水浸水想定区域,0.05,霞川・多摩川上流圏域,L2（想定最大規模）,0.5m未満,PLATEAU building risk
official_export_002:96,landslide,土砂災害警戒区域,,急傾斜地の崩落,,土砂災害特別警戒区域（指定済）,PLATEAU building risk
132000000000.0,river_flooding,洪水浸水想定区域,0.01,黒目川・落合川・柳瀬川・空堀川・奈良橋川流域,L2（想定最大規模）,0.5m未満,PLATEAU building risk
131156000000.0,river_flooding,洪水浸水想定区域,0.384,神田川流域,L2（想定最大規模）,0.5m未満,PLATEAU building risk
132101000000.0,river_flooding,洪水浸水想定区域,0.08,野川・仙川・入間川・谷沢川・丸子川流域,L2（想定最大規模）,0.5m未満,PLATEAU building risk
official_export_002:470,river_flooding,洪水浸水想定区域,0.007,城南地区河川流域,L2（想定最大規模）,0.5m未満,PLATEAU building risk
131083000000.0,river_flooding,洪水浸水想定区域,1.24,江東内部河川流域,L2（想定最大規模）,0.5m以上3m未満,PLATEAU building risk
131083000000.0,high_tide,高潮浸水想定,6.38,東京都高潮浸水想定区域図（令和6年12月19日）,,5m以上10m未満,PLATEAU building risk
131024000000.0,river_flooding,洪水浸水想定区域,0.02,隅田川・新河岸川流域,L2（想定最大規模）,0.5m未満,PLATEAU building risk
131024000000.0,high_tide,高潮浸水想定,0.78,東京都高潮浸水想定区域図（令和6年12月19日）,,0.5m以上3m未満,PLATEAU building risk
official_export_002:146,river_flooding,洪水浸水想定区域,0.01,浅川圏域・大栗川・三沢川流域,L2（想定最大規模）,0.5m未満,PLATEAU building risk
official_export_002:146,landslide,土砂災害警戒区域,,急傾斜地の崩落,,土砂災害特別警戒区域（指定済）,PLATEAU building risk
131075100069,river_flooding,洪水浸水想定区域,0.01,隅田川・新河岸川流域,L2（想定最大規模）,0.5m未満,PLATEAU building risk
131075100069,high_tide,高潮浸水想定,1.96,東京都高潮浸水想定区域図（令和6年12月19日）,,0.5m以上3m未満,PLATEAU building risk
official_export_001:66,river_flooding,洪水浸水想定区域,0.02,浅川圏域・大栗川・三沢川流域,L2（想定最大規模）,0.5m未満,PLATEAU building risk
131156000000.0,river_flooding,洪水浸水想定区域,0.045,神田川流域,L2（想定最大規模）,0.5m未満,PLATEAU building risk
official_export_002:265,river_flooding,洪水浸水想定区域,0.1,野川・仙川・入間川・谷沢川・丸子川流域,L2（想定最大規模）,0.5m未満,PLATEAU building risk
132080100003,river_flooding,洪水浸水想定区域,0.84,多摩川水系多摩川・浅川・大栗川,L1（計画規模）,0.5m以上3m未満,PLATEAU building risk
132080100003,river_flooding,洪水浸水想定区域,2.9,多摩川水系多摩川・浅川・大栗川,L2（想定最大規模）,0.5m以上3m未満,PLATEAU building risk
131083000000.0,river_flooding,洪水浸水想定区域,0.48,江東内部河川流域,L2（想定最大規模）,0.5m未満,PLATEAU building risk
131083000000.0,high_tide,高潮浸水想定,2.09,東京都高潮浸水想定区域図（令和6年12月19日）,,0.5m以上3m未満,PLATEAU building risk
131083000000.0,river_flooding,洪水浸水想定区域,0.17,江東内部河川流域,L2（想定最大規模）,0.5m未満,PLATEAU building risk
131083000000.0,high_tide,高潮浸水想定,2.44,東京都高潮浸水想定区域図（令和6年12月19日）,,0.5m以上3m未満,PLATEAU building risk
131083000000.0,river_flooding,洪水浸水想定区域,0.19,江東内部河川流域,L2（想定最大規模）,0.5m未満,PLATEAU building risk
131083000000.0,high_tide,高潮浸水想定,4.31,東京都高潮浸水想定区域図（令和6年12月19日）,,3m以上5m未満,PLATEAU building risk
official_export_001:115,landslide,土砂災害警戒区域,,急傾斜地の崩落,,土砂災害警戒区域（指定済）,PLATEAU building risk
official_export_002:193,river_flooding,洪水浸水想定区域,0.05,霞川・多摩川上流圏域,L2（想定最大規模）,0.5m未満,PLATEAU building risk
official_export_002:93,river_flooding,洪水浸水想定区域,0.05,霞川・多摩川上流圏域,L2（想定最大規模）,0.5m未満,PLATEAU building risk
1,river_flooding,洪水浸水想定区域,0.015,神田川流域,L2（想定最大規模）,0.5m未満,PLATEAU building risk
132152100008,river_flooding,洪水浸水想定区域,0.27,多摩川水系多摩川・浅川・大栗川,L2（想定最大規模）,0.5m未満,PLATEAU building risk
official_export_002:300,river_flooding,洪水浸水想定区域,0.27,多摩川水系多摩川・浅川・大栗川,L2（想定最大規模）,0.5m未満,PLATEAU building risk
official_export_002:454,river_flooding,洪水浸水想定区域,0.21,神田川流域,L2（想定最大規模）,0.5m未満,PLATEAU building risk
131156000000.0,river_flooding,洪水浸水想定区域,0.172,神田川流域,L2（想定最大規模）,0.5m未満,PLATEAU building risk
132101000000.0,river_flooding,洪水浸水想定区域,0.13,野川・仙川・入間川・谷沢川・丸子川流域,L2（想定最大規模）,0.5m未満,PLATEAU building risk
official_export_002:327,river_flooding,洪水浸水想定区域,0.04,隅田川・新河岸川流域,L2（想定最大規模）,0.5m未満,PLATEAU building risk
official_export_002:327,high_tide,高潮浸水想定,2.07,東京都高潮浸水想定区域図（令和6年12月19日）,,0.5m以上3m未満,PLATEAU building risk
official_export_002:226,river_flooding,洪水浸水想定区域,0.16,野川・仙川・入間川・谷沢川・丸子川流域,L2（想定最大規模）,0.5m未満,PLATEAU building risk
official_export_002:238,river_flooding,洪水浸水想定区域,0.017,野川・仙川・入間川・谷沢川・丸子川流域,L2（想定最大規模）,0.5m未満,PLATEAU building risk
131024000000.0,river_flooding,洪水浸水想定区域,0.962,神田川流域,L2（想定最大規模）,0.5m以上3m未満,PLATEAU building risk
131024000000.0,river_flooding,洪水浸水想定区域,0.962,荒川水系神田川流域,L2（想定最大規模）,0.5m以上3m未満,PLATEAU building risk
131024000000.0,river_flooding,洪水浸水想定区域,0.3,隅田川・新河岸川流域,L2（想定最大規模）,0.5m未満,PLATEAU building risk
131156000000.0,river_flooding,洪水浸水想定区域,0.004,神田川流域,L2（想定最大規模）,0.5m未満,PLATEAU building risk
40,river_flooding,洪水浸水想定区域,0.01,秋川・平井川流域,L2（想定最大規模）,0.5m未満,PLATEAU building risk
41,river_flooding,洪水浸水想定区域,0.01,秋川・平井川流域,L2（想定最大規模）,0.5m未満,PLATEAU building risk
official_export_002:150,river_flooding,洪水浸水想定区域,0.085,城南地区河川流域,L2（想定最大規模）,0.5m未満,PLATEAU building risk
official_export_002:46,river_flooding,洪水浸水想定区域,0.016,神田川流域,L2（想定最大規模）,0.5m未満,PLATEAU building risk
141,river_flooding,洪水浸水想定区域,0.01,浅川圏域・大栗川・三沢川流域,L2（想定最大規模）,0.5m未満,PLATEAU building risk
official_export_001:112,river_flooding,洪水浸水想定区域,1.627,神田川流域,L2（想定最大規模）,0.5m以上3m未満,PLATEAU building risk
official_export_001:112,river_flooding,洪水浸水想定区域,1.627,荒川水系神田川流域,L2（想定最大規模）,0.5m以上3m未満,PLATEAU building risk
official_export_001:112,high_tide,高潮浸水想定,0.03,東京都高潮浸水想定区域図（令和6年12月19日）,,0.5m未満,PLATEAU building risk
13104:225,river_flooding,洪水浸水想定区域,0.195,神田川流域,L2（想定最大規模）,0.5m未満,PLATEAU building risk
official_export_002:67,river_flooding,洪水浸水想定区域,0.01,隅田川・新河岸川流域,L2（想定最大規模）,0.5m未満,PLATEAU building risk
131083000000.0,river_flooding,洪水浸水想定区域,0.4,江東内部河川流域,L2（想定最大規模）,0.5m未満,PLATEAU building risk
131083000000.0,high_tide,高潮浸水想定,3.05,東京都高潮浸水想定区域図（令和6年12月19日）,,3m以上5m未満,PLATEAU building risk
131024000000.0,river_flooding,洪水浸水想定区域,0.041,神田川流域,L2（想定最大規模）,0.5m未満,PLATEAU building risk
official_export_002:60,river_flooding,洪水浸水想定区域,0.01,隅田川・新河岸川流域,L2（想定最大規模）,0.5m未満,PLATEAU building risk
official_export_002:63,river_flooding,洪水浸水想定区域,0.01,隅田川・新河岸川流域,L2（想定最大規模）,0.5m未満,PLATEAU building risk
official_export_002:64,river_flooding,洪水浸水想定区域,0.01,隅田川・新河岸川流域,L2（想定最大規模）,0.5m未満,PLATEAU building risk
official_export_002:65,river_flooding,洪水浸水想定区域,0.01,隅田川・新河岸川流域,L2（想定最大規模）,0.5m未満,PLATEAU building risk
official_export_002:68,river_flooding,洪水浸水想定区域,0.01,隅田川・新河岸川流域,L2（想定最大規模）,0.5m未満,PLATEAU building risk
139,river_flooding,洪水浸水想定区域,0.01,黒目川・落合川・柳瀬川・空堀川・奈良橋川流域,L2（想定最大規模）,0.5m未満,PLATEAU building risk
131024000000.0,river_flooding,洪水浸水想定区域,0.07,隅田川・新河岸川流域,L2（想定最大規模）,0.5m未満,PLATEAU building risk
131024000000.0,high_tide,高潮浸水想定,0.18,東京都高潮浸水想定区域図（令和6年12月19日）,,0.5m未満,PLATEAU building risk
official_export_002:473,river_flooding,洪水浸水想定区域,0.017,神田川流域,L2（想定最大規模）,0.5m未満,PLATEAU building risk
131083000000.0,river_flooding,洪水浸水想定区域,0.56,江東内部河川流域,L2（想定最大規模）,0.5m以上3m未満,PLATEAU building risk
131083000000.0,high_tide,高潮浸水想定,3.01,東京都高潮浸水想定区域図（令和6年12月19日）,,3m以上5m未満,PLATEAU building risk
official_export_002:80,river_flooding,洪水浸水想定区域,0.019,城南地区河川流域,L2（想定最大規模）,0.5m未満,PLATEAU building risk
13104:199,river_flooding,洪水浸水想定区域,0.159,神田川流域,L2（想定最大規模）,0.5m未満,PLATEAU building risk
official_export_002:47,river_flooding,洪水浸水想定区域,0.009,野川・仙川・入間川・谷沢川・丸子川流域,L2（想定最大規模）,0.5m未満,PLATEAU building risk
131083000000.0,river_flooding,洪水浸水想定区域,0.03,江東内部河川流域,L2（想定最大規模）,0.5m未満,PLATEAU building risk
131083000000.0,high_tide,高潮浸水想定,2.02,東京都高潮浸水想定区域図（令和6年12月19日）,,0.5m以上3m未満,PLATEAU building risk
official_export_002:43,river_flooding,洪水浸水想定区域,0.01,隅田川・新河岸川流域,L2（想定最大規模）,0.5m未満,PLATEAU building risk
official_export_002:108,river_flooding,洪水浸水想定区域,0.019,城南地区河川流域,L2（想定最大規模）,0.5m未満,PLATEAU building risk
131083000000.0,river_flooding,洪水浸水想定区域,0.23,江東内部河川流域,L2（想定最大規模）,0.5m未満,PLATEAU building risk
131083000000.0,high_tide,高潮浸水想定,3.09,東京都高潮浸水想定区域図（令和6年12月19日）,,3m以上5m未満,PLATEAU building risk
13104:185,river_flooding,洪水浸水想定区域,0.013,神田川流域,L2（想定最大規模）,0.5m未満,PLATEAU building risk
131083000000.0,river_flooding,洪水浸水想定区域,0.14,江東内部河川流域,L2（想定最大規模）,0.5m未満,PLATEAU building risk
131083000000.0,high_tide,高潮浸水想定,2.73,東京都高潮浸水想定区域図（令和6年12月19日）,,0.5m以上3m未満,PLATEAU building risk
131083000000.0,river_flooding,洪水浸水想定区域,0.37,隅田川・新河岸川流域,L2（想定最大規模）,0.5m未満,PLATEAU building risk
131083000000.0,high_tide,高潮浸水想定,3.26,東京都高潮浸水想定区域図（令和6年12月19日）,,3m以上5m未満,PLATEAU building risk
132000000000.0,river_flooding,洪水浸水想定区域,0.01,黒目川・落合川・柳瀬川・空堀川・奈良橋川流域,L2（想定最大規模）,0.5m未満,PLATEAU building risk
official_export_002:182,river_flooding,洪水浸水想定区域,0.028,神田川流域,L2（想定最大規模）,0.5m未満,PLATEAU building risk
132152100035,river_flooding,洪水浸水想定区域,5.92,多摩川水系多摩川・浅川・大栗川,L2（想定最大規模）,5m以上10m未満,PLATEAU building risk
131067100029,river_flooding,洪水浸水想定区域,0.495,神田川流域,L2（想定最大規模）,0.5m未満,PLATEAU building risk
131067100029,river_flooding,洪水浸水想定区域,0.495,荒川水系神田川流域,L2（想定最大規模）,0.5m未満,PLATEAU building risk
131067100029,river_flooding,洪水浸水想定区域,0.78,隅田川・新河岸川流域,L2（想定最大規模）,0.5m以上3m未満,PLATEAU building risk
131067100029,high_tide,高潮浸水想定,1.26,東京都高潮浸水想定区域図（令和6年12月19日）,,0.5m以上3m未満,PLATEAU building risk
1.32209E+11,river_flooding,洪水浸水想定区域,0.14,黒目川・落合川・柳瀬川・空堀川・奈良橋川流域,L2（想定最大規模）,0.5m未満,PLATEAU building risk
131083000000.0,river_flooding,洪水浸水想定区域,0.13,江東内部河川流域,L2（想定最大規模）,0.5m未満,PLATEAU building risk
131083000000.0,high_tide,高潮浸水想定,2.27,東京都高潮浸水想定区域図（令和6年12月19日）,,0.5m以上3m未満,PLATEAU building risk
131083000000.0,high_tide,高潮浸水想定,2.39,東京都高潮浸水想定区域図（令和6年12月19日）,,0.5m以上3m未満,PLATEAU building risk
official_export_001:131,river_flooding,洪水浸水想定区域,0.063,城南地区河川流域,L2（想定最大規模）,0.5m未満,PLATEAU building risk
1000000001,river_flooding,洪水浸水想定区域,0.034,神田川流域,L2（想定最大規模）,0.5m未満,PLATEAU building risk
official_export_002:432,river_flooding,洪水浸水想定区域,0.32,多摩川水系多摩川・浅川・大栗川,L2（想定最大規模）,0.5m未満,PLATEAU building risk
official_export_002:276,river_flooding,洪水浸水想定区域,0.66,隅田川・新河岸川流域,L2（想定最大規模）,0.5m以上3m未満,PLATEAU building risk
official_export_002:276,high_tide,高潮浸水想定,3.58,東京都高潮浸水想定区域図（令和6年12月19日）,,3m以上5m未満,PLATEAU building risk
131067100003,river_flooding,洪水浸水想定区域,0.012,神田川流域,L2（想定最大規模）,0.5m未満,PLATEAU building risk
17,river_flooding,洪水浸水想定区域,0.075,神田川流域,L2（想定最大規模）,0.5m未満,PLATEAU building risk
1000000002,river_flooding,洪水浸水想定区域,0.075,神田川流域,L2（想定最大規模）,0.5m未満,PLATEAU building risk
132000000000.0,river_flooding,洪水浸水想定区域,2.09,荒川水系黒目川・落合川・柳瀬川・空堀川・奈良橋川,L2（想定最大規模）,0.5m以上3m未満,PLATEAU building risk
132000000000.0,river_flooding,洪水浸水想定区域,2.09,黒目川・落合川・柳瀬川・空堀川・奈良橋川流域,L2（想定最大規模）,0.5m以上3m未満,PLATEAU building risk
official_export_002:415,river_flooding,洪水浸水想定区域,0.45,隅田川・新河岸川流域,L2（想定最大規模）,0.5m未満,PLATEAU building risk
official_export_002:415,high_tide,高潮浸水想定,0.09,東京都高潮浸水想定区域図（令和6年12月19日）,,0.5m未満,PLATEAU building risk
131156000000.0,river_flooding,洪水浸水想定区域,0.779,神田川流域,L2（想定最大規模）,0.5m以上3m未満,PLATEAU building risk
131024000000.0,river_flooding,洪水浸水想定区域,0.837,神田川流域,L2（想定最大規模）,0.5m以上3m未満,PLATEAU building risk
131024000000.0,river_flooding,洪水浸水想定区域,0.837,荒川水系神田川流域,L2（想定最大規模）,0.5m以上3m未満,PLATEAU building risk
131024000000.0,high_tide,高潮浸水想定,0.74,東京都高潮浸水想定区域図（令和6年12月19日）,,0.5m以上3m未満,PLATEAU building risk
9,river_flooding,洪水浸水想定区域,0.076,神田川流域,L2（想定最大規模）,0.5m未満,PLATEAU building risk
2000000004,river_flooding,洪水浸水想定区域,0.076,神田川流域,L2（想定最大規模）,0.5m未満,PLATEAU building risk
official_export_002:28,river_flooding,洪水浸水想定区域,0.01,隅田川・新河岸川流域,L2（想定最大規模）,0.5m未満,PLATEAU building risk
official_export_002:28,high_tide,高潮浸水想定,0.02,東京都高潮浸水想定区域図（令和6年12月19日）,,0.5m未満,PLATEAU building risk
official_export_002:271,river_flooding,洪水浸水想定区域,0.04,隅田川・新河岸川流域,L2（想定最大規模）,0.5m未満,PLATEAU building risk
official_export_002:271,high_tide,高潮浸水想定,0.13,東京都高潮浸水想定区域図（令和6年12月19日）,,0.5m未満,PLATEAU building risk
131,river_flooding,洪水浸水想定区域,0.01,霞川・多摩川上流圏域,L2（想定最大規模）,0.5m未満,PLATEAU building risk
official_export_002:107,river_flooding,洪水浸水想定区域,0.03,隅田川・新河岸川流域,L2（想定最大規模）,0.5m未満,PLATEAU building risk
131083000000.0,river_flooding,洪水浸水想定区域,0.1,江東内部河川流域,L2（想定最大規模）,0.5m未満,PLATEAU building risk
131083000000.0,high_tide,高潮浸水想定,2.09,東京都高潮浸水想定区域図（令和6年12月19日）,,0.5m以上3m未満,PLATEAU building risk
131075100149,river_flooding,洪水浸水想定区域,0.02,隅田川・新河岸川流域,L2（想定最大規模）,0.5m未満,PLATEAU building risk
131075100149,high_tide,高潮浸水想定,3.53,東京都高潮浸水想定区域図（令和6年12月19日）,,3m以上5m未満,PLATEAU building risk
official_export_001:90,river_flooding,洪水浸水想定区域,0.08,隅田川・新河岸川流域,L2（想定最大規模）,0.5m未満,PLATEAU building risk
official_export_001:90,high_tide,高潮浸水想定,0.18,東京都高潮浸水想定区域図（令和6年12月19日）,,0.5m未満,PLATEAU building risk
official_export_002:483,river_flooding,洪水浸水想定区域,0.04,神田川流域,L2（想定最大規模）,0.5m未満,PLATEAU building risk
131083000000.0,river_flooding,洪水浸水想定区域,0.34,隅田川・新河岸川流域,L2（想定最大規模）,0.5m未満,PLATEAU building risk
131083000000.0,high_tide,高潮浸水想定,2.17,東京都高潮浸水想定区域図（令和6年12月19日）,,0.5m以上3m未満,PLATEAU building risk
131083000000.0,river_flooding,洪水浸水想定区域,0.1,隅田川・新河岸川流域,L2（想定最大規模）,0.5m未満,PLATEAU building risk
131083000000.0,high_tide,高潮浸水想定,2.22,東京都高潮浸水想定区域図（令和6年12月19日）,,0.5m以上3m未満,PLATEAU building risk
13104:209,river_flooding,洪水浸水想定区域,0.063,神田川流域,L2（想定最大規模）,0.5m未満,PLATEAU building risk
46,river_flooding,洪水浸水想定区域,0.025,神田川流域,L2（想定最大規模）,0.5m未満,PLATEAU building risk
89,river_flooding,洪水浸水想定区域,0.025,神田川流域,L2（想定最大規模）,0.5m未満,PLATEAU building risk
official_export_001:65,river_flooding,洪水浸水想定区域,0.03,浅川圏域・大栗川・三沢川流域,L2（想定最大規模）,0.5m未満,PLATEAU building risk
131083000000.0,river_flooding,洪水浸水想定区域,0.04,隅田川・新河岸川流域,L2（想定最大規模）,0.5m未満,PLATEAU building risk
131083000000.0,high_tide,高潮浸水想定,0.74,東京都高潮浸水想定区域図（令和6年12月19日）,,0.5m以上3m未満,PLATEAU building risk
13104:5,river_flooding,洪水浸水想定区域,0.161,神田川流域,L2（想定最大規模）,0.5m未満,PLATEAU building risk
13104:6,river_flooding,洪水浸水想定区域,0.161,神田川流域,L2（想定最大規模）,0.5m未満,PLATEAU building risk
13104:88,river_flooding,洪水浸水想定区域,0.161,神田川流域,L2（想定最大規模）,0.5m未満,PLATEAU building risk
13104:89,river_flooding,洪水浸水想定区域,0.161,神田川流域,L2（想定最大規模）,0.5m未満,PLATEAU building risk
13104:90,river_flooding,洪水浸水想定区域,0.161,神田川流域,L2（想定最大規模）,0.5m未満,PLATEAU building risk
131083000000.0,river_flooding,洪水浸水想定区域,0.02,隅田川・新河岸川流域,L2（想定最大規模）,0.5m未満,PLATEAU building risk
131083000000.0,high_tide,高潮浸水想定,1.62,東京都高潮浸水想定区域図（令和6年12月19日）,,0.5m以上3m未満,PLATEAU building risk
13104:201,river_flooding,洪水浸水想定区域,0.02,神田川流域,L2（想定最大規模）,0.5m未満,PLATEAU building risk
131067100066,river_flooding,洪水浸水想定区域,0.061,神田川流域,L2（想定最大規模）,0.5m未満,PLATEAU building risk
132080100053,river_flooding,洪水浸水想定区域,0.05,野川・仙川・入間川・谷沢川・丸子川流域,L2（想定最大規模）,0.5m未満,PLATEAU building risk
official_export_002:428,river_flooding,洪水浸水想定区域,0.074,神田川流域,L2（想定最大規模）,0.5m未満,PLATEAU building risk
131083000000.0,river_flooding,洪水浸水想定区域,0.83,江東内部河川流域,L2（想定最大規模）,0.5m以上3m未満,PLATEAU building risk
131083000000.0,high_tide,高潮浸水想定,3.04,東京都高潮浸水想定区域図（令和6年12月19日）,,3m以上5m未満,PLATEAU building risk
131075100116,river_flooding,洪水浸水想定区域,0.51,江東内部河川流域,L2（想定最大規模）,0.5m以上3m未満,PLATEAU building risk
131075100116,high_tide,高潮浸水想定,4.08,東京都高潮浸水想定区域図（令和6年12月19日）,,3m以上5m未満,PLATEAU building risk
52,river_flooding,洪水浸水想定区域,0.01,秋川・平井川流域,L2（想定最大規模）,0.5m未満,PLATEAU building risk
52,landslide,土砂災害警戒区域,,急傾斜地の崩落,,土砂災害警戒区域（指定済）,PLATEAU building risk
131083000000.0,river_flooding,洪水浸水想定区域,0.06,江東内部河川流域,L2（想定最大規模）,0.5m未満,PLATEAU building risk
131083000000.0,high_tide,高潮浸水想定,5.25,東京都高潮浸水想定区域図（令和6年12月19日）,,5m以上10m未満,PLATEAU building risk
official_export_001:103,river_flooding,洪水浸水想定区域,0.149,神田川流域,L2（想定最大規模）,0.5m未満,PLATEAU building risk
official_export_001:103,river_flooding,洪水浸水想定区域,0.149,荒川水系神田川流域,L2（想定最大規模）,0.5m未満,PLATEAU building risk
official_export_001:103,river_flooding,洪水浸水想定区域,0.1,隅田川・新河岸川流域,L2（想定最大規模）,0.5m未満,PLATEAU building risk
official_export_001:103,high_tide,高潮浸水想定,0.02,東京都高潮浸水想定区域図（令和6年12月19日）,,0.5m未満,PLATEAU building risk
official_export_002:305,high_tide,高潮浸水想定,0.32,東京都高潮浸水想定区域図（令和6年12月19日）,,0.5m未満,PLATEAU building risk
official_export_002:235,river_flooding,洪水浸水想定区域,0.026,神田川流域,L2（想定最大規模）,0.5m未満,PLATEAU building risk
131024000000.0,river_flooding,洪水浸水想定区域,0.031,神田川流域,L2（想定最大規模）,0.5m未満,PLATEAU building risk
official_export_001:139,river_flooding,洪水浸水想定区域,0.031,神田川流域,L2（想定最大規模）,0.5m未満,PLATEAU building risk
official_export_002:81,river_flooding,洪水浸水想定区域,0.26,神田川流域,L2（想定最大規模）,0.5m未満,PLATEAU building risk
official_export_002:81,river_flooding,洪水浸水想定区域,0.26,荒川水系神田川流域,L2（想定最大規模）,0.5m未満,PLATEAU building risk
official_export_002:81,high_tide,高潮浸水想定,0.8,東京都高潮浸水想定区域図（令和6年12月19日）,,0.5m以上3m未満,PLATEAU building risk
official_export_002:257,river_flooding,洪水浸水想定区域,0.019,城南地区河川流域,L2（想定最大規模）,0.5m未満,PLATEAU building risk
131083000000.0,high_tide,高潮浸水想定,5.48,東京都高潮浸水想定区域図（令和6年12月19日）,,5m以上10m未満,PLATEAU building risk
132080100059,river_flooding,洪水浸水想定区域,0.28,野川・仙川・入間川・谷沢川・丸子川流域,L2（想定最大規模）,0.5m未満,PLATEAU building risk
13104:186,river_flooding,洪水浸水想定区域,0.203,神田川流域,L2（想定最大規模）,0.5m未満,PLATEAU building risk
official_export_002:74,river_flooding,洪水浸水想定区域,0.196,神田川流域,L2（想定最大規模）,0.5m未満,PLATEAU building risk
official_export_002:303,river_flooding,洪水浸水想定区域,0.183,神田川流域,L2（想定最大規模）,0.5m未満,PLATEAU building risk
131083000000.0,river_flooding,洪水浸水想定区域,0.04,江東内部河川流域,L2（想定最大規模）,0.5m未満,PLATEAU building risk
131083000000.0,high_tide,高潮浸水想定,2.87,東京都高潮浸水想定区域図（令和6年12月19日）,,0.5m以上3m未満,PLATEAU building risk
132152100013,landslide,土砂災害警戒区域,,急傾斜地の崩落,,土砂災害特別警戒区域（指定済）,PLATEAU building risk
131156000000.0,river_flooding,洪水浸水想定区域,0.044,神田川流域,L2（想定最大規模）,0.5m未満,PLATEAU building risk
8,river_flooding,洪水浸水想定区域,0.032,神田川流域,L2（想定最大規模）,0.5m未満,PLATEAU building risk
133,river_flooding,洪水浸水想定区域,0.01,秋川・平井川流域,L2（想定最大規模）,0.5m未満,PLATEAU building risk
13104:165,river_flooding,洪水浸水想定区域,0.051,神田川流域,L2（想定最大規模）,0.5m未満,PLATEAU building risk
131083000000.0,river_flooding,洪水浸水想定区域,0.15,江東内部河川流域,L2（想定最大規模）,0.5m未満,PLATEAU building risk
131083000000.0,high_tide,高潮浸水想定,5.08,東京都高潮浸水想定区域図（令和6年12月19日）,,5m以上10m未満,PLATEAU building risk
131075100067,river_flooding,洪水浸水想定区域,0.46,隅田川・新河岸川流域,L2（想定最大規模）,0.5m未満,PLATEAU building risk
131075100067,high_tide,高潮浸水想定,3.84,東京都高潮浸水想定区域図（令和6年12月19日）,,3m以上5m未満,PLATEAU building risk
53,river_flooding,洪水浸水想定区域,0.01,秋川・平井川流域,L2（想定最大規模）,0.5m未満,PLATEAU building risk
53,landslide,土砂災害警戒区域,,土石流,,土砂災害警戒区域（指定済）,PLATEAU building risk
131083000000.0,high_tide,高潮浸水想定,2.64,東京都高潮浸水想定区域図（令和6年12月19日）,,0.5m以上3m未満,PLATEAU building risk
1.32209E+11,river_flooding,洪水浸水想定区域,0.01,黒目川・落合川・柳瀬川・空堀川・奈良橋川流域,L2（想定最大規模）,0.5m未満,PLATEAU building risk
1.32209E+11,landslide,土砂災害警戒区域,,急傾斜地の崩落,,土砂災害特別警戒区域（指定済）,PLATEAU building risk
131083000000.0,river_flooding,洪水浸水想定区域,0.01,江東内部河川流域,L2（想定最大規模）,0.5m未満,PLATEAU building risk
131083000000.0,high_tide,高潮浸水想定,0.84,東京都高潮浸水想定区域図（令和6年12月19日）,,0.5m以上3m未満,PLATEAU building risk
210,river_flooding,洪水浸水想定区域,0.025,城南地区河川流域,L2（想定最大規模）,0.5m未満,PLATEAU building risk
131083000000.0,river_flooding,洪水浸水想定区域,0.09,江東内部河川流域,L2（想定最大規模）,0.5m未満,PLATEAU building risk
131083000000.0,high_tide,高潮浸水想定,3.92,東京都高潮浸水想定区域図（令和6年12月19日）,,3m以上5m未満,PLATEAU building risk
official_export_002:383,river_flooding,洪水浸水想定区域,0.011,神田川流域,L2（想定最大規模）,0.5m未満,PLATEAU building risk
131083000000.0,river_flooding,洪水浸水想定区域,0.52,江東内部河川流域,L2（想定最大規模）,0.5m以上3m未満,PLATEAU building risk
131083000000.0,high_tide,高潮浸水想定,2.42,東京都高潮浸水想定区域図（令和6年12月19日）,,0.5m以上3m未満,PLATEAU building risk
official_export_002:149,river_flooding,洪水浸水想定区域,0.375,城南地区河川流域,L2（想定最大規模）,0.5m未満,PLATEAU building risk
official_export_002:151,river_flooding,洪水浸水想定区域,0.375,城南地区河川流域,L2（想定最大規模）,0.5m未満,PLATEAU building risk
official_export_002:152,river_flooding,洪水浸水想定区域,0.375,城南地区河川流域,L2（想定最大規模）,0.5m未満,PLATEAU building risk
official_export_001:102,river_flooding,洪水浸水想定区域,0.523,神田川流域,L2（想定最大規模）,0.5m以上3m未満,PLATEAU building risk
91,river_flooding,洪水浸水想定区域,0.01,秋川・平井川流域,L2（想定最大規模）,0.5m未満,PLATEAU building risk
91,landslide,土砂災害警戒区域,,急傾斜地の崩落,,土砂災害警戒区域（指定済）,PLATEAU building risk
132144100020,river_flooding,洪水浸水想定区域,0.23,野川・仙川・入間川・谷沢川・丸子川流域,L2（想定最大規模）,0.5m未満,PLATEAU building risk
131083000000.0,river_flooding,洪水浸水想定区域,0.41,江東内部河川流域,L2（想定最大規模）,0.5m未満,PLATEAU building risk
131083000000.0,high_tide,高潮浸水想定,2.64,東京都高潮浸水想定区域図（令和6年12月19日）,,0.5m以上3m未満,PLATEAU building risk
131083000000.0,river_flooding,洪水浸水想定区域,0.73,江東内部河川流域,L2（想定最大規模）,0.5m以上3m未満,PLATEAU building risk
131083000000.0,high_tide,高潮浸水想定,5.82,東京都高潮浸水想定区域図（令和6年12月19日）,,5m以上10m未満,PLATEAU building risk
19,river_flooding,洪水浸水想定区域,0.171,神田川流域,L2（想定最大規模）,0.5m未満,PLATEAU building risk
40,river_flooding,洪水浸水想定区域,0.171,神田川流域,L2（想定最大規模）,0.5m未満,PLATEAU building risk
19,river_flooding,洪水浸水想定区域,0.171,荒川水系神田川流域,L2（想定最大規模）,0.5m未満,PLATEAU building risk
40,river_flooding,洪水浸水想定区域,0.171,荒川水系神田川流域,L2（想定最大規模）,0.5m未満,PLATEAU building risk
official_export_002:335,river_flooding,洪水浸水想定区域,0.12,江東内部河川流域,L2（想定最大規模）,0.5m未満,PLATEAU building risk
official_export_002:335,high_tide,高潮浸水想定,2.39,東京都高潮浸水想定区域図（令和6年12月19日）,,0.5m以上3m未満,PLATEAU building risk
131156000000.0,river_flooding,洪水浸水想定区域,0.021,神田川流域,L2（想定最大規模）,0.5m未満,PLATEAU building risk
108,river_flooding,洪水浸水想定区域,0.01,黒目川・落合川・柳瀬川・空堀川・奈良橋川流域,L2（想定最大規模）,0.5m未満,PLATEAU building risk
official_export_002:366,river_flooding,洪水浸水想定区域,0.18,古川水系渋谷川・古川・目黒川水系目黒川・呑川水系呑川・立会川水系立会川・内川水系内川,L2（想定最大規模）,0.5m未満,PLATEAU building risk
official_export_002:366,river_flooding,洪水浸水想定区域,0.185,城南地区河川流域,L2（想定最大規模）,0.5m未満,PLATEAU building risk
official_export_002:366,river_flooding,洪水浸水想定区域,0.41,多摩川水系多摩川・浅川・大栗川,L1（計画規模）,0.5m未満,PLATEAU building risk
official_export_002:366,river_flooding,洪水浸水想定区域,1.14,多摩川水系多摩川・浅川・大栗川,L2（想定最大規模）,0.5m以上3m未満,PLATEAU building risk
official_export_002:366,high_tide,高潮浸水想定,0.04,東京都高潮浸水想定区域図（令和6年12月19日）,,0.5m未満,PLATEAU building risk
49,river_flooding,洪水浸水想定区域,0.01,秋川・平井川流域,L2（想定最大規模）,0.5m未満,PLATEAU building risk
144,river_flooding,洪水浸水想定区域,0.01,秋川・平井川流域,L2（想定最大規模）,0.5m未満,PLATEAU building risk
22,river_flooding,洪水浸水想定区域,0.01,秋川・平井川流域,L2（想定最大規模）,0.5m未満,PLATEAU building risk
49,landslide,土砂災害警戒区域,,急傾斜地の崩落,,土砂災害特別警戒区域（指定済）,PLATEAU building risk
144,landslide,土砂災害警戒区域,,急傾斜地の崩落,,土砂災害特別警戒区域（指定済）,PLATEAU building risk
22,landslide,土砂災害警戒区域,,急傾斜地の崩落,,土砂災害特別警戒区域（指定済）,PLATEAU building risk
official_export_002:345,river_flooding,洪水浸水想定区域,0.081,城南地区河川流域,L2（想定最大規模）,0.5m未満,PLATEAU building risk
official_export_002:345,high_tide,高潮浸水想定,0.03,東京都高潮浸水想定区域図（令和6年12月19日）,,0.5m未満,PLATEAU building risk
official_export_002:167,river_flooding,洪水浸水想定区域,0.013,神田川流域,L2（想定最大規模）,0.5m未満,PLATEAU building risk
official_export_002:315,river_flooding,洪水浸水想定区域,0.009,城南地区河川流域,L2（想定最大規模）,0.5m未満,PLATEAU building risk
official_export_001:9,river_flooding,洪水浸水想定区域,0.075,神田川流域,L2（想定最大規模）,0.5m未満,PLATEAU building risk
132000000000.0,river_flooding,洪水浸水想定区域,0.01,黒目川・落合川・柳瀬川・空堀川・奈良橋川流域,L2（想定最大規模）,0.5m未満,PLATEAU building risk
131083000000.0,river_flooding,洪水浸水想定区域,0.16,江東内部河川流域,L2（想定最大規模）,0.5m未満,PLATEAU building risk
131083000000.0,high_tide,高潮浸水想定,2.07,東京都高潮浸水想定区域図（令和6年12月19日）,,0.5m以上3m未満,PLATEAU building risk
official_export_002:23,river_flooding,洪水浸水想定区域,1.16,多摩川水系多摩川・浅川・大栗川,L2（想定最大規模）,0.5m以上3m未満,PLATEAU building risk
official_export_002:356,river_flooding,洪水浸水想定区域,0.23,城南地区河川流域,L2（想定最大規模）,0.5m未満,PLATEAU building risk
official_export_001:104,river_flooding,洪水浸水想定区域,0.085,神田川流域,L2（想定最大規模）,0.5m未満,PLATEAU building risk
official_export_002:429,river_flooding,洪水浸水想定区域,0.01,秋川・平井川流域,L2（想定最大規模）,0.5m未満,PLATEAU building risk
official_export_002:429,landslide,土砂災害警戒区域,,急傾斜地の崩落,,土砂災害特別警戒区域（指定済）,PLATEAU building risk
official_export_002:4,river_flooding,洪水浸水想定区域,0.009,城南地区河川流域,L2（想定最大規模）,0.5m未満,PLATEAU building risk
131083000000.0,river_flooding,洪水浸水想定区域,0.76,江東内部河川流域,L2（想定最大規模）,0.5m以上3m未満,PLATEAU building risk
131083000000.0,high_tide,高潮浸水想定,2.54,東京都高潮浸水想定区域図（令和6年12月19日）,,0.5m以上3m未満,PLATEAU building risk
official_export_002:318,river_flooding,洪水浸水想定区域,0.276,野川・仙川・入間川・谷沢川・丸子川流域,L2（想定最大規模）,0.5m未満,PLATEAU building risk
official_export_001:0,river_flooding,洪水浸水想定区域,0.1,隅田川・新河岸川流域,L2（想定最大規模）,0.5m未満,PLATEAU building risk
official_export_001:1,river_flooding,洪水浸水想定区域,0.1,隅田川・新河岸川流域,L2（想定最大規模）,0.5m未満,PLATEAU building risk
131024000000.0,river_flooding,洪水浸水想定区域,0.01,隅田川・新河岸川流域,L2（想定最大規模）,0.5m未満,PLATEAU building risk
official_export_002:363,river_flooding,洪水浸水想定区域,0.293,神田川流域,L2（想定最大規模）,0.5m未満,PLATEAU building risk
132000000000.0,river_flooding,洪水浸水想定区域,1.22,荒川水系黒目川・落合川・柳瀬川・空堀川・奈良橋川,L2（想定最大規模）,0.5m以上3m未満,PLATEAU building risk
132000000000.0,river_flooding,洪水浸水想定区域,1.22,黒目川・落合川・柳瀬川・空堀川・奈良橋川流域,L2（想定最大規模）,0.5m以上3m未満,PLATEAU building risk
132080100076,river_flooding,洪水浸水想定区域,0.1,野川・仙川・入間川・谷沢川・丸子川流域,L2（想定最大規模）,0.5m未満,PLATEAU building risk
159,river_flooding,洪水浸水想定区域,0.002,神田川流域,L2（想定最大規模）,0.5m未満,PLATEAU building risk
159,river_flooding,洪水浸水想定区域,0.67,隅田川・新河岸川流域,L2（想定最大規模）,0.5m以上3m未満,PLATEAU building risk
159,high_tide,高潮浸水想定,0.74,東京都高潮浸水想定区域図（令和6年12月19日）,,0.5m以上3m未満,PLATEAU building risk
official_export_002:334,river_flooding,洪水浸水想定区域,0.11,江東内部河川流域,L2（想定最大規模）,0.5m未満,PLATEAU building risk
official_export_002:334,high_tide,高潮浸水想定,2.24,東京都高潮浸水想定区域図（令和6年12月19日）,,0.5m以上3m未満,PLATEAU building risk
official_export_001:24,river_flooding,洪水浸水想定区域,0.01,霞川・多摩川上流圏域,L2（想定最大規模）,0.5m未満,PLATEAU building risk
131083000000.0,river_flooding,洪水浸水想定区域,0.36,江東内部河川流域,L2（想定最大規模）,0.5m未満,PLATEAU building risk
131083000000.0,high_tide,高潮浸水想定,0.1,東京都高潮浸水想定区域図（令和6年12月19日）,,0.5m未満,PLATEAU building risk
official_export_001:85,river_flooding,洪水浸水想定区域,0.07,隅田川・新河岸川流域,L2（想定最大規模）,0.5m未満,PLATEAU building risk
official_export_001:88,river_flooding,洪水浸水想定区域,0.07,隅田川・新河岸川流域,L2（想定最大規模）,0.5m未満,PLATEAU building risk
131083000000.0,river_flooding,洪水浸水想定区域,1.0,江東内部河川流域,L2（想定最大規模）,0.5m以上3m未満,PLATEAU building risk
131083000000.0,high_tide,高潮浸水想定,6.1,東京都高潮浸水想定区域図（令和6年12月19日）,,5m以上10m未満,PLATEAU building risk
official_export_002:326,river_flooding,洪水浸水想定区域,0.012,神田川流域,L2（想定最大規模）,0.5m未満,PLATEAU building risk
39,river_flooding,洪水浸水想定区域,0.011,城南地区河川流域,L2（想定最大規模）,0.5m未満,PLATEAU building risk
132,river_flooding,洪水浸水想定区域,0.07,霞川・多摩川上流圏域,L2（想定最大規模）,0.5m未満,PLATEAU building risk
official_export_002:312,river_flooding,洪水浸水想定区域,0.02,隅田川・新河岸川流域,L2（想定最大規模）,0.5m未満,PLATEAU building risk
official_export_002:312,high_tide,高潮浸水想定,0.13,東京都高潮浸水想定区域図（令和6年12月19日）,,0.5m未満,PLATEAU building risk
19,river_flooding,洪水浸水想定区域,0.05,霞川・多摩川上流圏域,L2（想定最大規模）,0.5m未満,PLATEAU building risk
19,landslide,土砂災害警戒区域,,急傾斜地の崩落,,土砂災害警戒区域（指定済）,PLATEAU building risk
official_export_002:280,river_flooding,洪水浸水想定区域,0.019,神田川流域,L2（想定最大規模）,0.5m未満,PLATEAU building risk
official_export_002:272,river_flooding,洪水浸水想定区域,0.014,神田川流域,L2（想定最大規模）,0.5m未満,PLATEAU building risk
13104:144,river_flooding,洪水浸水想定区域,0.277,神田川流域,L2（想定最大規模）,0.5m未満,PLATEAU building risk
137,river_flooding,洪水浸水想定区域,0.01,秋川・平井川流域,L2（想定最大規模）,0.5m未満,PLATEAU building risk
131083000000.0,river_flooding,洪水浸水想定区域,0.03,江東内部河川流域,L2（想定最大規模）,0.5m未満,PLATEAU building risk
131083000000.0,high_tide,高潮浸水想定,2.17,東京都高潮浸水想定区域図（令和6年12月19日）,,0.5m以上3m未満,PLATEAU building risk
official_export_001:25,river_flooding,洪水浸水想定区域,0.01,霞川・多摩川上流圏域,L2（想定最大規模）,0.5m未満,PLATEAU building risk
official_export_002:208,river_flooding,洪水浸水想定区域,0.006,神田川流域,L2（想定最大規模）,0.5m未満,PLATEAU building risk
131075100122,river_flooding,洪水浸水想定区域,0.46,江東内部河川流域,L2（想定最大規模）,0.5m未満,PLATEAU building risk
131075100122,high_tide,高潮浸水想定,3.65,東京都高潮浸水想定区域図（令和6年12月19日）,,3m以上5m未満,PLATEAU building risk
13104:8,river_flooding,洪水浸水想定区域,0.01,隅田川・新河岸川流域,L2（想定最大規模）,0.5m未満,PLATEAU building risk
132,river_flooding,洪水浸水想定区域,0.01,秋川・平井川流域,L2（想定最大規模）,0.5m未満,PLATEAU building risk
131075100075,river_flooding,洪水浸水想定区域,0.11,隅田川・新河岸川流域,L2（想定最大規模）,0.5m未満,PLATEAU building risk
131075100075,high_tide,高潮浸水想定,1.84,東京都高潮浸水想定区域図（令和6年12月19日）,,0.5m以上3m未満,PLATEAU building risk
official_export_002:50,river_flooding,洪水浸水想定区域,0.021,神田川流域,L2（想定最大規模）,0.5m未満,PLATEAU building risk
official_export_002:50,landslide,土砂災害警戒区域,,急傾斜地の崩落,,土砂災害特別警戒区域（指定済）,PLATEAU building risk
132136100016,river_flooding,洪水浸水想定区域,0.01,黒目川・落合川・柳瀬川・空堀川・奈良橋川流域,L2（想定最大規模）,0.5m未満,PLATEAU building risk
official_export_002:332,river_flooding,洪水浸水想定区域,0.348,城南地区河川流域,L2（想定最大規模）,0.5m未満,PLATEAU building risk
13104:60,river_flooding,洪水浸水想定区域,0.007,神田川流域,L2（想定最大規模）,0.5m未満,PLATEAU building risk
official_export_002:268,river_flooding,洪水浸水想定区域,0.02,城南地区河川流域,L2（想定最大規模）,0.5m未満,PLATEAU building risk
official_export_002:311,river_flooding,洪水浸水想定区域,0.02,隅田川・新河岸川流域,L2（想定最大規模）,0.5m未満,PLATEAU building risk
official_export_002:311,high_tide,高潮浸水想定,0.03,東京都高潮浸水想定区域図（令和6年12月19日）,,0.5m未満,PLATEAU building risk
13104:26,river_flooding,洪水浸水想定区域,0.04,隅田川・新河岸川流域,L2（想定最大規模）,0.5m未満,PLATEAU building risk
official_export_001:78,river_flooding,洪水浸水想定区域,0.01,黒目川・落合川・柳瀬川・空堀川・奈良橋川流域,L2（想定最大規模）,0.5m未満,PLATEAU building risk
131024000000.0,river_flooding,洪水浸水想定区域,0.1,隅田川・新河岸川流域,L2（想定最大規模）,0.5m未満,PLATEAU building risk
132152100079,river_flooding,洪水浸水想定区域,0.22,多摩川水系多摩川・浅川・大栗川,L2（想定最大規模）,0.5m未満,PLATEAU building risk
141,river_flooding,洪水浸水想定区域,0.03,秋川・平井川流域,L2（想定最大規模）,0.5m未満,PLATEAU building risk
official_export_001:193,high_tide,高潮浸水想定,1.44,東京都高潮浸水想定区域図（令和6年12月19日）,,0.5m以上3m未満,PLATEAU building risk
official_export_002:337,high_tide,高潮浸水想定,1.44,東京都高潮浸水想定区域図（令和6年12月19日）,,0.5m以上3m未満,PLATEAU building risk
131083000000.0,high_tide,高潮浸水想定,2.06,東京都高潮浸水想定区域図（令和6年12月19日）,,0.5m以上3m未満,PLATEAU building risk
15,river_flooding,洪水浸水想定区域,0.01,秋川・平井川流域,L2（想定最大規模）,0.5m未満,PLATEAU building risk
95,river_flooding,洪水浸水想定区域,0.01,秋川・平井川流域,L2（想定最大規模）,0.5m未満,PLATEAU building risk
official_export_002:472,river_flooding,洪水浸水想定区域,0.033,城南地区河川流域,L2（想定最大規模）,0.5m未満,PLATEAU building risk
13104:188,river_flooding,洪水浸水想定区域,0.003,神田川流域,L2（想定最大規模）,0.5m未満,PLATEAU building risk
official_export_001:128,river_flooding,洪水浸水想定区域,0.05,城南地区河川流域,L2（想定最大規模）,0.5m未満,PLATEAU building risk
131156000000.0,river_flooding,洪水浸水想定区域,0.482,神田川流域,L2（想定最大規模）,0.5m未満,PLATEAU building risk
130,river_flooding,洪水浸水想定区域,0.04,秋川・平井川流域,L2（想定最大規模）,0.5m未満,PLATEAU building risk
196,river_flooding,洪水浸水想定区域,0.01,神田川流域,L2（想定最大規模）,0.5m未満,PLATEAU building risk
132101000000.0,river_flooding,洪水浸水想定区域,0.27,野川・仙川・入間川・谷沢川・丸子川流域,L2（想定最大規模）,0.5m未満,PLATEAU building risk
131083000000.0,river_flooding,洪水浸水想定区域,0.59,江東内部河川流域,L2（想定最大規模）,0.5m以上3m未満,PLATEAU building risk
131083000000.0,high_tide,高潮浸水想定,1.12,東京都高潮浸水想定区域図（令和6年12月19日）,,0.5m以上3m未満,PLATEAU building risk
131024000000.0,river_flooding,洪水浸水想定区域,0.03,隅田川・新河岸川流域,L2（想定最大規模）,0.5m未満,PLATEAU building risk
131024000000.0,high_tide,高潮浸水想定,0.39,東京都高潮浸水想定区域図（令和6年12月19日）,,0.5m未満,PLATEAU building risk
13104:108,river_flooding,洪水浸水想定区域,0.188,神田川流域,L2（想定最大規模）,0.5m未満,PLATEAU building risk
official_export_002:77,river_flooding,洪水浸水想定区域,0.038,城南地区河川流域,L2（想定最大規模）,0.5m未満,PLATEAU building risk
official_export_002:256,river_flooding,洪水浸水想定区域,0.65,古川水系渋谷川・古川・目黒川水系目黒川・呑川水系呑川・立会川水系立会川・内川水系内川,L2（想定最大規模）,0.5m以上3m未満,PLATEAU building risk
official_export_002:256,river_flooding,洪水浸水想定区域,0.653,城南地区河川流域,L2（想定最大規模）,0.5m以上3m未満,PLATEAU building risk
official_export_002:256,high_tide,高潮浸水想定,0.73,東京都高潮浸水想定区域図（令和6年12月19日）,,0.5m以上3m未満,PLATEAU building risk
131083000000.0,river_flooding,洪水浸水想定区域,0.08,隅田川・新河岸川流域,L2（想定最大規模）,0.5m未満,PLATEAU building risk
131083000000.0,high_tide,高潮浸水想定,0.49,東京都高潮浸水想定区域図（令和6年12月19日）,,0.5m未満,PLATEAU building risk
164,river_flooding,洪水浸水想定区域,0.29,隅田川・新河岸川流域,L2（想定最大規模）,0.5m未満,PLATEAU building risk
164,high_tide,高潮浸水想定,0.53,東京都高潮浸水想定区域図（令和6年12月19日）,,0.5m以上3m未満,PLATEAU building risk
29,river_flooding,洪水浸水想定区域,0.01,秋川・平井川流域,L2（想定最大規模）,0.5m未満,PLATEAU building risk
16,river_flooding,洪水浸水想定区域,0.01,秋川・平井川流域,L2（想定最大規模）,0.5m未満,PLATEAU building risk
143,river_flooding,洪水浸水想定区域,1.98,多摩川水系秋川・北秋川・養沢川・平井川・氷沢川・鯉川・玉の内川・北大久野川,L2（想定最大規模）,0.5m以上3m未満,PLATEAU building risk
143,river_flooding,洪水浸水想定区域,1.98,秋川・平井川流域,L2（想定最大規模）,0.5m以上3m未満,PLATEAU building risk
131067100075,river_flooding,洪水浸水想定区域,0.87,隅田川・新河岸川流域,L2（想定最大規模）,0.5m以上3m未満,PLATEAU building risk
131067100075,high_tide,高潮浸水想定,1.14,東京都高潮浸水想定区域図（令和6年12月19日）,,0.5m以上3m未満,PLATEAU building risk
official_export_001:192,river_flooding,洪水浸水想定区域,0.73,隅田川・新河岸川流域,L2（想定最大規模）,0.5m以上3m未満,PLATEAU building risk
official_export_001:192,high_tide,高潮浸水想定,0.16,東京都高潮浸水想定区域図（令和6年12月19日）,,0.5m未満,PLATEAU building risk
131083000000.0,river_flooding,洪水浸水想定区域,0.38,江東内部河川流域,L2（想定最大規模）,0.5m未満,PLATEAU building risk
131083000000.0,high_tide,高潮浸水想定,5.13,東京都高潮浸水想定区域図（令和6年12月19日）,,5m以上10m未満,PLATEAU building risk
131156000000.0,river_flooding,洪水浸水想定区域,0.168,神田川流域,L2（想定最大規模）,0.5m未満,PLATEAU building risk
131156000000.0,river_flooding,洪水浸水想定区域,0.161,荒川水系神田川流域,L2（想定最大規模）,0.5m未満,PLATEAU building risk
official_export_002:378,river_flooding,洪水浸水想定区域,0.005,城南地区河川流域,L2（想定最大規模）,0.5m未満,PLATEAU building risk
1.32209E+11,river_flooding,洪水浸水想定区域,0.72,荒川水系黒目川・落合川・柳瀬川・空堀川・奈良橋川,L2（想定最大規模）,0.5m以上3m未満,PLATEAU building risk
1.32209E+11,river_flooding,洪水浸水想定区域,0.72,黒目川・落合川・柳瀬川・空堀川・奈良橋川流域,L2（想定最大規模）,0.5m以上3m未満,PLATEAU building risk
13104:93,river_flooding,洪水浸水想定区域,0.052,神田川流域,L2（想定最大規模）,0.5m未満,PLATEAU building risk
official_export_002:287,river_flooding,洪水浸水想定区域,0.022,神田川流域,L2（想定最大規模）,0.5m未満,PLATEAU building risk
131083000000.0,river_flooding,洪水浸水想定区域,0.87,江東内部河川流域,L2（想定最大規模）,0.5m以上3m未満,PLATEAU building risk
131083000000.0,high_tide,高潮浸水想定,5.43,東京都高潮浸水想定区域図（令和6年12月19日）,,5m以上10m未満,PLATEAU building risk
98,river_flooding,洪水浸水想定区域,0.15,中川・綾瀬川圏域,L2（想定最大規模）,0.5m未満,PLATEAU building risk
98,river_flooding,洪水浸水想定区域,1.883,利根川水系利根川,L1（計画規模）,0.5m以上3m未満,PLATEAU building risk
98,river_flooding,洪水浸水想定区域,2.519,利根川水系利根川,L2（想定最大規模）,0.5m以上3m未満,PLATEAU building risk
98,river_flooding,洪水浸水想定区域,2.629,利根川水系江戸川,L1（計画規模）,0.5m以上3m未満,PLATEAU building risk
98,river_flooding,洪水浸水想定区域,3.282,利根川水系江戸川,L2（想定最大規模）,3m以上5m未満,PLATEAU building risk
98,high_tide,高潮浸水想定,2.38,東京都高潮浸水想定区域図（令和6年12月19日）,,0.5m以上3m未満,PLATEAU building risk
5,river_flooding,洪水浸水想定区域,0.94,多摩川水系多摩川・浅川・大栗川,L1（計画規模）,0.5m以上3m未満,PLATEAU building risk
5,river_flooding,洪水浸水想定区域,2.2,多摩川水系多摩川・浅川・大栗川,L2（想定最大規模）,0.5m以上3m未満,PLATEAU building risk
13104:215,river_flooding,洪水浸水想定区域,0.057,神田川流域,L2（想定最大規模）,0.5m未満,PLATEAU building risk
13104:190,river_flooding,洪水浸水想定区域,0.005,神田川流域,L2（想定最大規模）,0.5m未満,PLATEAU building risk
13104:211,river_flooding,洪水浸水想定区域,0.005,神田川流域,L2（想定最大規模）,0.5m未満,PLATEAU building risk
official_export_002:190,river_flooding,洪水浸水想定区域,0.44,黒目川・落合川・柳瀬川・空堀川・奈良橋川流域,L2（想定最大規模）,0.5m未満,PLATEAU building risk
131083000000.0,river_flooding,洪水浸水想定区域,0.01,江東内部河川流域,L2（想定最大規模）,0.5m未満,PLATEAU building risk
131083000000.0,high_tide,高潮浸水想定,2.42,東京都高潮浸水想定区域図（令和6年12月19日）,,0.5m以上3m未満,PLATEAU building risk
92,river_flooding,洪水浸水想定区域,0.01,秋川・平井川流域,L2（想定最大規模）,0.5m未満,PLATEAU building risk
92,landslide,土砂災害警戒区域,,急傾斜地の崩落,,土砂災害警戒区域（指定済）,PLATEAU building risk
13104:210,river_flooding,洪水浸水想定区域,1.556,神田川流域,L2（想定最大規模）,0.5m以上3m未満,PLATEAU building risk
13104:210,river_flooding,洪水浸水想定区域,1.556,荒川水系神田川流域,L2（想定最大規模）,0.5m以上3m未満,PLATEAU building risk
131156000000.0,river_flooding,洪水浸水想定区域,0.025,神田川流域,L2（想定最大規模）,0.5m未満,PLATEAU building risk
13104:213,river_flooding,洪水浸水想定区域,0.192,神田川流域,L2（想定最大規模）,0.5m未満,PLATEAU building risk
131156000000.0,river_flooding,洪水浸水想定区域,0.022,神田川流域,L2（想定最大規模）,0.5m未満,PLATEAU building risk
official_export_002:222,landslide,土砂災害警戒区域,,急傾斜地の崩落,,土砂災害警戒区域（指定済）,PLATEAU building risk
official_export_001:140,river_flooding,洪水浸水想定区域,4.84,多摩川水系多摩川・浅川・大栗川,L2（想定最大規模）,3m以上5m未満,PLATEAU building risk
official_export_001:140,landslide,土砂災害警戒区域,,急傾斜地の崩落,,土砂災害特別警戒区域（指定済）,PLATEAU building risk
20,river_flooding,洪水浸水想定区域,0.23,多摩川水系多摩川・浅川・大栗川,L1（計画規模）,0.5m未満,PLATEAU building risk
20,river_flooding,洪水浸水想定区域,0.98,多摩川水系多摩川・浅川・大栗川,L2（想定最大規模）,0.5m以上3m未満,PLATEAU building risk
20,river_flooding,洪水浸水想定区域,0.116,野川・仙川・入間川・谷沢川・丸子川流域,L2（想定最大規模）,0.5m未満,PLATEAU building risk
132080100072,river_flooding,洪水浸水想定区域,0.05,多摩川水系多摩川・浅川・大栗川,L2（想定最大規模）,0.5m未満,PLATEAU building risk
official_export_001:93,river_flooding,洪水浸水想定区域,0.38,古川水系渋谷川・古川・目黒川水系目黒川・呑川水系呑川・立会川水系立会川・内川水系内川,L2（想定最大規模）,0.5m未満,PLATEAU building risk
official_export_001:93,river_flooding,洪水浸水想定区域,0.329,城南地区河川流域,L2（想定最大規模）,0.5m未満,PLATEAU building risk
official_export_001:93,high_tide,高潮浸水想定,0.07,東京都高潮浸水想定区域図（令和6年12月19日）,,0.5m未満,PLATEAU building risk
142,river_flooding,洪水浸水想定区域,0.0,浅川圏域・大栗川・三沢川流域,L2（想定最大規模）,0.5m未満,PLATEAU building risk
official_export_002:254,river_flooding,洪水浸水想定区域,0.01,秋川・平井川流域,L2（想定最大規模）,0.5m未満,PLATEAU building risk
official_export_002:254,landslide,土砂災害警戒区域,,土石流,,土砂災害警戒区域（指定済）,PLATEAU building risk
official_export_002:254,landslide,土砂災害警戒区域,,急傾斜地の崩落,,土砂災害特別警戒区域（指定済）,PLATEAU building risk
131083000000.0,high_tide,高潮浸水想定,1.72,東京都高潮浸水想定区域図（令和6年12月19日）,,0.5m以上3m未満,PLATEAU building risk
official_export_001:197,river_flooding,洪水浸水想定区域,0.716,神田川流域,L2（想定最大規模）,0.5m以上3m未満,PLATEAU building risk
131083000000.0,high_tide,高潮浸水想定,1.65,東京都高潮浸水想定区域図（令和6年12月19日）,,0.5m以上3m未満,PLATEAU building risk
188,landslide,土砂災害警戒区域,,急傾斜地の崩落,,土砂災害特別警戒区域（指定済）,PLATEAU building risk
224,river_flooding,洪水浸水想定区域,0.01,浅川圏域・大栗川・三沢川流域,L2（想定最大規模）,0.5m未満,PLATEAU building risk
131083000000.0,river_flooding,洪水浸水想定区域,0.08,江東内部河川流域,L2（想定最大規模）,0.5m未満,PLATEAU building risk
131083000000.0,high_tide,高潮浸水想定,1.69,東京都高潮浸水想定区域図（令和6年12月19日）,,0.5m以上3m未満,PLATEAU building risk
131083000000.0,river_flooding,洪水浸水想定区域,0.24,江東内部河川流域,L2（想定最大規模）,0.5m未満,PLATEAU building risk
131083000000.0,high_tide,高潮浸水想定,2.02,東京都高潮浸水想定区域図（令和6年12月19日）,,0.5m以上3m未満,PLATEAU building risk
13104:159,river_flooding,洪水浸水想定区域,0.019,神田川流域,L2（想定最大規模）,0.5m未満,PLATEAU building risk
192,river_flooding,洪水浸水想定区域,1.07,多摩川水系多摩川・浅川・大栗川,L1（計画規模）,0.5m以上3m未満,PLATEAU building risk
192,river_flooding,洪水浸水想定区域,1.31,多摩川水系多摩川・浅川・大栗川,L2（想定最大規模）,0.5m以上3m未満,PLATEAU building risk
192,river_flooding,洪水浸水想定区域,0.062,野川・仙川・入間川・谷沢川・丸子川流域,L2（想定最大規模）,0.5m未満,PLATEAU building risk
209,river_flooding,洪水浸水想定区域,0.044,野川・仙川・入間川・谷沢川・丸子川流域,L2（想定最大規模）,0.5m未満,PLATEAU building risk
43,river_flooding,洪水浸水想定区域,0.071,神田川流域,L2（想定最大規模）,0.5m未満,PLATEAU building risk
44,river_flooding,洪水浸水想定区域,0.071,神田川流域,L2（想定最大規模）,0.5m未満,PLATEAU building risk
51,river_flooding,洪水浸水想定区域,0.071,神田川流域,L2（想定最大規模）,0.5m未満,PLATEAU building risk
official_export_002:200,river_flooding,洪水浸水想定区域,0.06,隅田川・新河岸川流域,L2（想定最大規模）,0.5m未満,PLATEAU building risk
131156000000.0,river_flooding,洪水浸水想定区域,0.014,神田川流域,L2（想定最大規模）,0.5m未満,PLATEAU building risk
42,river_flooding,洪水浸水想定区域,0.02,浅川圏域・大栗川・三沢川流域,L2（想定最大規模）,0.5m未満,PLATEAU building risk
42,landslide,土砂災害警戒区域,,急傾斜地の崩落,,土砂災害特別警戒区域（指定済）,PLATEAU building risk
25,river_flooding,洪水浸水想定区域,0.004,神田川流域,L2（想定最大規模）,0.5m未満,PLATEAU building risk
206,river_flooding,洪水浸水想定区域,0.822,神田川流域,L2（想定最大規模）,0.5m以上3m未満,PLATEAU building risk
131083000000.0,river_flooding,洪水浸水想定区域,0.12,江東内部河川流域,L2（想定最大規模）,0.5m未満,PLATEAU building risk
131083000000.0,high_tide,高潮浸水想定,2.14,東京都高潮浸水想定区域図（令和6年12月19日）,,0.5m以上3m未満,PLATEAU building risk
132000000000.0,river_flooding,洪水浸水想定区域,0.01,黒目川・落合川・柳瀬川・空堀川・奈良橋川流域,L2（想定最大規模）,0.5m未満,PLATEAU building risk
official_export_002:261,river_flooding,洪水浸水想定区域,0.019,城南地区河川流域,L2（想定最大規模）,0.5m未満,PLATEAU building risk
official_export_002:263,river_flooding,洪水浸水想定区域,0.019,城南地区河川流域,L2（想定最大規模）,0.5m未満,PLATEAU building risk
190,river_flooding,洪水浸水想定区域,0.46,多摩川水系多摩川・浅川・大栗川,L2（想定最大規模）,0.5m未満,PLATEAU building risk
124,river_flooding,洪水浸水想定区域,0.21,中川・綾瀬川圏域,L2（想定最大規模）,0.5m未満,PLATEAU building risk
124,river_flooding,洪水浸水想定区域,1.0,利根川水系中川,L1（計画規模）,0.5m以上3m未満,PLATEAU building risk
124,river_flooding,洪水浸水想定区域,1.3,利根川水系中川,L2（想定最大規模）,0.5m以上3m未満,PLATEAU building risk
124,river_flooding,洪水浸水想定区域,3.13,利根川水系利根川,L1（計画規模）,3m以上5m未満,PLATEAU building risk
124,river_flooding,洪水浸水想定区域,4.16,利根川水系利根川,L2（想定最大規模）,3m以上5m未満,PLATEAU building risk
124,river_flooding,洪水浸水想定区域,0.48,利根川水系江戸川,L1（計画規模）,0.5m未満,PLATEAU building risk
124,river_flooding,洪水浸水想定区域,1.25,利根川水系江戸川,L2（想定最大規模）,0.5m以上3m未満,PLATEAU building risk
124,river_flooding,洪水浸水想定区域,0.06,利根川水系綾瀬川,L2（想定最大規模）,0.5m未満,PLATEAU building risk
official_export_002:297,river_flooding,洪水浸水想定区域,0.057,神田川流域,L2（想定最大規模）,0.5m未満,PLATEAU building risk
131083000000.0,river_flooding,洪水浸水想定区域,0.04,江東内部河川流域,L2（想定最大規模）,0.5m未満,PLATEAU building risk
131083000000.0,high_tide,高潮浸水想定,1.93,東京都高潮浸水想定区域図（令和6年12月19日）,,0.5m以上3m未満,PLATEAU building risk
official_export_002:262,river_flooding,洪水浸水想定区域,0.013,城南地区河川流域,L2（想定最大規模）,0.5m未満,PLATEAU building risk
131024000000.0,high_tide,高潮浸水想定,0.28,東京都高潮浸水想定区域図（令和6年12月19日）,,0.5m未満,PLATEAU building risk
131156000000.0,river_flooding,洪水浸水想定区域,0.091,神田川流域,L2（想定最大規模）,0.5m未満,PLATEAU building risk
13104:192,river_flooding,洪水浸水想定区域,0.016,神田川流域,L2（想定最大規模）,0.5m未満,PLATEAU building risk
official_export_002:362,river_flooding,洪水浸水想定区域,0.095,神田川流域,L2（想定最大規模）,0.5m未満,PLATEAU building risk
1.32209E+11,river_flooding,洪水浸水想定区域,0.01,荒川水系黒目川・落合川・柳瀬川・空堀川・奈良橋川,L2（想定最大規模）,0.5m未満,PLATEAU building risk
1.32209E+11,river_flooding,洪水浸水想定区域,0.03,黒目川・落合川・柳瀬川・空堀川・奈良橋川流域,L2（想定最大規模）,0.5m未満,PLATEAU building risk
official_export_002:178,river_flooding,洪水浸水想定区域,0.05,城南地区河川流域,L2（想定最大規模）,0.5m未満,PLATEAU building risk
official_export_002:379,river_flooding,洪水浸水想定区域,0.107,神田川流域,L2（想定最大規模）,0.5m未満,PLATEAU building risk
official_export_001:91,river_flooding,洪水浸水想定区域,0.3,隅田川・新河岸川流域,L2（想定最大規模）,0.5m未満,PLATEAU building risk
official_export_002:359,river_flooding,洪水浸水想定区域,0.014,神田川流域,L2（想定最大規模）,0.5m未満,PLATEAU building risk
official_export_002:237,river_flooding,洪水浸水想定区域,0.01,野川・仙川・入間川・谷沢川・丸子川流域,L2（想定最大規模）,0.5m未満,PLATEAU building risk
official_export_001:116,river_flooding,洪水浸水想定区域,0.006,神田川流域,L2（想定最大規模）,0.5m未満,PLATEAU building risk
official_export_002:20,river_flooding,洪水浸水想定区域,0.9,多摩川水系多摩川・浅川・大栗川,L2（想定最大規模）,0.5m以上3m未満,PLATEAU building risk
official_export_002:388,river_flooding,洪水浸水想定区域,0.012,神田川流域,L2（想定最大規模）,0.5m未満,PLATEAU building risk
131075100120,river_flooding,洪水浸水想定区域,0.03,隅田川・新河岸川流域,L2（想定最大規模）,0.5m未満,PLATEAU building risk
131075100120,high_tide,高潮浸水想定,1.63,東京都高潮浸水想定区域図（令和6年12月19日）,,0.5m以上3m未満,PLATEAU building risk
official_export_002:202,river_flooding,洪水浸水想定区域,0.009,神田川流域,L2（想定最大規模）,0.5m未満,PLATEAU building risk
official_export_002:203,river_flooding,洪水浸水想定区域,0.009,神田川流域,L2（想定最大規模）,0.5m未満,PLATEAU building risk
11,river_flooding,洪水浸水想定区域,0.028,神田川流域,L2（想定最大規模）,0.5m未満,PLATEAU building risk
1.32209E+11,river_flooding,洪水浸水想定区域,0.04,黒目川・落合川・柳瀬川・空堀川・奈良橋川流域,L2（想定最大規模）,0.5m未満,PLATEAU building risk
official_export_002:273,river_flooding,洪水浸水想定区域,0.197,神田川流域,L2（想定最大規模）,0.5m未満,PLATEAU building risk
13104:167,river_flooding,洪水浸水想定区域,0.23,神田川流域,L2（想定最大規模）,0.5m未満,PLATEAU building risk
13104:136,river_flooding,洪水浸水想定区域,0.078,神田川流域,L2（想定最大規模）,0.5m未満,PLATEAU building risk
96,river_flooding,洪水浸水想定区域,0.003,城南地区河川流域,L2（想定最大規模）,0.5m未満,PLATEAU building risk
96,landslide,土砂災害警戒区域,,急傾斜地の崩落,,土砂災害特別警戒区域（指定済）,PLATEAU building risk
official_export_001:118,river_flooding,洪水浸水想定区域,0.045,神田川流域,L2（想定最大規模）,0.5m未満,PLATEAU building risk
official_export_002:130,tsunami,津波浸水想定,2.89,南海トラフケース１（島しょ部）,,2m以上5m未満,PLATEAU building risk
official_export_002:131,tsunami,津波浸水想定,2.89,南海トラフケース１（島しょ部）,,2m以上5m未満,PLATEAU building risk
official_export_002:130,tsunami,津波浸水想定,2.902,南海トラフケース６（島しょ部）,,2m以上5m未満,PLATEAU building risk
official_export_002:131,tsunami,津波浸水想定,2.902,南海トラフケース６（島しょ部）,,2m以上5m未満,PLATEAU building risk
official_export_002:130,tsunami,津波浸水想定,3.211,南海トラフケース８（島しょ部）,,2m以上5m未満,PLATEAU building risk
official_export_002:131,tsunami,津波浸水想定,3.211,南海トラフケース８（島しょ部）,,2m以上5m未満,PLATEAU building risk
official_export_002:130,landslide,土砂災害警戒区域,,土石流,,土砂災害警戒区域（指定済）,PLATEAU building risk
official_export_002:131,landslide,土砂災害警戒区域,,土石流,,土砂災害警戒区域（指定済）,PLATEAU building risk
131156000000.0,river_flooding,洪水浸水想定区域,0.965,神田川流域,L2（想定最大規模）,0.5m以上3m未満,PLATEAU building risk
131156000000.0,river_flooding,洪水浸水想定区域,0.965,荒川水系神田川流域,L2（想定最大規模）,0.5m以上3m未満,PLATEAU building risk
131083000000.0,river_flooding,洪水浸水想定区域,0.44,江東内部河川流域,L2（想定最大規模）,0.5m未満,PLATEAU building risk
131083000000.0,high_tide,高潮浸水想定,2.62,東京都高潮浸水想定区域図（令和6年12月19日）,,0.5m以上3m未満,PLATEAU building risk
131156000000.0,river_flooding,洪水浸水想定区域,0.022,神田川流域,L2（想定最大規模）,0.5m未満,PLATEAU building risk
official_export_002:157,river_flooding,洪水浸水想定区域,0.29,古川水系渋谷川・古川・目黒川水系目黒川・呑川水系呑川・立会川水系立会川・内川水系内川,L2（想定最大規模）,0.5m未満,PLATEAU building risk
official_export_002:157,river_flooding,洪水浸水想定区域,0.289,城南地区河川流域,L2（想定最大規模）,0.5m未満,PLATEAU building risk
official_export_002:157,high_tide,高潮浸水想定,0.22,東京都高潮浸水想定区域図（令和6年12月19日）,,0.5m未満,PLATEAU building risk
official_export_002:373,river_flooding,洪水浸水想定区域,0.01,秋川・平井川流域,L2（想定最大規模）,0.5m未満,PLATEAU building risk
official_export_002:373,landslide,土砂災害警戒区域,,土石流,,土砂災害警戒区域（指定済）,PLATEAU building risk
official_export_002:373,landslide,土砂災害警戒区域,,急傾斜地の崩落,,土砂災害特別警戒区域（指定済）,PLATEAU building risk
official_export_002:145,river_flooding,洪水浸水想定区域,0.014,神田川流域,L2（想定最大規模）,0.5m未満,PLATEAU building risk
official_export_001:76,river_flooding,洪水浸水想定区域,0.012,神田川流域,L2（想定最大規模）,0.5m未満,PLATEAU building risk
1.32209E+11,river_flooding,洪水浸水想定区域,1.15,荒川水系黒目川・落合川・柳瀬川・空堀川・奈良橋川,L2（想定最大規模）,0.5m以上3m未満,PLATEAU building risk
1.32209E+11,river_flooding,洪水浸水想定区域,1.15,黒目川・落合川・柳瀬川・空堀川・奈良橋川流域,L2（想定最大規模）,0.5m以上3m未満,PLATEAU building risk
131024000000.0,river_flooding,洪水浸水想定区域,0.124,神田川流域,L2（想定最大規模）,0.5m未満,PLATEAU building risk
131024000000.0,river_flooding,洪水浸水想定区域,0.124,荒川水系神田川流域,L2（想定最大規模）,0.5m未満,PLATEAU building risk
131024000000.0,river_flooding,洪水浸水想定区域,0.18,隅田川・新河岸川流域,L2（想定最大規模）,0.5m未満,PLATEAU building risk
131024000000.0,high_tide,高潮浸水想定,0.57,東京都高潮浸水想定区域図（令和6年12月19日）,,0.5m以上3m未満,PLATEAU building risk
official_export_002:460,river_flooding,洪水浸水想定区域,0.285,神田川流域,L2（想定最大規模）,0.5m未満,PLATEAU building risk
112,river_flooding,洪水浸水想定区域,0.168,城南地区河川流域,L2（想定最大規模）,0.5m未満,PLATEAU building risk
131083000000.0,river_flooding,洪水浸水想定区域,0.15,江東内部河川流域,L2（想定最大規模）,0.5m未満,PLATEAU building risk
131083000000.0,high_tide,高潮浸水想定,3.06,東京都高潮浸水想定区域図（令和6年12月19日）,,3m以上5m未満,PLATEAU building risk
131075100004,river_flooding,洪水浸水想定区域,1.3,江東内部河川流域,L2（想定最大規模）,0.5m以上3m未満,PLATEAU building risk
131075100004,high_tide,高潮浸水想定,5.1,東京都高潮浸水想定区域図（令和6年12月19日）,,5m以上10m未満,PLATEAU building risk
131156000000.0,river_flooding,洪水浸水想定区域,0.006,神田川流域,L2（想定最大規模）,0.5m未満,PLATEAU building risk
13104:58,river_flooding,洪水浸水想定区域,0.097,神田川流域,L2（想定最大規模）,0.5m未満,PLATEAU building risk
13104:58,landslide,土砂災害警戒区域,,急傾斜地の崩落,,土砂災害特別警戒区域（指定済）,PLATEAU building risk
230,river_flooding,洪水浸水想定区域,0.01,秋川・平井川流域,L2（想定最大規模）,0.5m未満,PLATEAU building risk
24,river_flooding,洪水浸水想定区域,0.01,秋川・平井川流域,L2（想定最大規模）,0.5m未満,PLATEAU building risk
36,river_flooding,洪水浸水想定区域,0.01,秋川・平井川流域,L2（想定最大規模）,0.5m未満,PLATEAU building risk
official_export_002:243,river_flooding,洪水浸水想定区域,0.37,隅田川・新河岸川流域,L2（想定最大規模）,0.5m未満,PLATEAU building risk
official_export_002:243,high_tide,高潮浸水想定,0.24,東京都高潮浸水想定区域図（令和6年12月19日）,,0.5m未満,PLATEAU building risk
official_export_002:95,river_flooding,洪水浸水想定区域,0.05,霞川・多摩川上流圏域,L2（想定最大規模）,0.5m未満,PLATEAU building risk
official_export_002:35,river_flooding,洪水浸水想定区域,0.007,城南地区河川流域,L2（想定最大規模）,0.5m未満,PLATEAU building risk
20,river_flooding,洪水浸水想定区域,1.97,秋川・平井川流域,L2（想定最大規模）,0.5m以上3m未満,PLATEAU building risk
32,river_flooding,洪水浸水想定区域,1.97,秋川・平井川流域,L2（想定最大規模）,0.5m以上3m未満,PLATEAU building risk
146,river_flooding,洪水浸水想定区域,1.97,秋川・平井川流域,L2（想定最大規模）,0.5m以上3m未満,PLATEAU building risk
20,landslide,土砂災害警戒区域,,土石流,,土砂災害警戒区域（指定済）,PLATEAU building risk
32,landslide,土砂災害警戒区域,,土石流,,土砂災害警戒区域（指定済）,PLATEAU building risk
146,landslide,土砂災害警戒区域,,土石流,,土砂災害警戒区域（指定済）,PLATEAU building risk
20,landslide,土砂災害警戒区域,,急傾斜地の崩落,,土砂災害警戒区域（指定済）,PLATEAU building risk
32,landslide,土砂災害警戒区域,,急傾斜地の崩落,,土砂災害警戒区域（指定済）,PLATEAU building risk
146,landslide,土砂災害警戒区域,,急傾斜地の崩落,,土砂災害警戒区域（指定済）,PLATEAU building risk
official_export_002:109,river_flooding,洪水浸水想定区域,0.0,浅川圏域・大栗川・三沢川流域,L2（想定最大規模）,0.5m未満,PLATEAU building risk
official_export_002:109,landslide,土砂災害警戒区域,,急傾斜地の崩落,,土砂災害特別警戒区域（指定済）,PLATEAU building risk
132101000000.0,river_flooding,洪水浸水想定区域,0.53,多摩川水系野川・仙川・入間川・谷沢川・丸子川,L2（想定最大規模）,0.5m以上3m未満,PLATEAU building risk
132101000000.0,river_flooding,洪水浸水想定区域,0.53,野川・仙川・入間川・谷沢川・丸子川流域,L2（想定最大規模）,0.5m以上3m未満,PLATEAU building risk
131024000000.0,river_flooding,洪水浸水想定区域,0.01,神田川流域,L2（想定最大規模）,0.5m未満,PLATEAU building risk
131024000000.0,river_flooding,洪水浸水想定区域,0.25,神田川流域,L2（想定最大規模）,0.5m未満,PLATEAU building risk
131024000000.0,river_flooding,洪水浸水想定区域,0.25,荒川水系神田川流域,L2（想定最大規模）,0.5m未満,PLATEAU building risk
131024000000.0,river_flooding,洪水浸水想定区域,0.05,隅田川・新河岸川流域,L2（想定最大規模）,0.5m未満,PLATEAU building risk
131024000000.0,high_tide,高潮浸水想定,0.41,東京都高潮浸水想定区域図（令和6年12月19日）,,0.5m未満,PLATEAU building risk
official_export_002:249,river_flooding,洪水浸水想定区域,0.01,城南地区河川流域,L2（想定最大規模）,0.5m未満,PLATEAU building risk
132152100014,landslide,土砂災害警戒区域,,急傾斜地の崩落,,土砂災害特別警戒区域（指定済）,PLATEAU building risk
official_export_002:351,river_flooding,洪水浸水想定区域,0.071,神田川流域,L2（想定最大規模）,0.5m未満,PLATEAU building risk
official_export_002:417,river_flooding,洪水浸水想定区域,2.12,多摩川水系多摩川・浅川・大栗川,L2（想定最大規模）,0.5m以上3m未満,PLATEAU building risk
official_export_002:418,river_flooding,洪水浸水想定区域,2.12,多摩川水系多摩川・浅川・大栗川,L2（想定最大規模）,0.5m以上3m未満,PLATEAU building risk
160,river_flooding,洪水浸水想定区域,0.057,神田川流域,L2（想定最大規模）,0.5m未満,PLATEAU building risk
official_export_002:143,river_flooding,洪水浸水想定区域,0.021,神田川流域,L2（想定最大規模）,0.5m未満,PLATEAU building risk
131083000000.0,high_tide,高潮浸水想定,0.37,東京都高潮浸水想定区域図（令和6年12月19日）,,0.5m未満,PLATEAU building risk
131083000000.0,river_flooding,洪水浸水想定区域,0.06,江東内部河川流域,L2（想定最大規模）,0.5m未満,PLATEAU building risk
131083000000.0,high_tide,高潮浸水想定,5.09,東京都高潮浸水想定区域図（令和6年12月19日）,,5m以上10m未満,PLATEAU building risk
136,river_flooding,洪水浸水想定区域,0.23,多摩川水系多摩川・浅川・大栗川,L2（想定最大規模）,0.5m未満,PLATEAU building risk
official_export_002:192,river_flooding,洪水浸水想定区域,0.05,霞川・多摩川上流圏域,L2（想定最大規模）,0.5m未満,PLATEAU building risk
official_export_001:99,river_flooding,洪水浸水想定区域,0.07,隅田川・新河岸川流域,L2（想定最大規模）,0.5m未満,PLATEAU building risk
official_export_001:99,high_tide,高潮浸水想定,0.02,東京都高潮浸水想定区域図（令和6年12月19日）,,0.5m未満,PLATEAU building risk
132000000000.0,river_flooding,洪水浸水想定区域,0.01,黒目川・落合川・柳瀬川・空堀川・奈良橋川流域,L2（想定最大規模）,0.5m未満,PLATEAU building risk
official_export_002:187,river_flooding,洪水浸水想定区域,0.01,黒目川・落合川・柳瀬川・空堀川・奈良橋川流域,L2（想定最大規模）,0.5m未満,PLATEAU building risk
official_export_002:247,river_flooding,洪水浸水想定区域,0.68,古川水系渋谷川・古川・目黒川水系目黒川・呑川水系呑川・立会川水系立会川・内川水系内川,L2（想定最大規模）,0.5m以上3m未満,PLATEAU building risk
official_export_002:247,river_flooding,洪水浸水想定区域,0.676,城南地区河川流域,L2（想定最大規模）,0.5m以上3m未満,PLATEAU building risk
131083000000.0,river_flooding,洪水浸水想定区域,0.17,隅田川・新河岸川流域,L2（想定最大規模）,0.5m未満,PLATEAU building risk
131083000000.0,high_tide,高潮浸水想定,1.87,東京都高潮浸水想定区域図（令和6年12月19日）,,0.5m以上3m未満,PLATEAU building risk
35,river_flooding,洪水浸水想定区域,0.052,神田川流域,L2（想定最大規模）,0.5m未満,PLATEAU building risk
49,river_flooding,洪水浸水想定区域,0.052,神田川流域,L2（想定最大規模）,0.5m未満,PLATEAU building risk
131024000000.0,river_flooding,洪水浸水想定区域,0.07,隅田川・新河岸川流域,L2（想定最大規模）,0.5m未満,PLATEAU building risk
official_export_002:199,river_flooding,洪水浸水想定区域,0.04,隅田川・新河岸川流域,L2（想定最大規模）,0.5m未満,PLATEAU building risk
131083000000.0,river_flooding,洪水浸水想定区域,0.02,江東内部河川流域,L2（想定最大規模）,0.5m未満,PLATEAU building risk
131083000000.0,high_tide,高潮浸水想定,2.02,東京都高潮浸水想定区域図（令和6年12月19日）,,0.5m以上3m未満,PLATEAU building risk
40,river_flooding,洪水浸水想定区域,0.063,城南地区河川流域,L2（想定最大規模）,0.5m未満,PLATEAU building risk
13104:127,river_flooding,洪水浸水想定区域,0.017,神田川流域,L2（想定最大規模）,0.5m未満,PLATEAU building risk
official_export_001:92,river_flooding,洪水浸水想定区域,0.033,神田川流域,L2（想定最大規模）,0.5m未満,PLATEAU building risk
official_export_002:21,river_flooding,洪水浸水想定区域,1.16,多摩川水系多摩川・浅川・大栗川,L2（想定最大規模）,0.5m以上3m未満,PLATEAU building risk
official_export_002:24,river_flooding,洪水浸水想定区域,1.16,多摩川水系多摩川・浅川・大栗川,L2（想定最大規模）,0.5m以上3m未満,PLATEAU building risk
131083000000.0,river_flooding,洪水浸水想定区域,0.05,江東内部河川流域,L2（想定最大規模）,0.5m未満,PLATEAU building risk
131083000000.0,high_tide,高潮浸水想定,3.39,東京都高潮浸水想定区域図（令和6年12月19日）,,3m以上5m未満,PLATEAU building risk
official_export_001:26,river_flooding,洪水浸水想定区域,0.01,霞川・多摩川上流圏域,L2（想定最大規模）,0.5m未満,PLATEAU building risk
official_export_001:26,landslide,土砂災害警戒区域,,急傾斜地の崩落,,土砂災害警戒区域（指定済）,PLATEAU building risk
official_export_002:177,tsunami,津波浸水想定,0.301,南海トラフケース１（島しょ部）,,0.3ｍ以上1m未満,PLATEAU building risk
official_export_002:177,tsunami,津波浸水想定,0.322,南海トラフケース６（島しょ部）,,0.3ｍ以上1m未満,PLATEAU building risk
official_export_002:177,tsunami,津波浸水想定,0.561,南海トラフケース８（島しょ部）,,0.3ｍ以上1m未満,PLATEAU building risk
104,river_flooding,洪水浸水想定区域,0.16,秋川・平井川流域,L2（想定最大規模）,0.5m未満,PLATEAU building risk
104,landslide,土砂災害警戒区域,,急傾斜地の崩落,,土砂災害特別警戒区域（指定済）,PLATEAU building risk
32,river_flooding,洪水浸水想定区域,0.002,神田川流域,L2（想定最大規模）,0.5m未満,PLATEAU building risk
131075100097,river_flooding,洪水浸水想定区域,0.13,隅田川・新河岸川流域,L2（想定最大規模）,0.5m未満,PLATEAU building risk
131075100097,high_tide,高潮浸水想定,1.79,東京都高潮浸水想定区域図（令和6年12月19日）,,0.5m以上3m未満,PLATEAU building risk
131024000000.0,river_flooding,洪水浸水想定区域,0.34,神田川流域,L2（想定最大規模）,0.5m未満,PLATEAU building risk
131024000000.0,river_flooding,洪水浸水想定区域,0.34,荒川水系神田川流域,L2（想定最大規模）,0.5m未満,PLATEAU building risk
131024000000.0,high_tide,高潮浸水想定,0.32,東京都高潮浸水想定区域図（令和6年12月19日）,,0.5m未満,PLATEAU building risk
132000000000.0,river_flooding,洪水浸水想定区域,0.01,黒目川・落合川・柳瀬川・空堀川・奈良橋川流域,L2（想定最大規模）,0.5m未満,PLATEAU building risk
13104:193,river_flooding,洪水浸水想定区域,0.01,神田川流域,L2（想定最大規模）,0.5m未満,PLATEAU building risk
official_export_002:191,river_flooding,洪水浸水想定区域,0.05,霞川・多摩川上流圏域,L2（想定最大規模）,0.5m未満,PLATEAU building risk
official_export_002:194,river_flooding,洪水浸水想定区域,0.05,霞川・多摩川上流圏域,L2（想定最大規模）,0.5m未満,PLATEAU building risk
official_export_002:191,landslide,土砂災害警戒区域,,土石流,,土砂災害警戒区域（指定済）,PLATEAU building risk
official_export_002:194,landslide,土砂災害警戒区域,,土石流,,土砂災害警戒区域（指定済）,PLATEAU building risk
241,river_flooding,洪水浸水想定区域,0.215,神田川流域,L2（想定最大規模）,0.5m未満,PLATEAU building risk
official_export_002:365,river_flooding,洪水浸水想定区域,0.32,隅田川・新河岸川流域,L2（想定最大規模）,0.5m未満,PLATEAU building risk
official_export_002:19,river_flooding,洪水浸水想定区域,0.03,神田川流域,L2（想定最大規模）,0.5m未満,PLATEAU building risk
200,river_flooding,洪水浸水想定区域,1.31,秋川・平井川流域,L2（想定最大規模）,0.5m以上3m未満,PLATEAU building risk
142,river_flooding,洪水浸水想定区域,0.29,秋川・平井川流域,L2（想定最大規模）,0.5m未満,PLATEAU building risk
142,landslide,土砂災害警戒区域,,土石流,,土砂災害警戒区域（指定済）,PLATEAU building risk
official_export_002:396,river_flooding,洪水浸水想定区域,0.019,神田川流域,L2（想定最大規模）,0.5m未満,PLATEAU building risk
43,river_flooding,洪水浸水想定区域,0.08,秋川・平井川流域,L2（想定最大規模）,0.5m未満,PLATEAU building risk
131156000000.0,river_flooding,洪水浸水想定区域,0.015,神田川流域,L2（想定最大規模）,0.5m未満,PLATEAU building risk
131083000000.0,river_flooding,洪水浸水想定区域,0.14,江東内部河川流域,L2（想定最大規模）,0.5m未満,PLATEAU building risk
131083000000.0,high_tide,高潮浸水想定,2.17,東京都高潮浸水想定区域図（令和6年12月19日）,,0.5m以上3m未満,PLATEAU building risk
131024000000.0,river_flooding,洪水浸水想定区域,0.621,神田川流域,L2（想定最大規模）,0.5m以上3m未満,PLATEAU building risk
131024000000.0,river_flooding,洪水浸水想定区域,0.621,荒川水系神田川流域,L2（想定最大規模）,0.5m以上3m未満,PLATEAU building risk
131024000000.0,river_flooding,洪水浸水想定区域,0.04,隅田川・新河岸川流域,L2（想定最大規模）,0.5m未満,PLATEAU building risk
131083000000.0,river_flooding,洪水浸水想定区域,0.19,江東内部河川流域,L2（想定最大規模）,0.5m未満,PLATEAU building risk
131083000000.0,high_tide,高潮浸水想定,2.64,東京都高潮浸水想定区域図（令和6年12月19日）,,0.5m以上3m未満,PLATEAU building risk
132101000000.0,river_flooding,洪水浸水想定区域,0.58,野川・仙川・入間川・谷沢川・丸子川流域,L2（想定最大規模）,0.5m以上3m未満,PLATEAU building risk
132101000000.0,river_flooding,洪水浸水想定区域,0.01,野川・仙川・入間川・谷沢川・丸子川流域,L2（想定最大規模）,0.5m未満,PLATEAU building risk
official_export_001:6,river_flooding,洪水浸水想定区域,0.014,神田川流域,L2（想定最大規模）,0.5m未満,PLATEAU building risk
official_export_001:7,river_flooding,洪水浸水想定区域,0.014,神田川流域,L2（想定最大規模）,0.5m未満,PLATEAU building risk
official_export_002:266,river_flooding,洪水浸水想定区域,0.043,神田川流域,L2（想定最大規模）,0.5m未満,PLATEAU building risk
131083000000.0,river_flooding,洪水浸水想定区域,0.09,江東内部河川流域,L2（想定最大規模）,0.5m未満,PLATEAU building risk
131083000000.0,high_tide,高潮浸水想定,2.46,東京都高潮浸水想定区域図（令和6年12月19日）,,0.5m以上3m未満,PLATEAU building risk
5,river_flooding,洪水浸水想定区域,0.554,城南地区河川流域,L2（想定最大規模）,0.5m以上3m未満,PLATEAU building risk
132000000000.0,river_flooding,洪水浸水想定区域,0.91,荒川水系黒目川・落合川・柳瀬川・空堀川・奈良橋川,L2（想定最大規模）,0.5m以上3m未満,PLATEAU building risk
132000000000.0,river_flooding,洪水浸水想定区域,0.91,黒目川・落合川・柳瀬川・空堀川・奈良橋川流域,L2（想定最大規模）,0.5m以上3m未満,PLATEAU building risk
13104:194,river_flooding,洪水浸水想定区域,0.018,神田川流域,L2（想定最大規模）,0.5m未満,PLATEAU building risk
131156000000.0,river_flooding,洪水浸水想定区域,0.117,神田川流域,L2（想定最大規模）,0.5m未満,PLATEAU building risk
131083000000.0,river_flooding,洪水浸水想定区域,0.21,江東内部河川流域,L2（想定最大規模）,0.5m未満,PLATEAU building risk
131083000000.0,high_tide,高潮浸水想定,3.87,東京都高潮浸水想定区域図（令和6年12月19日）,,3m以上5m未満,PLATEAU building risk
1.32209E+11,river_flooding,洪水浸水想定区域,0.01,黒目川・落合川・柳瀬川・空堀川・奈良橋川流域,L2（想定最大規模）,0.5m未満,PLATEAU building risk
132136100042,river_flooding,洪水浸水想定区域,0.29,黒目川・落合川・柳瀬川・空堀川・奈良橋川流域,L2（想定最大規模）,0.5m未満,PLATEAU building risk
official_export_002:39,river_flooding,洪水浸水想定区域,0.002,神田川流域,L2（想定最大規模）,0.5m未満,PLATEAU building risk
129,river_flooding,洪水浸水想定区域,0.01,霞川・多摩川上流圏域,L2（想定最大規模）,0.5m未満,PLATEAU building risk
129,landslide,土砂災害警戒区域,,急傾斜地の崩落,,土砂災害特別警戒区域（指定済）,PLATEAU building risk
official_export_001:39,river_flooding,洪水浸水想定区域,0.004,城南地区河川流域,L2（想定最大規模）,0.5m未満,PLATEAU building risk
official_export_002:338,river_flooding,洪水浸水想定区域,0.089,神田川流域,L2（想定最大規模）,0.5m未満,PLATEAU building risk
132000000000.0,river_flooding,洪水浸水想定区域,0.01,黒目川・落合川・柳瀬川・空堀川・奈良橋川流域,L2（想定最大規模）,0.5m未満,PLATEAU building risk
131024000000.0,river_flooding,洪水浸水想定区域,0.03,隅田川・新河岸川流域,L2（想定最大規模）,0.5m未満,PLATEAU building risk
official_export_002:49,landslide,土砂災害警戒区域,,土石流,,土砂災害警戒区域（指定済）,PLATEAU building risk
131083000000.0,river_flooding,洪水浸水想定区域,0.18,江東内部河川流域,L2（想定最大規模）,0.5m未満,PLATEAU building risk
131083000000.0,high_tide,高潮浸水想定,2.37,東京都高潮浸水想定区域図（令和6年12月19日）,,0.5m以上3m未満,PLATEAU building risk
45,river_flooding,洪水浸水想定区域,0.01,秋川・平井川流域,L2（想定最大規模）,0.5m未満,PLATEAU building risk
45,landslide,土砂災害警戒区域,,急傾斜地の崩落,,土砂災害特別警戒区域（指定済）,PLATEAU building risk
official_export_002:104,river_flooding,洪水浸水想定区域,0.003,城南地区河川流域,L2（想定最大規模）,0.5m未満,PLATEAU building risk
105,river_flooding,洪水浸水想定区域,0.002,城南地区河川流域,L2（想定最大規模）,0.5m未満,PLATEAU building risk
2000000003,river_flooding,洪水浸水想定区域,0.004,神田川流域,L2（想定最大規模）,0.5m未満,PLATEAU building risk
13104:7,river_flooding,洪水浸水想定区域,0.01,隅田川・新河岸川流域,L2（想定最大規模）,0.5m未満,PLATEAU building risk
131024000000.0,river_flooding,洪水浸水想定区域,0.02,隅田川・新河岸川流域,L2（想定最大規模）,0.5m未満,PLATEAU building risk
41,river_flooding,洪水浸水想定区域,0.011,神田川流域,L2（想定最大規模）,0.5m未満,PLATEAU building risk
official_export_002:302,river_flooding,洪水浸水想定区域,0.007,野川・仙川・入間川・谷沢川・丸子川流域,L2（想定最大規模）,0.5m未満,PLATEAU building risk
20,river_flooding,洪水浸水想定区域,0.14,霞川・多摩川上流圏域,L2（想定最大規模）,0.5m未満,PLATEAU building risk
official_export_002:197,river_flooding,洪水浸水想定区域,0.214,神田川流域,L2（想定最大規模）,0.5m未満,PLATEAU building risk
official_export_002:197,river_flooding,洪水浸水想定区域,0.214,荒川水系神田川流域,L2（想定最大規模）,0.5m未満,PLATEAU building risk
34,river_flooding,洪水浸水想定区域,0.294,神田川流域,L2（想定最大規模）,0.5m未満,PLATEAU building risk
131024000000.0,river_flooding,洪水浸水想定区域,0.036,神田川流域,L2（想定最大規模）,0.5m未満,PLATEAU building risk
131024000000.0,high_tide,高潮浸水想定,0.33,東京都高潮浸水想定区域図（令和6年12月19日）,,0.5m未満,PLATEAU building risk
13104:11,river_flooding,洪水浸水想定区域,0.059,神田川流域,L2（想定最大規模）,0.5m未満,PLATEAU building risk
official_export_002:163,river_flooding,洪水浸水想定区域,0.01,浅川圏域・大栗川・三沢川流域,L2（想定最大規模）,0.5m未満,PLATEAU building risk
official_export_002:164,river_flooding,洪水浸水想定区域,0.01,浅川圏域・大栗川・三沢川流域,L2（想定最大規模）,0.5m未満,PLATEAU building risk
official_export_002:163,landslide,土砂災害警戒区域,,急傾斜地の崩落,,土砂災害警戒区域（指定済）,PLATEAU building risk
official_export_002:164,landslide,土砂災害警戒区域,,急傾斜地の崩落,,土砂災害警戒区域（指定済）,PLATEAU building risk
131083000000.0,high_tide,高潮浸水想定,1.15,東京都高潮浸水想定区域図（令和6年12月19日）,,0.5m以上3m未満,PLATEAU building risk
official_export_001:3,river_flooding,洪水浸水想定区域,0.423,城南地区河川流域,L2（想定最大規模）,0.5m未満,PLATEAU building risk
131083000000.0,river_flooding,洪水浸水想定区域,0.14,隅田川・新河岸川流域,L2（想定最大規模）,0.5m未満,PLATEAU building risk
131083000000.0,high_tide,高潮浸水想定,1.44,東京都高潮浸水想定区域図（令和6年12月19日）,,0.5m以上3m未満,PLATEAU building risk
official_export_002:171,river_flooding,洪水浸水想定区域,0.54,多摩川水系多摩川・浅川・大栗川,L2（想定最大規模）,0.5m以上3m未満,PLATEAU building risk
official_export_001:64,river_flooding,洪水浸水想定区域,0.01,秋川・平井川流域,L2（想定最大規模）,0.5m未満,PLATEAU building risk
official_export_001:64,landslide,土砂災害警戒区域,,急傾斜地の崩落,,土砂災害警戒区域（指定済）,PLATEAU building risk
4,river_flooding,洪水浸水想定区域,0.013,神田川流域,L2（想定最大規模）,0.5m未満,PLATEAU building risk
27,river_flooding,洪水浸水想定区域,0.013,神田川流域,L2（想定最大規模）,0.5m未満,PLATEAU building risk
132080100051,river_flooding,洪水浸水想定区域,0.92,多摩川水系多摩川・浅川・大栗川,L1（計画規模）,0.5m以上3m未満,PLATEAU building risk
132080100051,river_flooding,洪水浸水想定区域,4.53,多摩川水系多摩川・浅川・大栗川,L2（想定最大規模）,3m以上5m未満,PLATEAU building risk
132152100036,river_flooding,洪水浸水想定区域,0.41,多摩川水系多摩川・浅川・大栗川,L2（想定最大規模）,0.5m未満,PLATEAU building risk
1.32209E+11,river_flooding,洪水浸水想定区域,0.33,黒目川・落合川・柳瀬川・空堀川・奈良橋川流域,L2（想定最大規模）,0.5m未満,PLATEAU building risk
1.32209E+11,landslide,土砂災害警戒区域,,急傾斜地の崩落,,土砂災害警戒区域（指定済）,PLATEAU building risk
131083000000.0,high_tide,高潮浸水想定,1.29,東京都高潮浸水想定区域図（令和6年12月19日）,,0.5m以上3m未満,PLATEAU building risk
132080100020,river_flooding,洪水浸水想定区域,0.2,多摩川水系多摩川・浅川・大栗川,L2（想定最大規模）,0.5m未満,PLATEAU building risk
official_export_002:45,river_flooding,洪水浸水想定区域,0.01,隅田川・新河岸川流域,L2（想定最大規模）,0.5m未満,PLATEAU building risk
13104:56,river_flooding,洪水浸水想定区域,0.009,神田川流域,L2（想定最大規模）,0.5m未満,PLATEAU building risk
131075100103,river_flooding,洪水浸水想定区域,0.7,江東内部河川流域,L2（想定最大規模）,0.5m以上3m未満,PLATEAU building risk
131075100103,high_tide,高潮浸水想定,4.03,東京都高潮浸水想定区域図（令和6年12月19日）,,3m以上5m未満,PLATEAU building risk
official_export_002:367,river_flooding,洪水浸水想定区域,0.01,隅田川・新河岸川流域,L2（想定最大規模）,0.5m未満,PLATEAU building risk
official_export_002:367,high_tide,高潮浸水想定,0.05,東京都高潮浸水想定区域図（令和6年12月19日）,,0.5m未満,PLATEAU building risk
official_export_002:333,high_tide,高潮浸水想定,1.82,東京都高潮浸水想定区域図（令和6年12月19日）,,0.5m以上3m未満,PLATEAU building risk
official_export_002:475,river_flooding,洪水浸水想定区域,0.135,城南地区河川流域,L2（想定最大規模）,0.5m未満,PLATEAU building risk
official_export_002:476,river_flooding,洪水浸水想定区域,0.135,城南地区河川流域,L2（想定最大規模）,0.5m未満,PLATEAU building risk
132000000000.0,river_flooding,洪水浸水想定区域,0.14,荒川水系黒目川・落合川・柳瀬川・空堀川・奈良橋川,L2（想定最大規模）,0.5m未満,PLATEAU building risk
132000000000.0,river_flooding,洪水浸水想定区域,0.01,黒目川・落合川・柳瀬川・空堀川・奈良橋川流域,L2（想定最大規模）,0.5m未満,PLATEAU building risk
131083000000.0,river_flooding,洪水浸水想定区域,0.38,隅田川・新河岸川流域,L2（想定最大規模）,0.5m未満,PLATEAU building risk
131083000000.0,high_tide,高潮浸水想定,1.34,東京都高潮浸水想定区域図（令和6年12月19日）,,0.5m以上3m未満,PLATEAU building risk
131083000000.0,river_flooding,洪水浸水想定区域,0.29,江東内部河川流域,L2（想定最大規模）,0.5m未満,PLATEAU building risk
131083000000.0,high_tide,高潮浸水想定,1.67,東京都高潮浸水想定区域図（令和6年12月19日）,,0.5m以上3m未満,PLATEAU building risk
2000000005,river_flooding,洪水浸水想定区域,0.112,神田川流域,L2（想定最大規模）,0.5m未満,PLATEAU building risk
official_export_002:424,river_flooding,洪水浸水想定区域,0.112,神田川流域,L2（想定最大規模）,0.5m未満,PLATEAU building risk
131024000000.0,river_flooding,洪水浸水想定区域,0.01,隅田川・新河岸川流域,L2（想定最大規模）,0.5m未満,PLATEAU building risk
131083000000.0,river_flooding,洪水浸水想定区域,0.39,江東内部河川流域,L2（想定最大規模）,0.5m未満,PLATEAU building risk
131083000000.0,high_tide,高潮浸水想定,2.04,東京都高潮浸水想定区域図（令和6年12月19日）,,0.5m以上3m未満,PLATEAU building risk
official_export_002:465,river_flooding,洪水浸水想定区域,0.057,神田川流域,L2（想定最大規模）,0.5m未満,PLATEAU building risk
131083000000.0,river_flooding,洪水浸水想定区域,0.45,江東内部河川流域,L2（想定最大規模）,0.5m未満,PLATEAU building risk
131083000000.0,high_tide,高潮浸水想定,3.14,東京都高潮浸水想定区域図（令和6年12月19日）,,3m以上5m未満,PLATEAU building risk
2,river_flooding,洪水浸水想定区域,0.01,神田川流域,L2（想定最大規模）,0.5m未満,PLATEAU building risk
official_export_002:91,river_flooding,洪水浸水想定区域,5.74,荒川水系霞川・成木川・黒沢川・直竹川・北小曽木川・多摩川水系多摩川（上流）・日原川・鳶巣川・大荷田川,L2（想定最大規模）,5m以上10m未満,PLATEAU building risk
official_export_002:92,river_flooding,洪水浸水想定区域,5.74,荒川水系霞川・成木川・黒沢川・直竹川・北小曽木川・多摩川水系多摩川（上流）・日原川・鳶巣川・大荷田川,L2（想定最大規模）,5m以上10m未満,PLATEAU building risk
official_export_002:94,river_flooding,洪水浸水想定区域,5.74,荒川水系霞川・成木川・黒沢川・直竹川・北小曽木川・多摩川水系多摩川（上流）・日原川・鳶巣川・大荷田川,L2（想定最大規模）,5m以上10m未満,PLATEAU building risk
official_export_002:97,river_flooding,洪水浸水想定区域,5.74,荒川水系霞川・成木川・黒沢川・直竹川・北小曽木川・多摩川水系多摩川（上流）・日原川・鳶巣川・大荷田川,L2（想定最大規模）,5m以上10m未満,PLATEAU building risk
official_export_002:91,river_flooding,洪水浸水想定区域,0.05,霞川・多摩川上流圏域,L2（想定最大規模）,0.5m未満,PLATEAU building risk
official_export_002:92,river_flooding,洪水浸水想定区域,0.05,霞川・多摩川上流圏域,L2（想定最大規模）,0.5m未満,PLATEAU building risk
official_export_002:94,river_flooding,洪水浸水想定区域,0.05,霞川・多摩川上流圏域,L2（想定最大規模）,0.5m未満,PLATEAU building risk
official_export_002:97,river_flooding,洪水浸水想定区域,0.05,霞川・多摩川上流圏域,L2（想定最大規模）,0.5m未満,PLATEAU building risk
official_export_002:91,landslide,土砂災害警戒区域,,急傾斜地の崩落,,土砂災害警戒区域（指定済）,PLATEAU building risk
official_export_002:92,landslide,土砂災害警戒区域,,急傾斜地の崩落,,土砂災害警戒区域（指定済）,PLATEAU building risk
official_export_002:94,landslide,土砂災害警戒区域,,急傾斜地の崩落,,土砂災害警戒区域（指定済）,PLATEAU building risk
official_export_002:97,landslide,土砂災害警戒区域,,急傾斜地の崩落,,土砂災害警戒区域（指定済）,PLATEAU building risk
official_export_002:73,river_flooding,洪水浸水想定区域,0.069,神田川流域,L2（想定最大規模）,0.5m未満,PLATEAU building risk
official_export_002:75,river_flooding,洪水浸水想定区域,0.069,神田川流域,L2（想定最大規模）,0.5m未満,PLATEAU building risk
131024000000.0,river_flooding,洪水浸水想定区域,0.12,隅田川・新河岸川流域,L2（想定最大規模）,0.5m未満,PLATEAU building risk
official_export_002:160,river_flooding,洪水浸水想定区域,0.004,城南地区河川流域,L2（想定最大規模）,0.5m未満,PLATEAU building risk
official_export_002:482,river_flooding,洪水浸水想定区域,1.17,多摩川水系野川・仙川・入間川・谷沢川・丸子川,L2（想定最大規模）,0.5m以上3m未満,PLATEAU building risk
official_export_002:482,river_flooding,洪水浸水想定区域,1.17,野川・仙川・入間川・谷沢川・丸子川流域,L2（想定最大規模）,0.5m以上3m未満,PLATEAU building risk
official_export_002:11,river_flooding,洪水浸水想定区域,0.063,神田川流域,L2（想定最大規模）,0.5m未満,PLATEAU building risk
official_export_001:18,river_flooding,洪水浸水想定区域,0.005,神田川流域,L2（想定最大規模）,0.5m未満,PLATEAU building risk
183,river_flooding,洪水浸水想定区域,0.75,中川・綾瀬川圏域,L2（想定最大規模）,0.5m以上3m未満,PLATEAU building risk
183,river_flooding,洪水浸水想定区域,1.0,利根川水系中川,L2（想定最大規模）,0.5m以上3m未満,PLATEAU building risk
183,river_flooding,洪水浸水想定区域,0.75,利根川水系中川・綾瀬川・新中川・旧江戸川・毛長川・大場川・伝右川・垳川・新川,L2（想定最大規模）,0.5m以上3m未満,PLATEAU building risk
183,river_flooding,洪水浸水想定区域,2.57,利根川水系利根川,L1（計画規模）,0.5m以上3m未満,PLATEAU building risk
183,river_flooding,洪水浸水想定区域,3.22,利根川水系利根川,L2（想定最大規模）,3m以上5m未満,PLATEAU building risk
183,river_flooding,洪水浸水想定区域,1.96,利根川水系江戸川,L1（計画規模）,0.5m以上3m未満,PLATEAU building risk
183,river_flooding,洪水浸水想定区域,2.44,利根川水系江戸川,L2（想定最大規模）,0.5m以上3m未満,PLATEAU building risk
official_export_002:111,river_flooding,洪水浸水想定区域,0.017,城南地区河川流域,L2（想定最大規模）,0.5m未満,PLATEAU building risk
official_export_002:25,river_flooding,洪水浸水想定区域,0.77,多摩川水系多摩川・浅川・大栗川,L2（想定最大規模）,0.5m以上3m未満,PLATEAU building risk
official_export_002:132,river_flooding,洪水浸水想定区域,0.03,隅田川・新河岸川流域,L2（想定最大規模）,0.5m未満,PLATEAU building risk
official_export_002:384,river_flooding,洪水浸水想定区域,0.186,神田川流域,L2（想定最大規模）,0.5m未満,PLATEAU building risk
official_export_002:384,river_flooding,洪水浸水想定区域,0.219,荒川水系神田川流域,L2（想定最大規模）,0.5m未満,PLATEAU building risk
official_export_002:384,river_flooding,洪水浸水想定区域,0.83,隅田川・新河岸川流域,L2（想定最大規模）,0.5m以上3m未満,PLATEAU building risk
official_export_002:384,high_tide,高潮浸水想定,0.5,東京都高潮浸水想定区域図（令和6年12月19日）,,0.5m以上3m未満,PLATEAU building risk
131156000000.0,river_flooding,洪水浸水想定区域,0.037,神田川流域,L2（想定最大規模）,0.5m未満,PLATEAU building risk
official_export_002:124,river_flooding,洪水浸水想定区域,0.045,神田川流域,L2（想定最大規模）,0.5m未満,PLATEAU building risk
13104:198,river_flooding,洪水浸水想定区域,0.109,神田川流域,L2（想定最大規模）,0.5m未満,PLATEAU building risk
13104:198,river_flooding,洪水浸水想定区域,0.109,荒川水系神田川流域,L2（想定最大規模）,0.5m未満,PLATEAU building risk
official_export_002:179,river_flooding,洪水浸水想定区域,0.11,隅田川・新河岸川流域,L2（想定最大規模）,0.5m未満,PLATEAU building risk
229,river_flooding,洪水浸水想定区域,0.1,秋川・平井川流域,L2（想定最大規模）,0.5m未満,PLATEAU building risk
35,river_flooding,洪水浸水想定区域,0.1,秋川・平井川流域,L2（想定最大規模）,0.5m未満,PLATEAU building risk
229,landslide,土砂災害警戒区域,,土石流,,土砂災害警戒区域（指定済）,PLATEAU building risk
35,landslide,土砂災害警戒区域,,土石流,,土砂災害警戒区域（指定済）,PLATEAU building risk
49,river_flooding,洪水浸水想定区域,0.64,秋川・平井川流域,L2（想定最大規模）,0.5m以上3m未満,PLATEAU building risk
49,landslide,土砂災害警戒区域,,土石流,,土砂災害警戒区域（指定済）,PLATEAU building risk
131156000000.0,river_flooding,洪水浸水想定区域,0.1,神田川流域,L2（想定最大規模）,0.5m未満,PLATEAU building risk
13104:43,river_flooding,洪水浸水想定区域,0.346,神田川流域,L2（想定最大規模）,0.5m未満,PLATEAU building risk
official_export_002:213,river_flooding,洪水浸水想定区域,1.41,古川水系渋谷川・古川・目黒川水系目黒川・呑川水系呑川・立会川水系立会川・内川水系内川,L2（想定最大規模）,0.5m以上3m未満,PLATEAU building risk
official_export_002:213,river_flooding,洪水浸水想定区域,1.411,城南地区河川流域,L2（想定最大規模）,0.5m以上3m未満,PLATEAU building risk
official_export_002:213,high_tide,高潮浸水想定,1.24,東京都高潮浸水想定区域図（令和6年12月19日）,,0.5m以上3m未満,PLATEAU building risk
13104:123,river_flooding,洪水浸水想定区域,0.058,神田川流域,L2（想定最大規模）,0.5m未満,PLATEAU building risk
131156000000.0,river_flooding,洪水浸水想定区域,0.002,神田川流域,L2（想定最大規模）,0.5m未満,PLATEAU building risk
131083000000.0,high_tide,高潮浸水想定,0.94,東京都高潮浸水想定区域図（令和6年12月19日）,,0.5m以上3m未満,PLATEAU building risk
official_export_002:224,landslide,土砂災害警戒区域,,土石流,,土砂災害警戒区域（指定済）,PLATEAU building risk
132152100072,river_flooding,洪水浸水想定区域,0.1,多摩川水系多摩川・浅川・大栗川,L2（想定最大規模）,0.5m未満,PLATEAU building risk
131024000000.0,river_flooding,洪水浸水想定区域,0.02,隅田川・新河岸川流域,L2（想定最大規模）,0.5m未満,PLATEAU building risk
131024000000.0,high_tide,高潮浸水想定,0.01,東京都高潮浸水想定区域図（令和6年12月19日）,,0.5m未満,PLATEAU building risk
140,river_flooding,洪水浸水想定区域,0.48,秋川・平井川流域,L2（想定最大規模）,0.5m未満,PLATEAU building risk
140,landslide,土砂災害警戒区域,,急傾斜地の崩落,,土砂災害警戒区域（指定済）,PLATEAU building risk
official_export_002:105,river_flooding,洪水浸水想定区域,0.003,城南地区河川流域,L2（想定最大規模）,0.5m未満,PLATEAU building risk
13104:230,river_flooding,洪水浸水想定区域,2.383,神田川流域,L2（想定最大規模）,0.5m以上3m未満,PLATEAU building risk
13104:230,river_flooding,洪水浸水想定区域,0.25,荒川水系神田川流域,L1（計画規模）,0.5m未満,PLATEAU building risk
13104:230,river_flooding,洪水浸水想定区域,2.383,荒川水系神田川流域,L2（想定最大規模）,0.5m以上3m未満,PLATEAU building risk
13104:230,high_tide,高潮浸水想定,1.04,東京都高潮浸水想定区域図（令和6年12月19日）,,0.5m以上3m未満,PLATEAU building risk
official_export_002:236,river_flooding,洪水浸水想定区域,0.017,野川・仙川・入間川・谷沢川・丸子川流域,L2（想定最大規模）,0.5m未満,PLATEAU building risk
10,river_flooding,洪水浸水想定区域,0.006,神田川流域,L2（想定最大規模）,0.5m未満,PLATEAU building risk
1000000004,river_flooding,洪水浸水想定区域,0.006,神田川流域,L2（想定最大規模）,0.5m未満,PLATEAU building risk
131083000000.0,high_tide,高潮浸水想定,3.09,東京都高潮浸水想定区域図（令和6年12月19日）,,3m以上5m未満,PLATEAU building risk
14,river_flooding,洪水浸水想定区域,0.01,秋川・平井川流域,L2（想定最大規模）,0.5m未満,PLATEAU building risk
14,landslide,土砂災害警戒区域,,急傾斜地の崩落,,土砂災害特別警戒区域（指定済）,PLATEAU building risk
132080100079,river_flooding,洪水浸水想定区域,0.37,野川・仙川・入間川・谷沢川・丸子川流域,L2（想定最大規模）,0.5m未満,PLATEAU building risk
36,river_flooding,洪水浸水想定区域,0.013,神田川流域,L2（想定最大規模）,0.5m未満,PLATEAU building risk
