municipality_code,municipality_name,土砂災害｜PLATEAU建築物リスク,土砂災害｜土砂災害警戒区域,土砂災害｜砂防指定地,延焼危険度｜延焼危険度,想定震度｜南海トラフ巨大地震,想定震度｜多摩東部直下地震,想定震度｜多摩西部直下地震,想定震度｜大正関東地震,想定震度｜立川断層帯地震,想定震度｜都心南部直下地震,想定震度｜都心東部直下地震,想定震度｜都心西部直下地震,河川浸水｜L1（計画規模）,河川浸水｜L2（想定最大規模）,河川浸水｜想定最大規模,河川浸水｜河川浸水,津波｜PLATEAU建築物リスク,津波｜南海トラフ巨大地震_ケース1,津波｜南海トラフ巨大地震_ケース2,津波｜南海トラフ巨大地震_ケース5,津波｜南海トラフ巨大地震_ケース6,津波｜南海トラフ巨大地震_ケース8,津波｜南海トラフ巨大地震_全5ケース最大値,津波｜大正関東地震,液状化｜南海トラフ巨大地震,液状化｜多摩東部直下地震,液状化｜大正関東地震,液状化｜立川断層帯地震,液状化｜都心南部直下地震,高潮｜PLATEAU建築物リスク,高潮｜高潮
13101,千代田区,2,0,0,44,44,44,44,44,44,44,44,44,0,12,5,44,0,1,1,1,1,1,1,1,33,34,34,1,34,5,5
13102,中央区,0,0,0,24,24,24,24,24,24,24,24,24,0,13,12,19,0,1,1,1,1,1,1,1,20,23,23,2,23,6,3
13103,港区,2,2,0,52,52,52,52,52,52,52,52,52,0,20,1,52,0,1,1,1,1,1,1,1,31,39,38,1,39,6,8
13104,新宿区,1,3,0,254,254,254,254,254,254,254,254,254,1,60,0,254,0,0,0,0,0,0,0,0,74,117,117,0,117,1,7
13105,文京区,1,2,0,92,92,92,92,92,92,92,92,92,0,36,0,92,0,0,0,0,0,0,0,0,43,50,50,6,50,1,0
13106,台東区,0,0,0,133,133,133,133,133,133,133,133,133,0,53,53,133,0,0,0,0,0,0,0,0,98,106,106,1,106,15,30
13107,墨田区,0,0,0,107,107,107,107,107,107,107,107,107,0,20,104,107,0,0,0,0,0,0,0,0,106,107,107,2,107,19,105
13108,江東区,0,0,0,11,11,11,11,11,11,11,11,11,0,5,8,11,0,1,1,1,1,1,1,1,11,11,11,1,11,9,11
13109,品川区,1,0,0,14,14,14,14,14,14,14,14,14,0,6,0,14,0,0,0,0,0,0,0,0,10,10,10,2,10,1,1
13110,目黒区,1,1,0,33,33,33,33,33,33,33,33,33,1,10,1,33,0,0,0,0,0,0,0,0,5,5,5,1,5,0,0
13111,大田区,0,0,0,38,38,38,38,38,38,38,38,38,2,26,2,38,0,0,0,0,0,0,0,0,31,34,34,13,34,2,1
13112,世田谷区,0,1,0,41,41,41,41,41,41,41,41,41,0,19,0,41,0,0,0,0,0,0,0,0,5,9,9,2,9,0,0
13113,渋谷区,0,0,0,31,31,31,31,31,31,31,31,31,0,9,0,31,0,0,0,0,0,0,0,0,2,3,3,0,3,0,0
13114,中野区,0,0,0,17,17,17,17,17,17,17,17,17,0,10,0,17,0,0,0,0,0,0,0,0,1,9,9,0,9,0,0
13115,杉並区,0,0,0,29,29,29,29,29,29,29,29,29,0,12,0,29,0,0,0,0,0,0,0,0,3,5,5,3,5,0,0
13116,豊島区,1,1,0,30,30,30,30,30,30,30,30,30,0,12,0,29,0,0,0,0,0,0,0,0,8,12,12,5,12,0,0
13118,荒川区,0,0,0,2,2,2,2,2,2,2,2,2,0,0,1,2,0,0,0,0,0,0,0,0,1,1,1,1,1,0,1
13119,板橋区,0,0,0,3,3,3,3,3,3,3,3,3,0,0,1,3,0,0,0,0,0,0,0,0,2,2,2,1,2,0,1
13120,練馬区,0,0,0,2,2,2,2,2,2,2,2,2,0,0,0,2,0,0,0,0,0,0,0,0,1,2,2,0,2,0,0
13121,足立区,0,0,0,1,1,1,1,1,1,1,1,1,0,0,1,1,0,0,0,0,0,0,0,0,1,1,1,0,1,0,0
13122,葛飾区,0,0,0,6,6,6,6,6,6,6,6,6,4,4,6,6,0,0,0,0,0,0,0,0,6,6,6,0,6,0,5
13123,江戸川区,0,0,0,3,3,3,3,3,3,3,3,3,2,2,3,3,0,0,0,0,0,0,0,0,1,3,3,0,3,2,3
13201,八王子市,0,2,0,10,10,10,10,10,10,10,10,10,0,0,0,10,0,0,0,0,0,0,0,0,0,2,2,2,2,0,0
13202,立川市,0,0,0,2,2,2,2,2,2,2,2,2,0,0,0,0,0,0,0,0,0,0,0,0,0,0,0,0,0,0,0
13203,武蔵野市,0,0,0,4,4,4,4,4,4,4,4,4,0,0,0,4,0,0,0,0,0,0,0,0,0,0,0,0,0,0,0
13204,三鷹市,0,0,0,26,26,26,26,26,26,26,26,26,1,5,0,26,0,0,0,0,0,0,0,0,17,17,17,17,17,0,0
13205,青梅市,12,7,1,38,38,38,38,38,38,38,38,38,1,23,2,27,0,0,0,0,0,0,0,0,2,5,3,4,3,0,0
13206,府中市,1,1,0,9,9,9,9,9,9,9,9,9,0,1,2,3,0,0,0,0,0,0,0,0,2,2,2,2,2,0,0
13207,昭島市,0,0,0,4,4,4,4,4,4,4,4,4,1,2,1,2,0,0,0,0,0,0,0,0,0,3,3,3,3,0,0
13208,調布市,1,2,0,69,69,69,69,69,69,69,69,69,2,14,13,46,0,0,0,0,0,0,0,0,2,8,7,1,8,0,0
13209,町田市,0,0,0,5,5,5,5,5,5,5,5,5,0,1,0,1,0,0,0,0,0,0,0,0,1,1,1,1,1,0,0
13210,小金井市,0,0,0,4,4,4,4,4,4,4,4,4,0,1,0,4,0,0,0,0,0,0,0,0,0,1,1,0,1,0,0
13211,小平市,0,0,0,1,1,1,1,1,1,1,1,1,0,0,0,1,0,0,0,0,0,0,0,0,0,1,1,1,1,0,0
13212,日野市,1,0,0,7,7,7,7,7,7,7,7,7,0,5,2,6,0,0,0,0,0,0,0,0,1,3,3,3,3,0,0
13213,東村山市,0,0,0,43,43,43,43,43,43,43,43,43,0,10,0,43,0,0,0,0,0,0,0,0,0,17,13,13,13,0,0
13214,国分寺市,0,0,0,45,45,45,45,45,45,45,45,45,0,1,0,40,0,0,0,0,0,0,0,0,0,0,0,0,0,0,0
13215,国立市,2,2,0,72,72,72,72,72,72,72,72,72,0,10,15,0,0,0,0,0,0,0,0,0,0,1,1,1,1,0,0
13218,福生市,0,0,0,15,15,15,15,15,15,15,15,15,0,7,6,7,0,0,0,0,0,0,0,0,1,1,1,1,1,0,0
13219,狛江市,0,0,0,1,1,1,1,1,1,1,1,1,1,1,1,1,0,0,0,0,0,0,0,0,1,1,1,0,1,0,0
13220,東大和市,1,1,0,5,5,5,5,5,5,5,5,5,0,4,0,5,0,0,0,0,0,0,0,0,1,5,1,1,1,0,0
13221,清瀬市,0,0,0,2,2,2,2,2,2,2,2,2,0,1,0,2,0,0,0,0,0,0,0,0,1,1,1,1,1,0,0
13222,東久留米市,0,0,0,11,11,11,11,11,11,11,11,11,0,3,0,10,0,0,0,0,0,0,0,0,1,2,2,2,2,0,0
13223,武蔵村山市,0,0,0,1,1,1,1,1,1,1,1,1,0,0,0,1,0,0,0,0,0,0,0,0,0,0,0,0,0,0,0
13224,多摩市,6,3,0,8,8,8,8,8,8,8,8,8,0,7,0,8,0,0,0,0,0,0,0,0,4,5,5,5,5,0,0
13225,稲城市,0,0,0,1,1,1,1,1,1,1,1,1,0,1,0,1,0,0,0,0,0,0,0,0,0,0,0,0,0,0,0
13227,羽村市,1,2,0,4,4,4,4,4,4,4,4,4,0,3,0,1,0,0,0,0,0,0,0,0,0,0,0,0,0,0,0
13228,あきる野市,16,20,0,57,64,57,57,64,57,57,57,57,0,32,1,43,0,0,0,0,0,0,0,0,9,14,14,6,12,1,1
13229,西東京市,0,0,0,10,10,10,10,10,10,10,10,10,0,1,0,10,0,0,0,0,0,0,0,0,6,6,6,6,6,0,0
13305,日の出町,0,1,0,1,1,1,1,1,1,1,1,1,0,0,0,1,0,0,0,0,0,0,0,0,1,1,1,1,1,0,0
13307,檜原村,5,4,1,6,6,6,6,6,6,6,6,6,0,5,0,6,0,0,0,0,0,0,0,0,0,0,0,0,0,0,0
13361,大島町,0,1,0,0,7,0,0,7,0,0,0,0,0,0,0,0,0,0,0,0,0,0,0,0,0,0,0,0,0,0,0
13362,利島村,0,0,0,0,1,0,0,1,0,0,0,0,0,0,0,0,0,0,0,0,0,0,0,0,0,0,0,0,0,0,0
13363,新島村,4,4,0,0,6,0,0,6,0,0,0,0,0,0,0,0,3,4,0,0,4,4,0,0,1,0,1,0,1,0,0
13381,三宅村,2,2,0,0,2,0,0,2,0,0,0,0,0,0,0,0,0,0,0,0,0,0,0,0,0,0,0,0,0,0,0
13401,八丈町,0,0,0,0,1,0,0,1,0,0,0,0,0,0,0,0,0,0,0,0,0,0,0,0,0,0,0,0,0,0,0
