source_level,source_authority,source_dataset,source_record_id,source_url,source_file,name,name_kana,place_name,address_detail,owner,address,municipality,municipality_code,category,type,designation,designation_date,latitude,longitude,entity_class,geometry_role,designation_level,raw_category,raw_type,raw_designation,_designation_reason
municipal_source,江東区,文化財一覧,131083000000.0,https://www.opendata.metro.tokyo.lg.jp/koto/131083_002_cultural_property.csv,13Tokyo/raw/municipal/13108/data.csv,清洲橋,,東京都,,東京都,,江東区,13108,国指定重要文化財,建造物,national,2007/6/18,35.68246,139.791776,building_direct,building_candidate_point,national,国指定重要文化財,建造物,,explicit_national_keyword
municipal_source,江東区,文化財一覧,131083000000.0,https://www.opendata.metro.tokyo.lg.jp/koto/131083_002_cultural_property.csv,13Tokyo/raw/municipal/13108/data.csv,永代橋,,東京都,,東京都,,江東区,13108,国指定重要文化財,建造物,national,2007/6/18,35.676232,139.787657,building_direct,building_candidate_point,national,国指定重要文化財,建造物,,explicit_national_keyword
municipal_source,江東区,文化財一覧,131083000000.0,https://www.opendata.metro.tokyo.lg.jp/koto/131083_002_cultural_property.csv,13Tokyo/raw/municipal/13108/data.csv,旧東京市深川食堂,,江東区,,江東区,,江東区,13108,国登録文化財,建造物,national,2008/7/8,35.674049,139.794931,building_direct,building_candidate_point,national,国登録文化財,建造物,,explicit_national_keyword
municipal_source,江東区,文化財一覧,131083000000.0,https://www.opendata.metro.tokyo.lg.jp/koto/131083_002_cultural_property.csv,13Tokyo/raw/municipal/13108/data.csv,旧弾正橋(八幡橋),,江東区,,江東区,,江東区,13108,国指定重要文化財,建造物,national,1977/6/27,35.671881,139.800612,building_direct,building_candidate_point,national,国指定重要文化財,建造物,,explicit_national_keyword
municipal_source,江東区,文化財一覧,131083000000.0,https://www.opendata.metro.tokyo.lg.jp/koto/131083_002_cultural_property.csv,13Tokyo/raw/municipal/13108/data.csv,明治丸,,国立大学法人東京海洋大学,,国立大学法人東京海洋大学,,江東区,13108,国指定重要文化財,建造物,national,1978/5/31,35.667878,139.791799,building_direct,building_candidate_point,national,国指定重要文化財,建造物,,explicit_national_keyword
municipal_source,江東区,文化財一覧,131083000000.0,https://www.opendata.metro.tokyo.lg.jp/koto/131083_002_cultural_property.csv,13Tokyo/raw/municipal/13108/data.csv,絹本着色束帯天神像,,亀戸天神社,,亀戸天神社,,江東区,13108,東京都指定文化財,美術工芸品,prefectural,1978/3/16,35.702666,139.820838,movable,representative_point,prefectural,東京都指定文化財,美術工芸,,explicit_prefectural_keyword
municipal_source,江東区,文化財一覧,131083000000.0,https://www.opendata.metro.tokyo.lg.jp/koto/131083_002_cultural_property.csv,13Tokyo/raw/municipal/13108/data.csv,銅造地蔵菩薩坐像(江戸六地蔵の1),,霊巖寺,,霊巖寺,,江東区,13108,東京都指定文化財,美術工芸品,prefectural,1970/8/3,35.680812,139.799953,movable,representative_point,prefectural,東京都指定文化財,美術工芸,,explicit_prefectural_keyword
municipal_source,江東区,文化財一覧,131083000000.0,https://www.opendata.metro.tokyo.lg.jp/koto/131083_002_cultural_property.csv,13Tokyo/raw/municipal/13108/data.csv,波除碑,,江東区,,江東区,,江東区,13108,東京都指定文化財,美術工芸品,prefectural,1942/9/1,35.668403,139.801523,movable,representative_point,prefectural,東京都指定文化財,美術工芸,,explicit_prefectural_keyword
municipal_source,江東区,文化財一覧,131083000000.0,https://www.opendata.metro.tokyo.lg.jp/koto/131083_002_cultural_property.csv,13Tokyo/raw/municipal/13108/data.csv,波除碑,,洲崎神社,,洲崎神社,,江東区,13108,東京都指定文化財,美術工芸品,prefectural,1942/9/1,35.668445,139.807736,movable,representative_point,prefectural,東京都指定文化財,美術工芸,,explicit_prefectural_keyword
municipal_source,江東区,文化財一覧,131083000000.0,https://www.opendata.metro.tokyo.lg.jp/koto/131083_002_cultural_property.csv,13Tokyo/raw/municipal/13108/data.csv,五百羅漢道標 文化2年再建銘,,東京都,,東京都,,江東区,13108,東京都指定文化財,美術工芸品,prefectural,2006/3/27,35.685144,139.816212,movable,representative_point,prefectural,東京都指定文化財,美術工芸,,explicit_prefectural_keyword
municipal_source,江東区,文化財一覧,131083000000.0,https://www.opendata.metro.tokyo.lg.jp/koto/131083_002_cultural_property.csv,13Tokyo/raw/municipal/13108/data.csv,木場の角乗,,東京木場角乗保存会,,東京木場角乗保存会,,江東区,13108,東京都指定文化財,民俗芸能,prefectural,1952/11/3,35.669287,139.837599,point,representative_point,prefectural,東京都指定文化財,民俗芸能,,explicit_prefectural_keyword
municipal_source,江東区,文化財一覧,131083000000.0,https://www.opendata.metro.tokyo.lg.jp/koto/131083_002_cultural_property.csv,13Tokyo/raw/municipal/13108/data.csv,深川の力持,,深川力持睦会,,深川力持睦会,,江東区,13108,東京都指定文化財,民俗芸能,prefectural,1956/11/16,35.669287,139.837599,point,representative_point,prefectural,東京都指定文化財,民俗芸能,,explicit_prefectural_keyword
municipal_source,江東区,文化財一覧,131083000000.0,https://www.opendata.metro.tokyo.lg.jp/koto/131083_002_cultural_property.csv,13Tokyo/raw/municipal/13108/data.csv,木場の木遣,,木場木遣保存会,,木場木遣保存会,,江東区,13108,東京都指定文化財,民俗芸能,prefectural,1995/3/27,35.669287,139.837599,point,representative_point,prefectural,東京都指定文化財,民俗芸能,,explicit_prefectural_keyword
municipal_source,江東区,文化財一覧,131083000000.0,https://www.opendata.metro.tokyo.lg.jp/koto/131083_002_cultural_property.csv,13Tokyo/raw/municipal/13108/data.csv,村田春海墓,,本誓寺,,本誓寺,,江東区,13108,東京都指定文化財,史跡,prefectural,1943/5/1,35.681383,139.797588,point,representative_point,prefectural,東京都指定文化財,史跡,,explicit_prefectural_keyword
municipal_source,江東区,文化財一覧,131083000000.0,https://www.opendata.metro.tokyo.lg.jp/koto/131083_002_cultural_property.csv,13Tokyo/raw/municipal/13108/data.csv,芭蕉翁古池の跡,,,,,,江東区,13108,東京都指定文化財,史跡,prefectural,1921/11/1,35.684291,139.794527,point,representative_point,prefectural,東京都指定文化財,史跡,,explicit_prefectural_keyword
municipal_source,江東区,文化財一覧,131083000000.0,https://www.opendata.metro.tokyo.lg.jp/koto/131083_002_cultural_property.csv,13Tokyo/raw/municipal/13108/data.csv,松平定信墓,,霊巖寺,,霊巖寺,,江東区,13108,国指定重要文化財,史跡,national,1928/1/18,35.680812,139.799953,point,representative_point,national,国指定重要文化財,史跡,,explicit_national_keyword
municipal_source,江東区,文化財一覧,131083000000.0,https://www.opendata.metro.tokyo.lg.jp/koto/131083_002_cultural_property.csv,13Tokyo/raw/municipal/13108/data.csv,向井忠勝墓,,陽岳寺,,陽岳寺,,江東区,13108,東京都指定文化財,史跡,prefectural,1925/1/1,35.675272,139.796474,point,representative_point,prefectural,東京都指定文化財,史跡,,explicit_prefectural_keyword
municipal_source,江東区,文化財一覧,131083000000.0,https://www.opendata.metro.tokyo.lg.jp/koto/131083_002_cultural_property.csv,13Tokyo/raw/municipal/13108/data.csv,伏見義民墓,,陽岳寺,,陽岳寺,,江東区,13108,東京都指定文化財,史跡,prefectural,1925/1/1,35.675272,139.796474,point,representative_point,prefectural,東京都指定文化財,史跡,,explicit_prefectural_keyword
municipal_source,江東区,文化財一覧,131083000000.0,https://www.opendata.metro.tokyo.lg.jp/koto/131083_002_cultural_property.csv,13Tokyo/raw/municipal/13108/data.csv,観嵩月墓,,陽岳寺,,陽岳寺,,江東区,13108,東京都指定文化財,史跡,prefectural,1925/1/1,35.675272,139.796474,point,representative_point,prefectural,東京都指定文化財,史跡,,explicit_prefectural_keyword
municipal_source,江東区,文化財一覧,131083000000.0,https://www.opendata.metro.tokyo.lg.jp/koto/131083_002_cultural_property.csv,13Tokyo/raw/municipal/13108/data.csv,英信勝墓,,陽岳寺,,陽岳寺,,江東区,13108,東京都指定文化財,史跡,prefectural,1925/1/1,35.675272,139.796474,point,representative_point,prefectural,東京都指定文化財,史跡,,explicit_prefectural_keyword
municipal_source,江東区,文化財一覧,131083000000.0,https://www.opendata.metro.tokyo.lg.jp/koto/131083_002_cultural_property.csv,13Tokyo/raw/municipal/13108/data.csv,清澄庭園,,,,,,江東区,13108,東京都指定文化財,名勝,prefectural,1979/3/31,35.680699,139.797736,point,representative_point,prefectural,東京都指定文化財,名勝,,explicit_prefectural_keyword
municipal_source,中野区,文化財一覧,1000000001,https://www2.wagmap.jp/nakanodatamap/nakanodatamap/opendatafile/map_33/CSV/opendata_550120.csv,13Tokyo/raw/municipal/13114/data.csv,新井白石墓,,,,高徳寺,東京都中野区上高田1-2-9,中野区,13114,東京都指定旧跡,旧跡,prefectural,1980-03-99,35.7089729617415,139.679550096223,point,representative_point,prefectural,東京都指定旧跡,旧跡,,explicit_prefectural_keyword
municipal_source,中野区,文化財一覧,1000000002,https://www2.wagmap.jp/nakanodatamap/nakanodatamap/opendatafile/map_33/CSV/opendata_550120.csv,13Tokyo/raw/municipal/13114/data.csv,鈴木九郎長者墓,,,,成願寺,東京都中野区本町2-26-6,中野区,13114,東京都指定旧跡,旧跡,prefectural,1980-03-99,35.6940535511243,139.681647671572,point,representative_point,prefectural,東京都指定旧跡,旧跡,,explicit_prefectural_keyword
municipal_source,中野区,文化財一覧,1000000003,https://www2.wagmap.jp/nakanodatamap/nakanodatamap/opendatafile/map_33/CSV/opendata_550120.csv,13Tokyo/raw/municipal/13114/data.csv,哲学堂公園,,,,中野区,東京都中野区松が丘1-34,中野区,13114,国指定名勝,名勝,national,2020-03-99,35.7219173902197,139.674368018455,point,representative_point,national,国指定名勝,名勝,,explicit_national_keyword
municipal_source,中野区,文化財一覧,1000000004,https://www2.wagmap.jp/nakanodatamap/nakanodatamap/opendatafile/map_33/CSV/opendata_550120.csv,13Tokyo/raw/municipal/13114/data.csv,江古田の獅子舞,,,,江古田獅子舞保存会,東京都中野区江古田1-20-15,中野区,13114,東京都指定無形民俗文化財,無形民俗文化財,prefectural,2017-03-99,35.7267292818226,139.675132903497,point,representative_point,prefectural,東京都指定無形民俗文化財,無形民俗文化財,,explicit_prefectural_keyword
municipal_source,中野区,文化財一覧,2000000001,https://www2.wagmap.jp/nakanodatamap/nakanodatamap/opendatafile/map_33/CSV/opendata_550120.csv,13Tokyo/raw/municipal/13114/data.csv,旧野方配水塔,,,,中野区,東京都中野区江古田1-3,中野区,13114,国登録有形文化財,建造物,national,2010-02-99,35.7246449594911,139.674875668546,building_direct,building_candidate_point,national,国登録有形文化財,建造物,,explicit_national_keyword
municipal_source,中野区,文化財一覧,2000000002,https://www2.wagmap.jp/nakanodatamap/nakanodatamap/opendatafile/map_33/CSV/opendata_550120.csv,13Tokyo/raw/municipal/13114/data.csv,中村家住宅洋館,,,,個人,東京都中野区中野1-58,中野区,13114,国登録有形文化財,建造物,national,2013-12-99,35.7043110822988,139.672775618447,building_direct,building_candidate_point,national,国登録有形文化財,建造物,,explicit_national_keyword
municipal_source,中野区,文化財一覧,2000000003,https://www2.wagmap.jp/nakanodatamap/nakanodatamap/opendatafile/map_33/CSV/opendata_550120.csv,13Tokyo/raw/municipal/13114/data.csv,細井家住宅主屋,,,,個人,東京都中野区上高田3-6,中野区,13114,国登録有形文化財,建造物,national,2014-10-99,35.7129498924568,139.67457830875,building_direct,building_candidate_point,national,国登録有形文化財,建造物,,explicit_national_keyword
municipal_source,中野区,文化財一覧,2000000004,https://www2.wagmap.jp/nakanodatamap/nakanodatamap/opendatafile/map_33/CSV/opendata_550120.csv,13Tokyo/raw/municipal/13114/data.csv,功運寺庫裏・鐘楼・山門,,,,萬昌院功運寺,東京都中野区上高田4-14,中野区,13114,国登録有形文化財,建造物,national,2014-10-99,35.7124742690522,139.678701459254,building_direct,building_candidate_point,national,国登録有形文化財,建造物,,explicit_national_keyword
municipal_source,中野区,文化財一覧,2000000005,https://www2.wagmap.jp/nakanodatamap/nakanodatamap/opendatafile/map_33/CSV/opendata_550120.csv,13Tokyo/raw/municipal/13114/data.csv,三岸家住宅アトリエ,,,,個人,東京都中野区上鷺宮2-2,中野区,13114,国登録有形文化財,建造物,national,2014-10-99,35.7270387189308,139.636557472662,building_direct,building_candidate_point,national,国登録有形文化財,建造物,,explicit_national_keyword
municipal_source,豊島区,文化財一覧（国もしくは地方公共団体が指定、登録、選定等行った文化財の一覧）,377,https://service.api.metro.tokyo.lg.jp/api/t131164d0000000007-83def088cb55c24a0cae4251717412d7-0/json,13Tokyo/raw/municipal/13116/data.json,旧マッケーレブ邸(雑司が谷旧宣教師館),,,,南池袋2-45-1,豊島区雑司が谷1-25-5 豊島区,豊島区,13116,東京都指定有形民俗文化財,建造物,prefectural,1999/03/03,139.7205,35.72072,building_direct,building_candidate_point,prefectural,東京都指定有形民俗文化財,建造物,,explicit_prefectural_keyword
municipal_source,豊島区,文化財一覧（国もしくは地方公共団体が指定、登録、選定等行った文化財の一覧）,378,https://service.api.metro.tokyo.lg.jp/api/t131164d0000000007-83def088cb55c24a0cae4251717412d7-0/json,13Tokyo/raw/municipal/13116/data.json,板絵着色大森彦七図鳥山石燕筆,,,,南池袋3-18-18 法明寺,豊島区雑司が谷3-15-20鬼子母神堂内,豊島区,13116,東京都指定有形民俗文化財,美術工芸品,prefectural,1953/11/03,139.71371,35.72192,movable,representative_point,prefectural,東京都指定有形民俗文化財,美術工芸品,,explicit_prefectural_keyword
municipal_source,豊島区,文化財一覧（国もしくは地方公共団体が指定、登録、選定等行った文化財の一覧）,379,https://service.api.metro.tokyo.lg.jp/api/t131164d0000000007-83def088cb55c24a0cae4251717412d7-0/json,13Tokyo/raw/municipal/13116/data.json,板絵着色三人静白拍子図二代目鳥居清満筆,,,,南池袋3-18-18 法明寺,豊島区雑司が谷3-15-20鬼子母神堂内,豊島区,13116,東京都指定有形民俗文化財,美術工芸品,prefectural,1953/11/03,139.71371,35.72192,movable,representative_point,prefectural,東京都指定有形民俗文化財,美術工芸品,,explicit_prefectural_keyword
municipal_source,豊島区,文化財一覧（国もしくは地方公共団体が指定、登録、選定等行った文化財の一覧）,380,https://service.api.metro.tokyo.lg.jp/api/t131164d0000000007-83def088cb55c24a0cae4251717412d7-0/json,13Tokyo/raw/municipal/13116/data.json,銅造地蔵菩薩坐像(江戸六地蔵の一)(付 石造華瓶一対、石造灯明台一基、像内納入品(銅像地蔵菩薩坐像4躯、銅札等一括)),,,,巣鴨3-21-21 真性寺,豊島区巣鴨3-21-21 真性寺,豊島区,13116,東京都指定有形民俗文化財,美術工芸品,prefectural,1970/08/03,139.73613,35.73411,movable,representative_point,prefectural,東京都指定有形民俗文化財,美術工芸品,,explicit_prefectural_keyword
municipal_source,豊島区,文化財一覧（国もしくは地方公共団体が指定、登録、選定等行った文化財の一覧）,381,https://service.api.metro.tokyo.lg.jp/api/t131164d0000000007-83def088cb55c24a0cae4251717412d7-0/json,13Tokyo/raw/municipal/13116/data.json,伊藤政武の墓,,,,駒込6-11-4 西福寺,豊島区駒込6-11-4 西福寺内,豊島区,13116,東京都指定史跡,史跡,prefectural,1960/02/13,139.74249,35.73885,point,representative_point,prefectural,東京都指定史跡,,,explicit_prefectural_keyword
municipal_source,豊島区,文化財一覧（国もしくは地方公共団体が指定、登録、選定等行った文化財の一覧）,382,https://service.api.metro.tokyo.lg.jp/api/t131164d0000000007-83def088cb55c24a0cae4251717412d7-0/json,13Tokyo/raw/municipal/13116/data.json,遠山景元墓,,,,巣鴨5-35-6 本妙寺,豊島区巣鴨5-35-6 本妙寺内,豊島区,13116,東京都指定旧跡,東京都指定旧跡,prefectural,1928/03/01,139.73521,35.73964,point,representative_point,prefectural,東京都指定旧跡,,,explicit_prefectural_keyword
municipal_source,豊島区,文化財一覧（国もしくは地方公共団体が指定、登録、選定等行った文化財の一覧）,383,https://service.api.metro.tokyo.lg.jp/api/t131164d0000000007-83def088cb55c24a0cae4251717412d7-0/json,13Tokyo/raw/municipal/13116/data.json,司馬江漢墓,,,,巣鴨5-35-33 慈眼寺,豊島区巣鴨5-35-33 慈眼寺内,豊島区,13116,東京都指定旧跡,東京都指定旧跡,prefectural,1930/06/02,139.73521,35.73964,point,representative_point,prefectural,東京都指定旧跡,,,explicit_prefectural_keyword
municipal_source,豊島区,文化財一覧（国もしくは地方公共団体が指定、登録、選定等行った文化財の一覧）,384,https://service.api.metro.tokyo.lg.jp/api/t131164d0000000007-83def088cb55c24a0cae4251717412d7-0/json,13Tokyo/raw/municipal/13116/data.json,斉藤鶴磯墓,,,,巣鴨5-35-33 慈眼寺,豊島区巣鴨5-35-33 慈眼寺内,豊島区,13116,東京都指定旧跡,東京都指定旧跡,prefectural,1930/06/02,139.73521,35.73964,point,representative_point,prefectural,東京都指定旧跡,,,explicit_prefectural_keyword
municipal_source,豊島区,文化財一覧（国もしくは地方公共団体が指定、登録、選定等行った文化財の一覧）,385,https://service.api.metro.tokyo.lg.jp/api/t131164d0000000007-83def088cb55c24a0cae4251717412d7-0/json,13Tokyo/raw/municipal/13116/data.json,尾形乾山墓並びに碑,,,,西巣鴨4-8-25 善養寺,豊島区西巣鴨4-8-25 善養寺内,豊島区,13116,東京都指定旧跡,東京都指定旧跡,prefectural,1932/07/01,139.73067,35.7433,point,representative_point,prefectural,東京都指定旧跡,,,explicit_prefectural_keyword
municipal_source,豊島区,文化財一覧（国もしくは地方公共団体が指定、登録、選定等行った文化財の一覧）,386,https://service.api.metro.tokyo.lg.jp/api/t131164d0000000007-83def088cb55c24a0cae4251717412d7-0/json,13Tokyo/raw/municipal/13116/data.json,服部嵐雪墓,,,,南池袋2-41-4 本教寺,豊島区南池袋2-41-4 本教寺内,豊島区,13116,東京都指定旧跡,東京都指定旧跡,prefectural,1928/04/01,139.71918,35.72574,point,representative_point,prefectural,東京都指定旧跡,,,explicit_prefectural_keyword
municipal_source,豊島区,文化財一覧（国もしくは地方公共団体が指定、登録、選定等行った文化財の一覧）,387,https://service.api.metro.tokyo.lg.jp/api/t131164d0000000007-83def088cb55c24a0cae4251717412d7-0/json,13Tokyo/raw/municipal/13116/data.json,ラファエル・ケーベルの墓,,,,東京都建設局,豊島区南池袋4丁目 雑司ヶ谷霊園,豊島区,13116,東京都指定旧跡,東京都指定旧跡,prefectural,1954/11/03,139.71707,35.72245,point,representative_point,prefectural,東京都指定旧跡,,,explicit_prefectural_keyword
municipal_source,豊島区,文化財一覧（国もしくは地方公共団体が指定、登録、選定等行った文化財の一覧）,388,https://service.api.metro.tokyo.lg.jp/api/t131164d0000000007-83def088cb55c24a0cae4251717412d7-0/json,13Tokyo/raw/municipal/13116/data.json,乃木大将経営榊壇,,,,目白1-5-1 学習院,豊島区目白1-5-1 学習院内,豊島区,13116,東京都指定旧跡,東京都指定旧跡,prefectural,1920/03/01,139.70877,35.71901,point,representative_point,prefectural,東京都指定旧跡,,,explicit_prefectural_keyword
municipal_source,豊島区,文化財一覧（国もしくは地方公共団体が指定、登録、選定等行った文化財の一覧）,389,https://service.api.metro.tokyo.lg.jp/api/t131164d0000000007-83def088cb55c24a0cae4251717412d7-0/json,13Tokyo/raw/municipal/13116/data.json,養育院跡,,,,東京都衛生局,豊島区南大塚2-8・9・12・13文京区大塚4-21・24・50,豊島区,13116,東京都指定旧跡,東京都指定旧跡,prefectural,1918/04/01,139.73215,35.72527,point,representative_point,prefectural,東京都指定旧跡,,,explicit_prefectural_keyword
municipal_source,豊島区,文化財一覧（国もしくは地方公共団体が指定、登録、選定等行った文化財の一覧）,390,https://service.api.metro.tokyo.lg.jp/api/t131164d0000000007-83def088cb55c24a0cae4251717412d7-0/json,13Tokyo/raw/municipal/13116/data.json,雑司ヶ谷鬼子母神のイチョウ,,,,南池袋3-18-18 法明寺,豊島区雑司が谷3-15-20鬼子母神堂境内,豊島区,13116,東京都指定天然記念物,天然記念物,prefectural,1956/08/21,139.71371,35.72192,point,representative_point,prefectural,東京都指定天然記念物,,,explicit_prefectural_keyword
municipal_source,豊島区,文化財一覧（国もしくは地方公共団体が指定、登録、選定等行った文化財の一覧）,391,https://service.api.metro.tokyo.lg.jp/api/t131164d0000000007-83def088cb55c24a0cae4251717412d7-0/json,13Tokyo/raw/municipal/13116/data.json,鬼子母神大門ケヤキ並木,,,,東京都教育委員会 豊島区,豊島区雑司が谷3-16・19,豊島区,13116,東京都指定天然記念物,天然記念物,prefectural,1940/04/18,139.71434,35.72113,point,representative_point,prefectural,東京都指定天然記念物,,,explicit_prefectural_keyword
municipal_source,豊島区,文化財一覧（国もしくは地方公共団体が指定、登録、選定等行った文化財の一覧）,392,https://service.api.metro.tokyo.lg.jp/api/t131164d0000000007-83def088cb55c24a0cae4251717412d7-0/json,13Tokyo/raw/municipal/13116/data.json,豊島長崎の富士塚,,,,浅間神社,豊島区高松2-9-3,豊島区,13116,国指定重要有形民俗文化財,国指定重要有形民俗文化財,national,1979/05/21,139.6954,35.73787,point,representative_point,national,国指定重要有形民俗文化財,,,explicit_national_keyword
municipal_source,豊島区,文化財一覧（国もしくは地方公共団体が指定、登録、選定等行った文化財の一覧）,393,https://service.api.metro.tokyo.lg.jp/api/t131164d0000000007-83def088cb55c24a0cae4251717412d7-0/json,13Tokyo/raw/municipal/13116/data.json,自由学園明日館,,,,東久留米市学園町1-15-8 学校法人自由学園,豊島区西池袋2-31-3,豊島区,13116,国指定重要文化財,建造物,national,1997/05/29,139.70706,35.72673,building_direct,building_candidate_point,national,国指定重要文化財,建造物,,explicit_national_keyword
municipal_source,豊島区,文化財一覧（国もしくは地方公共団体が指定、登録、選定等行った文化財の一覧）,394,https://service.api.metro.tokyo.lg.jp/api/t131164d0000000007-83def088cb55c24a0cae4251717412d7-0/json,13Tokyo/raw/municipal/13116/data.json,雑司ヶ谷鬼子母神堂,,,,南池袋3-18-18 宗教法人 法明寺,豊島区雑司が谷3-15-20,豊島区,13116,国指定重要文化財,建造物,national,2016/07/25,139.71371,35.72192,building_direct,building_candidate_point,national,国指定重要文化財,建造物,,explicit_national_keyword
municipal_source,豊島区,文化財一覧（国もしくは地方公共団体が指定、登録、選定等行った文化財の一覧）,395,https://service.api.metro.tokyo.lg.jp/api/t131164d0000000007-83def088cb55c24a0cae4251717412d7-0/json,13Tokyo/raw/municipal/13116/data.json,狂言,,,,野村太良(野村萬),豊島区南長崎6丁目,豊島区,13116,国指定無形文化財,芸能,national,1997/06/06,139.67986,35.73042,point,representative_point,national,国指定無形文化財,芸能,,explicit_national_keyword
municipal_source,豊島区,文化財一覧（国もしくは地方公共団体が指定、登録、選定等行った文化財の一覧）,396,https://service.api.metro.tokyo.lg.jp/api/t131164d0000000007-83def088cb55c24a0cae4251717412d7-0/json,13Tokyo/raw/municipal/13116/data.json,金唐紙製作,,,,上田尚,豊島区目白4丁目,豊島区,13116,国選定保存技術,国選定保存技術,national,2005/08/30,139.7002,35.72432,point,representative_point,national,国選定保存技術,,,explicit_national_keyword
municipal_source,豊島区,文化財一覧（国もしくは地方公共団体が指定、登録、選定等行った文化財の一覧）,397,https://service.api.metro.tokyo.lg.jp/api/t131164d0000000007-83def088cb55c24a0cae4251717412d7-0/json,13Tokyo/raw/municipal/13116/data.json,旧丹羽家住宅蔵,,,,豊島区,豊島区駒込3-12-8,豊島区,13116,国登録有形文化財,建造物,national,2008/03/07,139.74234,35.73767,building_direct,building_candidate_point,national,国登録有形文化財,建造物,,explicit_national_keyword
municipal_source,豊島区,文化財一覧（国もしくは地方公共団体が指定、登録、選定等行った文化財の一覧）,398,https://service.api.metro.tokyo.lg.jp/api/t131164d0000000007-83def088cb55c24a0cae4251717412d7-0/json,13Tokyo/raw/municipal/13116/data.json,高岩寺本堂,,,,宗教法人 高岩寺,豊島区巣鴨3-35-2,豊島区,13116,国登録有形文化財,建造物,national,2009/01/08,139.73553,35.73577,building_direct,building_candidate_point,national,国登録有形文化財,建造物,,explicit_national_keyword
municipal_source,豊島区,文化財一覧（国もしくは地方公共団体が指定、登録、選定等行った文化財の一覧）,399,https://service.api.metro.tokyo.lg.jp/api/t131164d0000000007-83def088cb55c24a0cae4251717412d7-0/json,13Tokyo/raw/municipal/13116/data.json,学習院正門,,,,学校法人 学習院,豊島区目白1-5-1,豊島区,13116,国登録有形文化財,建造物,national,2009/04/28,139.70877,35.71901,building_direct,building_candidate_point,national,国登録有形文化財,建造物,,explicit_national_keyword
municipal_source,豊島区,文化財一覧（国もしくは地方公共団体が指定、登録、選定等行った文化財の一覧）,400,https://service.api.metro.tokyo.lg.jp/api/t131164d0000000007-83def088cb55c24a0cae4251717412d7-0/json,13Tokyo/raw/municipal/13116/data.json,学習院厩舎,,,,学校法人 学習院,豊島区目白1-5-1,豊島区,13116,国登録有形文化財,建造物,national,2009/04/28,139.70877,35.71901,building_direct,building_candidate_point,national,国登録有形文化財,建造物,,explicit_national_keyword
municipal_source,豊島区,文化財一覧（国もしくは地方公共団体が指定、登録、選定等行った文化財の一覧）,401,https://service.api.metro.tokyo.lg.jp/api/t131164d0000000007-83def088cb55c24a0cae4251717412d7-0/json,13Tokyo/raw/municipal/13116/data.json,学習院乃木館(旧総寮部),,,,学校法人 学習院,豊島区目白1-5-1,豊島区,13116,国登録有形文化財,建造物,national,2009/04/28,139.70877,35.71901,building_direct,building_candidate_point,national,国登録有形文化財,建造物,,explicit_national_keyword
municipal_source,豊島区,文化財一覧（国もしくは地方公共団体が指定、登録、選定等行った文化財の一覧）,402,https://service.api.metro.tokyo.lg.jp/api/t131164d0000000007-83def088cb55c24a0cae4251717412d7-0/json,13Tokyo/raw/municipal/13116/data.json,学習院東別館(旧皇族寮),,,,学校法人 学習院,豊島区目白1-5-1,豊島区,13116,国登録有形文化財,建造物,national,2009/04/28,139.70877,35.71901,building_direct,building_candidate_point,national,国登録有形文化財,建造物,,explicit_national_keyword
municipal_source,豊島区,文化財一覧（国もしくは地方公共団体が指定、登録、選定等行った文化財の一覧）,403,https://service.api.metro.tokyo.lg.jp/api/t131164d0000000007-83def088cb55c24a0cae4251717412d7-0/json,13Tokyo/raw/municipal/13116/data.json,学習院北別館(旧図書館),,,,学校法人 学習院,豊島区目白1-5-1,豊島区,13116,国登録有形文化財,建造物,national,2009/04/28,139.70877,35.71901,building_direct,building_candidate_point,national,国登録有形文化財,建造物,,explicit_national_keyword
municipal_source,豊島区,文化財一覧（国もしくは地方公共団体が指定、登録、選定等行った文化財の一覧）,404,https://service.api.metro.tokyo.lg.jp/api/t131164d0000000007-83def088cb55c24a0cae4251717412d7-0/json,13Tokyo/raw/municipal/13116/data.json,学習院西一号館(旧中等科教場),,,,学校法人 学習院,豊島区目白1-5-1,豊島区,13116,国登録有形文化財,建造物,national,2009/04/28,139.70877,35.71901,building_direct,building_candidate_point,national,国登録有形文化財,建造物,,explicit_national_keyword
municipal_source,豊島区,文化財一覧（国もしくは地方公共団体が指定、登録、選定等行った文化財の一覧）,405,https://service.api.metro.tokyo.lg.jp/api/t131164d0000000007-83def088cb55c24a0cae4251717412d7-0/json,13Tokyo/raw/municipal/13116/data.json,学習院南一号館(旧理科特別教場),,,,学校法人 学習院,豊島区目白1-5-1,豊島区,13116,国登録有形文化財,建造物,national,2009/04/28,139.70877,35.71901,building_direct,building_candidate_point,national,国登録有形文化財,建造物,,explicit_national_keyword
municipal_source,豊島区,文化財一覧（国もしくは地方公共団体が指定、登録、選定等行った文化財の一覧）,406,https://service.api.metro.tokyo.lg.jp/api/t131164d0000000007-83def088cb55c24a0cae4251717412d7-0/json,13Tokyo/raw/municipal/13116/data.json,金剛院本堂,,,,長崎1-9-2 宗教法人 金剛院,豊島区長崎1-9-2 金剛院,豊島区,13116,国登録有形文化財,建造物,national,2014/12/19,139.69556,35.72727,building_direct,building_candidate_point,national,国登録有形文化財,建造物,,explicit_national_keyword
municipal_source,豊島区,文化財一覧（国もしくは地方公共団体が指定、登録、選定等行った文化財の一覧）,407,https://service.api.metro.tokyo.lg.jp/api/t131164d0000000007-83def088cb55c24a0cae4251717412d7-0/json,13Tokyo/raw/municipal/13116/data.json,金剛院客殿,,,,長崎1-9-2 宗教法人 金剛院,豊島区長崎1-9-2 金剛院,豊島区,13116,国登録有形文化財,建造物,national,2014/12/20,139.69556,35.72727,building_direct,building_candidate_point,national,国登録有形文化財,建造物,,explicit_national_keyword
municipal_source,豊島区,文化財一覧（国もしくは地方公共団体が指定、登録、選定等行った文化財の一覧）,408,https://service.api.metro.tokyo.lg.jp/api/t131164d0000000007-83def088cb55c24a0cae4251717412d7-0/json,13Tokyo/raw/municipal/13116/data.json,並木ハウス,,,,個人,豊島区雑司が谷3-19-4,豊島区,13116,国登録有形文化財,建造物,national,2018/05/10,139.71494,35.72155,building_direct,building_candidate_point,national,国登録有形文化財,建造物,,explicit_national_keyword
municipal_source,豊島区,文化財一覧（国もしくは地方公共団体が指定、登録、選定等行った文化財の一覧）,409,https://service.api.metro.tokyo.lg.jp/api/t131164d0000000007-83def088cb55c24a0cae4251717412d7-0/json,13Tokyo/raw/municipal/13116/data.json,砂金家長屋,,,,個人,豊島区雑司が谷3-19-5,豊島区,13116,国登録有形文化財,建造物,national,2018/05/11,139.71494,35.72155,building_direct,building_candidate_point,national,国登録有形文化財,建造物,,explicit_national_keyword
municipal_source,葛飾区,文化財一覧,131229000000.0,https://www.opendata.metro.tokyo.lg.jp/katsushika/131229_cultural_property.csv,13Tokyo/raw/municipal/13122/data.csv,木造不動明王立像,,,,,,葛飾区,13122,重要文化財,美術工芸品,national,,,,movable,representative_point,national,重要文化財,美術工芸品,,explicit_national_keyword
municipal_source,葛飾区,文化財一覧,131229000000.0,https://www.opendata.metro.tokyo.lg.jp/katsushika/131229_cultural_property.csv,13Tokyo/raw/municipal/13122/data.csv,旧小菅刑務所庁舎,,,,,,葛飾区,13122,重要文化財,建造物,national,,,,building_direct,building_candidate_point,national,重要文化財,建造物,,explicit_national_keyword
municipal_source,葛飾区,文化財一覧,131229000000.0,https://www.opendata.metro.tokyo.lg.jp/katsushika/131229_cultural_property.csv,13Tokyo/raw/municipal/13122/data.csv,葛飾柴又の文化的景観,,,,,,葛飾区,13122,重要文化的景観,文化的景観,national,,,,point,representative_point,national,重要文化的景観,文化的景観,,explicit_national_keyword
municipal_source,葛飾区,文化財一覧,131229000000.0,https://www.opendata.metro.tokyo.lg.jp/katsushika/131229_cultural_property.csv,13Tokyo/raw/municipal/13122/data.csv,會田家住宅旧蔵,,,,,,葛飾区,13122,登録有形文化財,建造物,national,,,,building_direct,building_candidate_point,national,登録有形文化財,建造物,,explicit_national_keyword
municipal_source,調布市,02.文化財一覧,132080100001,https://service.api.metro.tokyo.lg.jp/api/t132080d3100001964-4ac5f47ee38d5c49163005c754d994ec-0/json,13Tokyo/raw/municipal/13208/data.json,銅造釈迦如来倚像,,,,,,調布市,13208,国宝(美術工芸品・彫刻),美術工芸品,national,2017-09-15,35.66685,139.550796,movable,representative_point,national,国宝(美術工芸品・彫刻),,,explicit_national_keyword
municipal_source,調布市,02.文化財一覧,132080100002,https://service.api.metro.tokyo.lg.jp/api/t132080d3100001964-4ac5f47ee38d5c49163005c754d994ec-0/json,13Tokyo/raw/municipal/13208/data.json,梵鐘,,,,,,調布市,13208,国指定重要文化財(工芸),美術工芸品,national,1963-02-14,35.66685,139.550796,movable,representative_point,national,国指定重要文化財(工芸),,,explicit_national_keyword
municipal_source,調布市,02.文化財一覧,132080100003,https://service.api.metro.tokyo.lg.jp/api/t132080d3100001964-4ac5f47ee38d5c49163005c754d994ec-0/json,13Tokyo/raw/municipal/13208/data.json,下布田遺跡,,,,,,調布市,13208,国指定史跡,史跡,national,1987-05-12,35.643598,139.548234,point,representative_point,national,国指定史跡,,,explicit_national_keyword
municipal_source,調布市,02.文化財一覧,132080100004,https://service.api.metro.tokyo.lg.jp/api/t132080d3100001964-4ac5f47ee38d5c49163005c754d994ec-0/json,13Tokyo/raw/municipal/13208/data.json,深大寺城跡,,,,,,調布市,13208,国指定史跡,史跡,national,2007-07-26,35.664205,139.549313,point,representative_point,national,国指定史跡,,,explicit_national_keyword
municipal_source,調布市,02.文化財一覧,132080100005,https://service.api.metro.tokyo.lg.jp/api/t132080d3100001964-4ac5f47ee38d5c49163005c754d994ec-0/json,13Tokyo/raw/municipal/13208/data.json,真木家住宅洋館,,,,,,調布市,13208,国登録有形文化財(建造物),建造物,national,2000-04-28,35.653466,139.527441,building_direct,building_candidate_point,national,国登録有形文化財(建造物),,,explicit_national_keyword
municipal_source,調布市,02.文化財一覧,132080100006,https://service.api.metro.tokyo.lg.jp/api/t132080d3100001964-4ac5f47ee38d5c49163005c754d994ec-0/json,13Tokyo/raw/municipal/13208/data.json,真木家住宅日本館,,,,,,調布市,13208,国登録有形文化財(建造物),建造物,national,2000-04-28,35.653466,139.527441,building_direct,building_candidate_point,national,国登録有形文化財(建造物),,,explicit_national_keyword
municipal_source,調布市,02.文化財一覧,132080100007,https://service.api.metro.tokyo.lg.jp/api/t132080d3100001964-4ac5f47ee38d5c49163005c754d994ec-0/json,13Tokyo/raw/municipal/13208/data.json,白百合女子大学めぐみ荘(旧菊池家住宅主屋),,,,,,調布市,13208,国登録有形文化財(建造物),建造物,national,2014-04-25,35.668215,139.581011,building_direct,building_candidate_point,national,国登録有形文化財(建造物),,,explicit_national_keyword
municipal_source,調布市,02.文化財一覧,132080100008,https://service.api.metro.tokyo.lg.jp/api/t132080d3100001964-4ac5f47ee38d5c49163005c754d994ec-0/json,13Tokyo/raw/municipal/13208/data.json,新井家住宅主屋,,,,,,調布市,13208,国登録有形文化財(建造物),建造物,national,2014-04-25,35.654024,139.589122,building_direct,building_candidate_point,national,国登録有形文化財(建造物),,,explicit_national_keyword
municipal_source,調布市,02.文化財一覧,132080100009,https://service.api.metro.tokyo.lg.jp/api/t132080d3100001964-4ac5f47ee38d5c49163005c754d994ec-0/json,13Tokyo/raw/municipal/13208/data.json,新井家住宅内蔵,,,,,,調布市,13208,国登録有形文化財(建造物),建造物,national,2014-04-25,35.654024,139.589122,building_direct,building_candidate_point,national,国登録有形文化財(建造物),,,explicit_national_keyword
municipal_source,調布市,02.文化財一覧,132080100010,https://service.api.metro.tokyo.lg.jp/api/t132080d3100001964-4ac5f47ee38d5c49163005c754d994ec-0/json,13Tokyo/raw/municipal/13208/data.json,新井家住宅外蔵,,,,,,調布市,13208,国登録有形文化財(建造物),建造物,national,2014-04-25,35.654024,139.589122,building_direct,building_candidate_point,national,国登録有形文化財(建造物),,,explicit_national_keyword
municipal_source,調布市,02.文化財一覧,132080100011,https://service.api.metro.tokyo.lg.jp/api/t132080d3100001964-4ac5f47ee38d5c49163005c754d994ec-0/json,13Tokyo/raw/municipal/13208/data.json,新井家住宅旧蚕室,,,,,,調布市,13208,国登録有形文化財(建造物),建造物,national,2014-04-25,35.654024,139.589122,building_direct,building_candidate_point,national,国登録有形文化財(建造物),,,explicit_national_keyword
municipal_source,調布市,02.文化財一覧,132080100012,https://service.api.metro.tokyo.lg.jp/api/t132080d3100001964-4ac5f47ee38d5c49163005c754d994ec-0/json,13Tokyo/raw/municipal/13208/data.json,新井家住宅中門及び塀,,,,,,調布市,13208,国登録有形文化財(建造物),建造物,national,2014-04-25,35.654024,139.589122,building_direct,building_candidate_point,national,国登録有形文化財(建造物),,,explicit_national_keyword
municipal_source,調布市,02.文化財一覧,132080100013,https://service.api.metro.tokyo.lg.jp/api/t132080d3100001964-4ac5f47ee38d5c49163005c754d994ec-0/json,13Tokyo/raw/municipal/13208/data.json,旧武者小路実篤邸主屋,,,,,,調布市,13208,国登録有形文化財(建造物),建造物,national,2018-11-02,35.657901,139.581828,building_direct,building_candidate_point,national,国登録有形文化財(建造物),,,explicit_national_keyword
municipal_source,調布市,02.文化財一覧,132080100014,https://service.api.metro.tokyo.lg.jp/api/t132080d3100001964-4ac5f47ee38d5c49163005c754d994ec-0/json,13Tokyo/raw/municipal/13208/data.json,旧佐橋家住宅主屋,,,,,,調布市,13208,国登録有形文化財(建造物),建造物,national,2022-10-31,35.658766,139.571762,building_direct,building_candidate_point,national,国登録有形文化財(建造物),,,explicit_national_keyword
municipal_source,調布市,02.文化財一覧,132080100015,https://service.api.metro.tokyo.lg.jp/api/t132080d3100001964-4ac5f47ee38d5c49163005c754d994ec-0/json,13Tokyo/raw/municipal/13208/data.json,旧佐橋家住宅門,,,,,,調布市,13208,国登録有形文化財(建造物),建造物,national,2022-10-31,35.658766,139.571762,building_direct,building_candidate_point,national,国登録有形文化財(建造物),,,explicit_national_keyword
municipal_source,調布市,02.文化財一覧,132080100016,https://service.api.metro.tokyo.lg.jp/api/t132080d3100001964-4ac5f47ee38d5c49163005c754d994ec-0/json,13Tokyo/raw/municipal/13208/data.json,調布市上石原遺跡第15地点出土二彩多口瓶,,,,,,調布市,13208,都指定有形文化財(考古資料),考古資料,prefectural,2007-03-15,35.646859,139.536191,movable,representative_point,prefectural,都指定有形文化財(考古資料),,,explicit_prefectural_keyword
municipal_source,調布市,02.文化財一覧,132080100017,https://service.api.metro.tokyo.lg.jp/api/t132080d3100001964-4ac5f47ee38d5c49163005c754d994ec-0/json,13Tokyo/raw/municipal/13208/data.json,木造慈恵大師坐像,,,,,,調布市,13208,都指定有形文化財(彫刻),美術工芸品,prefectural,2020-03-16,35.66685,139.550796,movable,representative_point,prefectural,都指定有形文化財(彫刻),,,explicit_prefectural_keyword
municipal_source,調布市,02.文化財一覧,132080100018,https://service.api.metro.tokyo.lg.jp/api/t132080d3100001964-4ac5f47ee38d5c49163005c754d994ec-0/json,13Tokyo/raw/municipal/13208/data.json,狐塚古墳(下布田6号墳),,,,,,調布市,13208,都指定史跡,史跡,prefectural,2018-03-15,35.645297,139.549267,point,representative_point,prefectural,都指定史跡,,,explicit_prefectural_keyword
municipal_source,調布市,02.文化財一覧,132080100019,https://service.api.metro.tokyo.lg.jp/api/t132080d3100001964-4ac5f47ee38d5c49163005c754d994ec-0/json,13Tokyo/raw/municipal/13208/data.json,佐須の禅寺丸古木,,,,,,調布市,13208,都指定天然記念物,天然記念物,prefectural,1964-04-28,35.660474,139.551176,point,representative_point,prefectural,都指定天然記念物,,,explicit_prefectural_keyword
municipal_source,小金井市,文化財一覧,132101000000.0,https://www.opendata.metro.tokyo.lg.jp/koganei/02_bunkazai.csv,13Tokyo/raw/municipal/13210/data.csv,土製耳飾/調布市布田町下布田遺跡出土,,,,東京都,,小金井市,13210,重要文化財,考古資料,national,29012.0,35.715833,139.512616,movable,representative_point,national,重要文化財,考古資料,,explicit_national_keyword
municipal_source,小金井市,文化財一覧,132101000000.0,https://www.opendata.metro.tokyo.lg.jp/koganei/02_bunkazai.csv,13Tokyo/raw/municipal/13210/data.csv,旧中村研一邸主屋,,,,小金井市,,小金井市,13210,登録有形文化財,建造物,national,43553.0,35.695083,139.51278,building_direct,building_candidate_point,national,登録有形文化財,建造物,,explicit_national_keyword
municipal_source,小金井市,文化財一覧,132101000000.0,https://www.opendata.metro.tokyo.lg.jp/koganei/02_bunkazai.csv,13Tokyo/raw/municipal/13210/data.csv,旧中村研一邸茶室(花侵庵),,,,小金井市,,小金井市,13210,登録有形文化財,建造物,national,43553.0,35.695083,139.51278,building_direct,building_candidate_point,national,登録有形文化財,建造物,,explicit_national_keyword
municipal_source,東村山市,東村山市文化財一覧,132136100036,https://service.api.metro.tokyo.lg.jp/api/t132136d3100000007-cd8068d3f2168d57872497ccab66cc1f-0/json,13Tokyo/raw/municipal/13213/data.json,正福寺地蔵堂,,,,,,東村山市,13213,国宝,国宝,national,1928-04-04,35.764093,139.459189,point,representative_point,national,国宝,,,explicit_national_keyword
municipal_source,国分寺市,文化財一覧,132144100001,https://service.api.metro.tokyo.lg.jp/api/t132144d3100000007-d25475b85243fb5db22e6fc42c9ee753-0/json,13Tokyo/raw/municipal/13214/data.json,木造薬師如来坐像,,,,,,国分寺市,13214,国指定文化財,美術工芸品,national,1914-04-17,35.69379,139.472076,movable,representative_point,national,国指定文化財,美術工芸品,,explicit_national_keyword
municipal_source,国分寺市,文化財一覧,132144100002,https://service.api.metro.tokyo.lg.jp/api/t132144d3100000007-d25475b85243fb5db22e6fc42c9ee753-0/json,13Tokyo/raw/municipal/13214/data.json,武蔵国分寺跡 附東山道武蔵路跡,,,,,,国分寺市,13214,国指定文化財,その他,national,1922-10-12,35.697105,139.469198,point,representative_point,national,国指定文化財,その他,,explicit_national_keyword
municipal_source,国分寺市,文化財一覧,132144100003,https://service.api.metro.tokyo.lg.jp/api/t132144d3100000007-d25475b85243fb5db22e6fc42c9ee753-0/json,13Tokyo/raw/municipal/13214/data.json,武蔵多喜窪遺跡第一号住居跡出土品,,,,,,国分寺市,13214,国指定文化財,その他,national,1975-06-12,35.69379,139.472076,point,representative_point,national,国指定文化財,その他,,explicit_national_keyword
municipal_source,国分寺市,文化財一覧,132144100004,https://service.api.metro.tokyo.lg.jp/api/t132144d3100000007-d25475b85243fb5db22e6fc42c9ee753-0/json,13Tokyo/raw/municipal/13214/data.json,殿ヶ谷戸庭園 (随冝園),,,,,,国分寺市,13214,国指定文化財,その他,national,2011-09-21,35.699116,139.481922,point,representative_point,national,国指定文化財,その他,,explicit_national_keyword
municipal_source,国分寺市,文化財一覧,132144100005,https://service.api.metro.tokyo.lg.jp/api/t132144d3100000007-d25475b85243fb5db22e6fc42c9ee753-0/json,13Tokyo/raw/municipal/13214/data.json,鍛金,,,,,,国分寺市,13214,国指定文化財,美術工芸品,national,2015-10-01,,,movable,representative_point,national,国指定文化財,工芸技術,,explicit_national_keyword
municipal_source,国分寺市,文化財一覧,132144100006,https://service.api.metro.tokyo.lg.jp/api/t132144d3100000007-d25475b85243fb5db22e6fc42c9ee753-0/json,13Tokyo/raw/municipal/13214/data.json,沖本家住宅洋館,,,,,,国分寺市,13214,国登録文化財,建造物,national,2021-10-14,35.71237,139.451255,building_direct,building_candidate_point,national,国登録文化財,建造物,,explicit_national_keyword
municipal_source,国分寺市,文化財一覧,132144100007,https://service.api.metro.tokyo.lg.jp/api/t132144d3100000007-d25475b85243fb5db22e6fc42c9ee753-0/json,13Tokyo/raw/municipal/13214/data.json,沖本家住宅和館,,,,,,国分寺市,13214,国登録文化財,建造物,national,2021-10-14,35.71237,139.451255,building_direct,building_candidate_point,national,国登録文化財,建造物,,explicit_national_keyword
municipal_source,国分寺市,文化財一覧,132144100008,https://service.api.metro.tokyo.lg.jp/api/t132144d3100000007-d25475b85243fb5db22e6fc42c9ee753-0/json,13Tokyo/raw/municipal/13214/data.json,銅造観世音菩薩立像,,,,,,国分寺市,13214,都指定文化財,美術工芸品,prefectural,1983-05-06,35.693874,139.472775,movable,representative_point,prefectural,都指定文化財,美術工芸品,,explicit_prefectural_keyword
municipal_source,国分寺市,文化財一覧,132144100009,https://service.api.metro.tokyo.lg.jp/api/t132144d3100000007-d25475b85243fb5db22e6fc42c9ee753-0/json,13Tokyo/raw/municipal/13214/data.json,武蔵国分寺跡出土の緑釉花文皿,,,,,,国分寺市,13214,都指定文化財,その他,prefectural,1990-03-22,35.693874,139.472775,point,representative_point,prefectural,都指定文化財,その他,,explicit_prefectural_keyword
municipal_source,国分寺市,文化財一覧,132144100010,https://service.api.metro.tokyo.lg.jp/api/t132144d3100000007-d25475b85243fb5db22e6fc42c9ee753-0/json,13Tokyo/raw/municipal/13214/data.json,唐草四獣文銅蓋,,,,,,国分寺市,13214,都指定文化財,その他,prefectural,1997-03-14,35.693874,139.472775,point,representative_point,prefectural,都指定文化財,その他,,explicit_prefectural_keyword
municipal_source,国分寺市,文化財一覧,132144100011,https://service.api.metro.tokyo.lg.jp/api/t132144d3100000007-d25475b85243fb5db22e6fc42c9ee753-0/json,13Tokyo/raw/municipal/13214/data.json,真姿の池湧水群,,,,,,国分寺市,13214,都指定文化財,その他,prefectural,1998-03-13,35.694085,139.473801,point,representative_point,prefectural,都指定文化財,その他,,explicit_prefectural_keyword
municipal_source,国立市,文化財一覧,132152100001,https://www.opendata.metro.tokyo.lg.jp/kunitachi/132152_cultural_property.csv,13Tokyo/raw/municipal/13215/data.csv,木造獅子狛犬,,谷保天満宮,,宗教法人谷保天満宮,,国立市,13215,重要文化財,美術工芸品,national,1948-04-01,35.679363,139.44395,movable,representative_point,national,重要文化財,彫刻,,explicit_national_keyword
municipal_source,国立市,文化財一覧,132152100002,https://www.opendata.metro.tokyo.lg.jp/kunitachi/132152_cultural_property.csv,13Tokyo/raw/municipal/13215/data.csv,木造扁額 額分「天満宮」,,谷保天満宮,,宗教法人谷保天満宮,,国立市,13215,重要文化財,美術工芸品,national,1950-05-01,35.679363,139.44395,movable,representative_point,national,重要文化財,工芸品,,explicit_national_keyword
municipal_source,国立市,文化財一覧,132152100003,https://www.opendata.metro.tokyo.lg.jp/kunitachi/132152_cultural_property.csv,13Tokyo/raw/municipal/13215/data.csv,石棒,,くにたち郷土文化館,,国立市,,国立市,13215,重要文化財,考古資料,national,2017-09-01,35.679006,139.432637,movable,representative_point,national,重要文化財,考古資料,,explicit_national_keyword
municipal_source,国立市,文化財一覧,132152100004,https://www.opendata.metro.tokyo.lg.jp/kunitachi/132152_cultural_property.csv,13Tokyo/raw/municipal/13215/data.csv,石棒東京都緑川東遺跡出土附深鉢形土器残欠,,くにたち郷土文化館,,国立市,,国立市,13215,重要文化財,美術工芸品,national,2017-09-01,35.679006,139.432637,movable,representative_point,national,重要文化財,美術工芸品,,explicit_national_keyword
municipal_source,国立市,文化財一覧,132152100005,https://www.opendata.metro.tokyo.lg.jp/kunitachi/132152_cultural_property.csv,13Tokyo/raw/municipal/13215/data.csv,一橋大学兼松講堂,,一橋大学,,国立大学法人一橋大学,,国立市,13215,国登録有形文化財,建造物,national,2000-09-01,35.695032,139.445413,building_direct,building_candidate_point,national,国登録有形文化財,建造物,,explicit_national_keyword
municipal_source,国立市,文化財一覧,132152100006,https://www.opendata.metro.tokyo.lg.jp/kunitachi/132152_cultural_property.csv,13Tokyo/raw/municipal/13215/data.csv,一橋大学旧門衛所,,一橋大学,,国立大学法人一橋大学,,国立市,13215,国登録有形文化財,建造物,national,2000-09-01,35.694441,139.445987,building_direct,building_candidate_point,national,国登録有形文化財,建造物,,explicit_national_keyword
municipal_source,国立市,文化財一覧,132152100007,https://www.opendata.metro.tokyo.lg.jp/kunitachi/132152_cultural_property.csv,13Tokyo/raw/municipal/13215/data.csv,一橋大学東本館,,一橋大学,,国立大学法人一橋大学,,国立市,13215,国登録有形文化財,建造物,national,2000-09-01,35.695449,139.447843,building_direct,building_candidate_point,national,国登録有形文化財,建造物,,explicit_national_keyword
municipal_source,国立市,文化財一覧,132152100008,https://www.opendata.metro.tokyo.lg.jp/kunitachi/132152_cultural_property.csv,13Tokyo/raw/municipal/13215/data.csv,滝乃川学園本館,,滝乃川学園,,社会福祉法人滝乃川学園,,国立市,13215,国登録有形文化財,建造物,national,2002-08-01,35.68096,139.429501,building_direct,building_candidate_point,national,国登録有形文化財,建造物,,explicit_national_keyword
municipal_source,国立市,文化財一覧,132152100009,https://www.opendata.metro.tokyo.lg.jp/kunitachi/132152_cultural_property.csv,13Tokyo/raw/municipal/13215/data.csv,谷保天満宮社叢,,谷保天満宮,,宗教法人谷保天満宮,,国立市,13215,東京都指定文化財,天然記念物,prefectural,1924-02-01,35.679338,139.443936,point,representative_point,prefectural,東京都指定文化財,天然記念物,,explicit_prefectural_keyword
municipal_source,国立市,文化財一覧,132152100010,https://www.opendata.metro.tokyo.lg.jp/kunitachi/132152_cultural_property.csv,13Tokyo/raw/municipal/13215/data.csv,三田氏館跡,,三田城址,,個人,,国立市,13215,東京都指定文化財,旧跡,prefectural,1944-03-01,35.679357,139.437806,point,representative_point,prefectural,東京都指定文化財,旧跡,,explicit_prefectural_keyword
municipal_source,国立市,文化財一覧,132152100011,https://www.opendata.metro.tokyo.lg.jp/kunitachi/132152_cultural_property.csv,13Tokyo/raw/municipal/13215/data.csv,伊藤単朴の墓,,,,個人,,国立市,13215,東京都指定文化財,旧跡,prefectural,1944-03-01,35.682853,139.419825,point,representative_point,prefectural,東京都指定文化財,旧跡,,explicit_prefectural_keyword
municipal_source,国立市,文化財一覧,132152100012,https://www.opendata.metro.tokyo.lg.jp/kunitachi/132152_cultural_property.csv,13Tokyo/raw/municipal/13215/data.csv,旧本田家住宅主屋・表門,,旧本田家住宅,,国立市,,国立市,13215,東京都指定有形文化財,建造物,prefectural,2020-03-01,35.678963,139.448255,building_direct,building_candidate_point,prefectural,東京都指定有形文化財,建造物,,explicit_prefectural_keyword
municipal_source,東大和市,文化財一覧,1.32209E+11,https://service.api.metro.tokyo.lg.jp/api/t132209d0000000007-32c2d6e41bbc339068a29cf1b6260c6d-0/json,13Tokyo/raw/municipal/13220/data.json,石皿,,,,,,東大和市,13220,市重宝,美術工芸品,national,,35.745358,139.426473,movable,representative_point,national,市重宝,重要文化財(美術工芸品),,explicit_national_keyword
municipal_source,東大和市,文化財一覧,1.32209E+11,https://service.api.metro.tokyo.lg.jp/api/t132209d0000000007-32c2d6e41bbc339068a29cf1b6260c6d-0/json,13Tokyo/raw/municipal/13220/data.json,徳川氏 御朱印状,,,,,,東大和市,13220,市重宝,美術工芸品,national,,,,movable,representative_point,national,市重宝,重要文化財(美術工芸品),,explicit_national_keyword
municipal_source,東大和市,文化財一覧,1.32209E+11,https://service.api.metro.tokyo.lg.jp/api/t132209d0000000007-32c2d6e41bbc339068a29cf1b6260c6d-0/json,13Tokyo/raw/municipal/13220/data.json,里正日誌,,,,,,東大和市,13220,市重宝,美術工芸品,national,,,,movable,representative_point,national,市重宝,重要文化財(美術工芸品),,explicit_national_keyword
municipal_source,東大和市,文化財一覧,1.32209E+11,https://service.api.metro.tokyo.lg.jp/api/t132209d0000000007-32c2d6e41bbc339068a29cf1b6260c6d-0/json,13Tokyo/raw/municipal/13220/data.json,上の台遺跡の石器,,,,,,東大和市,13220,市重宝,美術工芸品,national,,,,movable,representative_point,national,市重宝,重要文化財(美術工芸品),,explicit_national_keyword
municipal_source,東大和市,文化財一覧,1.32209E+11,https://service.api.metro.tokyo.lg.jp/api/t132209d0000000007-32c2d6e41bbc339068a29cf1b6260c6d-0/json,13Tokyo/raw/municipal/13220/data.json,八幡谷戸遺跡第4・5号住居跡の出土遺物,,,,,,東大和市,13220,市重宝,美術工芸品,national,,35.745358,139.426473,movable,representative_point,national,市重宝,重要文化財(美術工芸品),,explicit_national_keyword
municipal_source,東大和市,文化財一覧,1.32209E+11,https://service.api.metro.tokyo.lg.jp/api/t132209d0000000007-32c2d6e41bbc339068a29cf1b6260c6d-0/json,13Tokyo/raw/municipal/13220/data.json,豊鹿島神社本殿の木製狛犬,,,,,,東大和市,13220,市重宝,美術工芸品,national,,35.757913,139.412829,movable,representative_point,national,市重宝,重要文化財(美術工芸品),,explicit_national_keyword
municipal_source,東大和市,文化財一覧,1.32209E+11,https://service.api.metro.tokyo.lg.jp/api/t132209d0000000007-32c2d6e41bbc339068a29cf1b6260c6d-0/json,13Tokyo/raw/municipal/13220/data.json,豊鹿島神社の獅子頭,,,,,,東大和市,13220,市重宝,美術工芸品,national,,35.757913,139.412829,movable,representative_point,national,市重宝,重要文化財(美術工芸品),,explicit_national_keyword
municipal_source,東大和市,文化財一覧,1.32209E+11,https://service.api.metro.tokyo.lg.jp/api/t132209d0000000007-32c2d6e41bbc339068a29cf1b6260c6d-0/json,13Tokyo/raw/municipal/13220/data.json,慶性院の水天像,,,,,,東大和市,13220,市重宝,美術工芸品,national,,35.749772,139.411606,movable,representative_point,national,市重宝,重要文化財(美術工芸品),,explicit_national_keyword
municipal_source,東大和市,文化財一覧,1.32209E+11,https://service.api.metro.tokyo.lg.jp/api/t132209d0000000007-32c2d6e41bbc339068a29cf1b6260c6d-0/json,13Tokyo/raw/municipal/13220/data.json,高木獅子舞の旧獅子頭,,,,,,東大和市,13220,市重宝,美術工芸品,national,,,,movable,representative_point,national,市重宝,重要文化財(美術工芸品),,explicit_national_keyword
municipal_source,東大和市,文化財一覧,1.32209E+11,https://service.api.metro.tokyo.lg.jp/api/t132209d0000000007-32c2d6e41bbc339068a29cf1b6260c6d-0/json,13Tokyo/raw/municipal/13220/data.json,鹿島台遺跡 住居跡の出土遺物,,,,,,東大和市,13220,市重宝,美術工芸品,national,,35.745358,139.426473,movable,representative_point,national,市重宝,重要文化財(美術工芸品),,explicit_national_keyword
municipal_source,東大和市,文化財一覧,1.32209E+11,https://service.api.metro.tokyo.lg.jp/api/t132209d0000000007-32c2d6e41bbc339068a29cf1b6260c6d-0/json,13Tokyo/raw/municipal/13220/data.json,徳川氏御朱印状(氷川神社宛),,,,,,東大和市,13220,市重宝,美術工芸品,national,,,,movable,representative_point,national,市重宝,重要文化財(美術工芸品),,explicit_national_keyword
municipal_source,東大和市,文化財一覧,1.32209E+11,https://service.api.metro.tokyo.lg.jp/api/t132209d0000000007-32c2d6e41bbc339068a29cf1b6260c6d-0/json,13Tokyo/raw/municipal/13220/data.json,永仁二年銘の弥陀種子板碑,,,,,,東大和市,13220,市重宝,美術工芸品,national,,35.745358,139.426473,movable,representative_point,national,市重宝,重要文化財(美術工芸品),,explicit_national_keyword
municipal_source,東大和市,文化財一覧,1.32209E+11,https://service.api.metro.tokyo.lg.jp/api/t132209d0000000007-32c2d6e41bbc339068a29cf1b6260c6d-0/json,13Tokyo/raw/municipal/13220/data.json,旧高木村名主 宮鍋家文書,,,,,,東大和市,13220,市重宝,美術工芸品,national,,,,movable,representative_point,national,市重宝,重要文化財(美術工芸品),,explicit_national_keyword
municipal_source,東大和市,文化財一覧,1.32209E+11,https://service.api.metro.tokyo.lg.jp/api/t132209d0000000007-32c2d6e41bbc339068a29cf1b6260c6d-0/json,13Tokyo/raw/municipal/13220/data.json,狭山の栞 紙型(しけい)及び挿図判,,,,,,東大和市,13220,市重宝,美術工芸品,national,,,,movable,representative_point,national,市重宝,重要文化財(美術工芸品),,explicit_national_keyword
municipal_source,東久留米市,文化財一覧,132000000000.0,https://www.opendata.metro.tokyo.lg.jp/higashikurume/132225_cultural_property.csv,13Tokyo/raw/municipal/13222/data.csv,村野家住宅主屋,,,,,,東久留米市,13222,登録有形文化財(建造物),建造物,national,2011/1/26,35.747233,139.490126,building_direct,building_candidate_point,national,登録有形文化財(建造物),,,explicit_national_keyword
municipal_source,東久留米市,文化財一覧,132000000000.0,https://www.opendata.metro.tokyo.lg.jp/higashikurume/132225_cultural_property.csv,13Tokyo/raw/municipal/13222/data.csv,村野家住宅離れ,,,,,,東久留米市,13222,登録有形文化財(建造物),建造物,national,2011/1/26,35.747233,139.490126,building_direct,building_candidate_point,national,登録有形文化財(建造物),,,explicit_national_keyword
municipal_source,東久留米市,文化財一覧,132000000000.0,https://www.opendata.metro.tokyo.lg.jp/higashikurume/132225_cultural_property.csv,13Tokyo/raw/municipal/13222/data.csv,村野家住宅土蔵,,,,,,東久留米市,13222,登録有形文化財(建造物),建造物,national,2011/1/26,35.747233,139.490126,building_direct,building_candidate_point,national,登録有形文化財(建造物),,,explicit_national_keyword
municipal_source,東久留米市,文化財一覧,132000000000.0,https://www.opendata.metro.tokyo.lg.jp/higashikurume/132225_cultural_property.csv,13Tokyo/raw/municipal/13222/data.csv,村野家住宅穀蔵,,,,,,東久留米市,13222,登録有形文化財(建造物),建造物,national,2011/1/26,35.747233,139.490126,building_direct,building_candidate_point,national,登録有形文化財(建造物),,,explicit_national_keyword
municipal_source,東久留米市,文化財一覧,132000000000.0,https://www.opendata.metro.tokyo.lg.jp/higashikurume/132225_cultural_property.csv,13Tokyo/raw/municipal/13222/data.csv,村野家住宅新蔵,,,,,,東久留米市,13222,登録有形文化財(建造物),建造物,national,2011/1/26,35.747233,139.490126,building_direct,building_candidate_point,national,登録有形文化財(建造物),,,explicit_national_keyword
municipal_source,東久留米市,文化財一覧,132000000000.0,https://www.opendata.metro.tokyo.lg.jp/higashikurume/132225_cultural_property.csv,13Tokyo/raw/municipal/13222/data.csv,村野家住宅薬医門,,,,,,東久留米市,13222,登録有形文化財(建造物),建造物,national,2011/1/26,35.747233,139.490126,building_direct,building_candidate_point,national,登録有形文化財(建造物),,,explicit_national_keyword
municipal_source,東久留米市,文化財一覧,132000000000.0,https://www.opendata.metro.tokyo.lg.jp/higashikurume/132225_cultural_property.csv,13Tokyo/raw/municipal/13222/data.csv,村野家住宅中雀門,,,,,,東久留米市,13222,登録有形文化財(建造物),建造物,national,2011/1/26,35.747233,139.490126,building_direct,building_candidate_point,national,登録有形文化財(建造物),,,explicit_national_keyword
municipal_source,あきる野市,文化財一覧,1,https://www.city.akiruno.tokyo.jp/cmsfiles/contents/0000015/15465/132284_cultural_property2022.csv,13Tokyo/raw/municipal/13228/data.csv,木造伝阿弥陀如来及び脇侍 千手観世音菩薩・勢至菩薩 坐像,,大悲願寺,,(宗)大悲願寺,あきる野市横沢134,あきる野市,13228,重要文化財,美術工芸品,national,1928/8/17,35.732374,139.241529,movable,representative_point,national,重要文化財,美術工芸品,,explicit_national_keyword
municipal_source,あきる野市,文化財一覧,3,https://www.city.akiruno.tokyo.jp/cmsfiles/contents/0000015/15465/132284_cultural_property2022.csv,13Tokyo/raw/municipal/13228/data.csv,真照寺薬師堂,,真照寺,,(宗)真照寺,あきる野市引田863,あきる野市,13228,都指定有形文化財,建造物,prefectural,1953/11/3,35.721895,139.268324,building_direct,building_candidate_point,prefectural,都指定有形文化財,建造物,,explicit_prefectural_keyword
municipal_source,あきる野市,文化財一覧,4,https://www.city.akiruno.tokyo.jp/cmsfiles/contents/0000015/15465/132284_cultural_property2022.csv,13Tokyo/raw/municipal/13228/data.csv,大悲願寺本堂,,大悲願寺,,(宗)大悲願寺,あきる野市横沢134,あきる野市,13228,都指定有形文化財,建造物,prefectural,1978/3/16,35.732374,139.241529,building_direct,building_candidate_point,prefectural,都指定有形文化財,建造物,,explicit_prefectural_keyword
municipal_source,あきる野市,文化財一覧,5,https://www.city.akiruno.tokyo.jp/cmsfiles/contents/0000015/15465/132284_cultural_property2022.csv,13Tokyo/raw/municipal/13228/data.csv,小机家住宅,,,,個人,,あきる野市,13228,都指定有形文化財,建造物,prefectural,1987/2/24,,,building_direct,building_candidate_point,prefectural,都指定有形文化財,建造物,,explicit_prefectural_keyword
municipal_source,あきる野市,文化財一覧,6,https://www.city.akiruno.tokyo.jp/cmsfiles/contents/0000015/15465/132284_cultural_property2022.csv,13Tokyo/raw/municipal/13228/data.csv,木造釈迦如来坐像,,光厳寺,,(宗)光厳寺,あきる野市戸倉328,あきる野市,13228,都指定有形文化財,美術工芸品,prefectural,1952/11/3,35.725616,139.20214,movable,representative_point,prefectural,都指定有形文化財,彫刻,,explicit_prefectural_keyword
municipal_source,あきる野市,文化財一覧,7,https://www.city.akiruno.tokyo.jp/cmsfiles/contents/0000015/15465/132284_cultural_property2022.csv,13Tokyo/raw/municipal/13228/data.csv,大般若経,,大悲願寺,,(宗)大悲願寺,あきる野市横沢134,あきる野市,13228,都指定有形文化財,典籍,prefectural,1968/1/6,35.732374,139.241529,movable,representative_point,prefectural,都指定有形文化財,典籍,,explicit_prefectural_keyword
municipal_source,あきる野市,文化財一覧,8,https://www.city.akiruno.tokyo.jp/cmsfiles/contents/0000015/15465/132284_cultural_property2022.csv,13Tokyo/raw/municipal/13228/data.csv,網代文書,,,,個人,,あきる野市,13228,都指定有形文化財,古文書,prefectural,1981/3/12,,,movable,representative_point,prefectural,都指定有形文化財,古文書,,explicit_prefectural_keyword
municipal_source,あきる野市,文化財一覧,9,https://www.city.akiruno.tokyo.jp/cmsfiles/contents/0000015/15465/132284_cultural_property2022.csv,13Tokyo/raw/municipal/13228/data.csv,旧多摩郡油平村名主中村家文書,,五日市郷土館,,あきる野市,あきる野市五日市920-1,あきる野市,13228,都指定有形文化財,古文書,prefectural,1984/3/23,35.728429,139.216982,movable,representative_point,prefectural,都指定有形文化財,古文書,,explicit_prefectural_keyword
municipal_source,あきる野市,文化財一覧,10,https://www.city.akiruno.tokyo.jp/cmsfiles/contents/0000015/15465/132284_cultural_property2022.csv,13Tokyo/raw/municipal/13228/data.csv,旧多摩郡伊奈村名主石川家文書,,,,個人,,あきる野市,13228,都指定有形文化財,古文書,prefectural,1985/3/18,,,movable,representative_point,prefectural,都指定有形文化財,古文書,,explicit_prefectural_keyword
municipal_source,あきる野市,文化財一覧,11,https://www.city.akiruno.tokyo.jp/cmsfiles/contents/0000015/15465/132284_cultural_property2022.csv,13Tokyo/raw/municipal/13228/data.csv,大悲願寺文書,,大悲願寺,,(宗)大悲願寺,あきる野市横沢134,あきる野市,13228,都指定有形文化財,古文書,prefectural,1996/3/18,35.732374,139.241529,movable,representative_point,prefectural,都指定有形文化財,古文書,,explicit_prefectural_keyword
municipal_source,あきる野市,文化財一覧,12,https://www.city.akiruno.tokyo.jp/cmsfiles/contents/0000015/15465/132284_cultural_property2022.csv,13Tokyo/raw/municipal/13228/data.csv,五日市憲法草案,,中央図書館(寄託),,個人,あきる野市秋川1-16-2,あきる野市,13228,都指定有形文化財,古文書,prefectural,1983/5/6,35.730708,139.288733,movable,representative_point,prefectural,都指定有形文化財,古文書,,explicit_prefectural_keyword
municipal_source,あきる野市,文化財一覧,13,https://www.city.akiruno.tokyo.jp/cmsfiles/contents/0000015/15465/132284_cultural_property2022.csv,13Tokyo/raw/municipal/13228/data.csv,田中丘隅回向墓,,広済寺,,(宗)広済寺,あきる野市平沢732,あきる野市,13228,都指定有形文化財,歴史資料,prefectural,1998/3/13,35.730489,139.315052,point,representative_point,prefectural,都指定有形文化財,歴史資料,,explicit_prefectural_keyword
municipal_source,あきる野市,文化財一覧,14,https://www.city.akiruno.tokyo.jp/cmsfiles/contents/0000015/15465/132284_cultural_property2022.csv,13Tokyo/raw/municipal/13228/data.csv,軍道紙,,,,軍道紙保存会,あきる野市乙津266・あきる野市乙津671,あきる野市,13228,都指定無形文化財,美術工芸品,prefectural,1990/3/22,35.728618,139.187666,movable,representative_point,prefectural,都指定無形文化財,工芸技術,,explicit_prefectural_keyword
municipal_source,あきる野市,文化財一覧,15,https://www.city.akiruno.tokyo.jp/cmsfiles/contents/0000015/15465/132284_cultural_property2022.csv,13Tokyo/raw/municipal/13228/data.csv,菅生の組立舞台,,,,菅生組立舞台保存会,あきる野市菅生1336,あきる野市,13228,都指定有形民俗文化財,都指定有形民俗文化財,prefectural,1975/2/6,35.746731,139.289732,point,representative_point,prefectural,都指定有形民俗文化財,,,explicit_prefectural_keyword
municipal_source,あきる野市,文化財一覧,16,https://www.city.akiruno.tokyo.jp/cmsfiles/contents/0000015/15465/132284_cultural_property2022.csv,13Tokyo/raw/municipal/13228/data.csv,猿曳駒絵馬,,真照寺,,(宗)真照寺,あきる野市引田863,あきる野市,13228,都指定有形民俗文化財,都指定有形民俗文化財,prefectural,2016/3/24,35.721902,139.268241,point,representative_point,prefectural,都指定有形民俗文化財,,,explicit_prefectural_keyword
municipal_source,あきる野市,文化財一覧,17,https://www.city.akiruno.tokyo.jp/cmsfiles/contents/0000015/15465/132284_cultural_property2022.csv,13Tokyo/raw/municipal/13228/data.csv,秋川歌舞伎,,,,秋川歌舞伎保存会,,あきる野市,13228,都指定無形民俗文化財,都指定無形民俗文化財,prefectural,2000/3/6,,,point,representative_point,prefectural,都指定無形民俗文化財,,,explicit_prefectural_keyword
municipal_source,あきる野市,文化財一覧,18,https://www.city.akiruno.tokyo.jp/cmsfiles/contents/0000015/15465/132284_cultural_property2022.csv,13Tokyo/raw/municipal/13228/data.csv,菅生歌舞伎,,,,菅生歌舞伎菅生一座,,あきる野市,13228,都指定無形民俗文化財,都指定無形民俗文化財,prefectural,2014/3/25,,,point,representative_point,prefectural,都指定無形民俗文化財,,,explicit_prefectural_keyword
municipal_source,あきる野市,文化財一覧,19,https://www.city.akiruno.tokyo.jp/cmsfiles/contents/0000015/15465/132284_cultural_property2022.csv,13Tokyo/raw/municipal/13228/data.csv,広徳寺境域,,広徳寺,,(宗)広徳寺、あきる野市,あきる野市小和田234,あきる野市,13228,都指定史跡,史跡,prefectural,1978/3/16,35.721875,139.21736,point,representative_point,prefectural,都指定史跡,,,explicit_prefectural_keyword
municipal_source,あきる野市,文化財一覧,20,https://www.city.akiruno.tokyo.jp/cmsfiles/contents/0000015/15465/132284_cultural_property2022.csv,13Tokyo/raw/municipal/13228/data.csv,深沢家屋敷跡,,,,個人,あきる野市深沢7,あきる野市,13228,都指定史跡,史跡,prefectural,1983/5/6,35.750161,139.205403,point,representative_point,prefectural,都指定史跡,,,explicit_prefectural_keyword
municipal_source,あきる野市,文化財一覧,21,https://www.city.akiruno.tokyo.jp/cmsfiles/contents/0000015/15465/132284_cultural_property2022.csv,13Tokyo/raw/municipal/13228/data.csv,前田耕地遺跡,,,,あきる野市,あきる野市野辺1-1他,あきる野市,13228,都指定史跡,史跡,prefectural,1988/2/22,35.723982,139.316109,point,representative_point,prefectural,都指定史跡,,,explicit_prefectural_keyword
municipal_source,あきる野市,文化財一覧,22,https://www.city.akiruno.tokyo.jp/cmsfiles/contents/0000015/15465/132284_cultural_property2022.csv,13Tokyo/raw/municipal/13228/data.csv,戸倉城跡,,,,(宗)光厳寺他,あきる野市戸倉328-1他,あきる野市,13228,都指定史跡,史跡,prefectural,1993/3/22,35.725616,139.20214,point,representative_point,prefectural,都指定史跡,,,explicit_prefectural_keyword
municipal_source,あきる野市,文化財一覧,23,https://www.city.akiruno.tokyo.jp/cmsfiles/contents/0000015/15465/132284_cultural_property2022.csv,13Tokyo/raw/municipal/13228/data.csv,瀬戸岡古墳群,,,,あきる野市他,あきる野市瀬戸岡398他,あきる野市,13228,都指定史跡,史跡,prefectural,2006/3/16,,,point,representative_point,prefectural,都指定史跡,,,explicit_prefectural_keyword
municipal_source,あきる野市,文化財一覧,24,https://www.city.akiruno.tokyo.jp/cmsfiles/contents/0000015/15465/132284_cultural_property2022.csv,13Tokyo/raw/municipal/13228/data.csv,大塚古墳,,,,個人,あきる野市雨間232,あきる野市,13228,都指定旧跡,都指定旧跡,prefectural,1926/5/1,35.727323,139.289955,point,representative_point,prefectural,都指定旧跡,,,explicit_prefectural_keyword
municipal_source,あきる野市,文化財一覧,25,https://www.city.akiruno.tokyo.jp/cmsfiles/contents/0000015/15465/132284_cultural_property2022.csv,13Tokyo/raw/municipal/13228/data.csv,二宮神社並びに城跡,,二宮神社,,(宗)二宮神社,あきる野市二宮2252,あきる野市,13228,都指定旧跡,都指定旧跡,prefectural,1926/5/1,35.726873,139.3136,point,representative_point,prefectural,都指定旧跡,,,explicit_prefectural_keyword
municipal_source,あきる野市,文化財一覧,26,https://www.city.akiruno.tokyo.jp/cmsfiles/contents/0000015/15465/132284_cultural_property2022.csv,13Tokyo/raw/municipal/13228/data.csv,草花石器時代住居跡,,,,個人,あきる野市草花1371,あきる野市,13228,都指定旧跡,都指定旧跡,prefectural,1938/2/1,35.740299,139.30717,point,representative_point,prefectural,都指定旧跡,,,explicit_prefectural_keyword
municipal_source,あきる野市,文化財一覧,27,https://www.city.akiruno.tokyo.jp/cmsfiles/contents/0000015/15465/132284_cultural_property2022.csv,13Tokyo/raw/municipal/13228/data.csv,羽ケ田石器時代住居跡,,,,個人,あきる野市草花2859・あきる野市草花2865,あきる野市,13228,都指定旧跡,都指定旧跡,prefectural,1938/2/1,35.74156,139.298237,point,representative_point,prefectural,都指定旧跡,,,explicit_prefectural_keyword
municipal_source,あきる野市,文化財一覧,28,https://www.city.akiruno.tokyo.jp/cmsfiles/contents/0000015/15465/132284_cultural_property2022.csv,13Tokyo/raw/municipal/13228/data.csv,奥御岳景園地,,,,武蔵御岳神社ほか,あきる野市養沢1600-5他,あきる野市,13228,都指定名勝,名勝,prefectural,2000/3/6,35.752585,139.180715,point,representative_point,prefectural,都指定名勝,,,explicit_prefectural_keyword
municipal_source,あきる野市,文化財一覧,29,https://www.city.akiruno.tokyo.jp/cmsfiles/contents/0000015/15465/132284_cultural_property2022.csv,13Tokyo/raw/municipal/13228/data.csv,広徳寺のタラヨウ,,広徳寺,,(宗)広徳寺,あきる野市小和田234,あきる野市,13228,都指定天然記念物,天然記念物,prefectural,1952/11/3,35.721875,139.21736,point,representative_point,prefectural,都指定天然記念物,,,explicit_prefectural_keyword
municipal_source,あきる野市,文化財一覧,30,https://www.city.akiruno.tokyo.jp/cmsfiles/contents/0000015/15465/132284_cultural_property2022.csv,13Tokyo/raw/municipal/13228/data.csv,広徳寺のカヤ,,広徳寺,,(宗)広徳寺,あきる野市小和田234,あきる野市,13228,都指定天然記念物,天然記念物,prefectural,1952/11/3,35.721875,139.21736,point,representative_point,prefectural,都指定天然記念物,,,explicit_prefectural_keyword
municipal_source,あきる野市,文化財一覧,31,https://www.city.akiruno.tokyo.jp/cmsfiles/contents/0000015/15465/132284_cultural_property2022.csv,13Tokyo/raw/municipal/13228/data.csv,大岳鍾乳洞,,,,個人,あきる野市養沢1587,あきる野市,13228,都指定天然記念物,天然記念物,prefectural,1966/3/17,35.76245,139.155758,point,representative_point,prefectural,都指定天然記念物,,,explicit_prefectural_keyword
municipal_source,あきる野市,文化財一覧,32,https://www.city.akiruno.tokyo.jp/cmsfiles/contents/0000015/15465/132284_cultural_property2022.csv,13Tokyo/raw/municipal/13228/data.csv,南沢の鳥ノ巣石灰岩産地,,,,個人,あきる野市深沢376他,あきる野市,13228,都指定天然記念物,天然記念物,prefectural,1967/3/31,35.750161,139.205403,point,representative_point,prefectural,都指定天然記念物,,,explicit_prefectural_keyword
municipal_source,あきる野市,文化財一覧,33,https://www.city.akiruno.tokyo.jp/cmsfiles/contents/0000015/15465/132284_cultural_property2022.csv,13Tokyo/raw/municipal/13228/data.csv,六枚屏風岩,,,,東京サマーランド,あきる野市引田1774,あきる野市,13228,都指定天然記念物,天然記念物,prefectural,1972/4/19,35.724439,139.268021,point,representative_point,prefectural,都指定天然記念物,,,explicit_prefectural_keyword
municipal_source,あきる野市,文化財一覧,34,https://www.city.akiruno.tokyo.jp/cmsfiles/contents/0000015/15465/132284_cultural_property2022.csv,13Tokyo/raw/municipal/13228/data.csv,慈勝寺のモッコク,,慈勝寺,,(宗)慈勝寺,あきる野市草花1811,あきる野市,13228,都指定天然記念物,天然記念物,prefectural,1974/8/1,35.741641,139.312086,point,representative_point,prefectural,都指定天然記念物,,,explicit_prefectural_keyword
municipal_source,あきる野市,文化財一覧,35,https://www.city.akiruno.tokyo.jp/cmsfiles/contents/0000015/15465/132284_cultural_property2022.csv,13Tokyo/raw/municipal/13228/data.csv,光厳寺のヤマザクラ,,光厳寺,,(宗)光厳寺,あきる野市戸倉2102のイ他,あきる野市,13228,都指定天然記念物,天然記念物,prefectural,1993/3/22,35.727333,139.205064,point,representative_point,prefectural,都指定天然記念物,,,explicit_prefectural_keyword
municipal_source,あきる野市,文化財一覧,36,https://www.city.akiruno.tokyo.jp/cmsfiles/contents/0000015/15465/132284_cultural_property2022.csv,13Tokyo/raw/municipal/13228/data.csv,地蔵院のカゴノキ,,地蔵院,,(宗)地蔵院,あきる野市雨間1109,あきる野市,13228,都指定天然記念物,天然記念物,prefectural,2008/3/26,35.727323,139.289955,point,representative_point,prefectural,都指定天然記念物,,,explicit_prefectural_keyword
municipal_source,あきる野市,文化財一覧,147,https://www.city.akiruno.tokyo.jp/cmsfiles/contents/0000015/15465/132284_cultural_property2022.csv,13Tokyo/raw/municipal/13228/data.csv,森田家住宅主屋,,,,個人,あきる野市小川633-1,あきる野市,13228,登録有形文化財,建造物,national,2013/12/24,35.721158,139.316364,building_direct,building_candidate_point,national,登録有形文化財,建造物,,explicit_national_keyword
municipal_source,あきる野市,文化財一覧,148,https://www.city.akiruno.tokyo.jp/cmsfiles/contents/0000015/15465/132284_cultural_property2022.csv,13Tokyo/raw/municipal/13228/data.csv,森田家住宅見世蔵,,,,個人,あきる野市小川633-1,あきる野市,13228,登録有形文化財,建造物,national,2013/12/24,35.721158,139.316364,building_direct,building_candidate_point,national,登録有形文化財,建造物,,explicit_national_keyword
municipal_source,あきる野市,文化財一覧,149,https://www.city.akiruno.tokyo.jp/cmsfiles/contents/0000015/15465/132284_cultural_property2022.csv,13Tokyo/raw/municipal/13228/data.csv,森田家住宅前の蔵,,,,個人,あきる野市小川633-1,あきる野市,13228,登録有形文化財,建造物,national,2013/12/24,35.721158,139.316364,building_direct,building_candidate_point,national,登録有形文化財,建造物,,explicit_national_keyword
municipal_source,あきる野市,文化財一覧,150,https://www.city.akiruno.tokyo.jp/cmsfiles/contents/0000015/15465/132284_cultural_property2022.csv,13Tokyo/raw/municipal/13228/data.csv,森田家住宅味噌蔵,,,,個人,あきる野市小川633-1,あきる野市,13228,登録有形文化財,建造物,national,2013/12/24,35.721158,139.316364,building_direct,building_candidate_point,national,登録有形文化財,建造物,,explicit_national_keyword
municipal_source,あきる野市,文化財一覧,151,https://www.city.akiruno.tokyo.jp/cmsfiles/contents/0000015/15465/132284_cultural_property2022.csv,13Tokyo/raw/municipal/13228/data.csv,森田家住宅西蔵,,,,個人,あきる野市小川633-1,あきる野市,13228,登録有形文化財,建造物,national,2013/12/24,35.721158,139.316364,building_direct,building_candidate_point,national,登録有形文化財,建造物,,explicit_national_keyword
municipal_source,あきる野市,文化財一覧,152,https://www.city.akiruno.tokyo.jp/cmsfiles/contents/0000015/15465/132284_cultural_property2022.csv,13Tokyo/raw/municipal/13228/data.csv,森田家住宅旧米蔵,,,,個人,あきる野市小川633-1,あきる野市,13228,登録有形文化財,建造物,national,2013/12/24,35.721158,139.316364,building_direct,building_candidate_point,national,登録有形文化財,建造物,,explicit_national_keyword
municipal_source,あきる野市,文化財一覧,153,https://www.city.akiruno.tokyo.jp/cmsfiles/contents/0000015/15465/132284_cultural_property2022.csv,13Tokyo/raw/municipal/13228/data.csv,森田家住宅御看経堂,,,,個人,あきる野市小川633-1,あきる野市,13228,登録有形文化財,建造物,national,2013/12/24,35.721158,139.316364,building_direct,building_candidate_point,national,登録有形文化財,建造物,,explicit_national_keyword
municipal_source,あきる野市,文化財一覧,154,https://www.city.akiruno.tokyo.jp/cmsfiles/contents/0000015/15465/132284_cultural_property2022.csv,13Tokyo/raw/municipal/13228/data.csv,森田家住宅門,,,,個人,あきる野市小川633-1,あきる野市,13228,登録有形文化財,建造物,national,2013/12/24,35.721158,139.316364,building_direct,building_candidate_point,national,登録有形文化財,建造物,,explicit_national_keyword
municipal_source,あきる野市,文化財一覧,155,https://www.city.akiruno.tokyo.jp/cmsfiles/contents/0000015/15465/132284_cultural_property2022.csv,13Tokyo/raw/municipal/13228/data.csv,森田家住宅板塀,,,,個人,あきる野市小川633-1,あきる野市,13228,登録有形文化財,建造物,national,2013/12/24,35.721158,139.316364,building_direct,building_candidate_point,national,登録有形文化財,建造物,,explicit_national_keyword
