record_id,source_id,source_role,source_tier,facility_name_raw,facility_name_normalized,municipality_code,municipality_name,postal_code,address,phone,official_url,facility_type,museum_law_status,record_status,retrieved_at,source_url,notes
REC-2d76a67a059e,bunka_museum_guide,core,A,◎三菱一号館美術館,三菱一号館美術館,13101,千代田区,,,,https://mimt.jp/,museum,registered,core_registered,2026-09-04T16:20:12+00:00,https://museum.bunka.go.jp/guide/,
REC-b2f617bc64c4,bunka_museum_guide,core,A,◎共立女子大学博物館,共立女子大学博物館,13101,千代田区,,,,https://www.kyoritsu-wu.ac.jp/muse/,museum,registered,core_registered,2026-09-04T16:20:12+00:00,https://museum.bunka.go.jp/guide/,
REC-70e538bc0f88,bunka_museum_guide,core,A,出光美術館,出光美術館,13101,千代田区,,,,http://idemitsu-museum.or.jp/,museum,registered,core_registered,2026-09-04T16:20:12+00:00,https://museum.bunka.go.jp/guide/,
REC-50e123153232,bunka_museum_guide,core,A,大妻女子大学博物館,大妻女子大学博物館,13101,千代田区,,,,https://www.museum.otsuma.ac.jp/,museum,designated_facility,core_designated,2026-09-04T16:20:12+00:00,https://museum.bunka.go.jp/guide/,
REC-fa91060b74c5,bunka_museum_guide,core,A,日本カメラ博物館,日本カメラ博物館,13101,千代田区,,,,https://www.jcii-cameramuseum.jp/,museum,registered,core_registered,2026-09-04T16:20:12+00:00,https://museum.bunka.go.jp/guide/,
REC-73cf8f355b59,bunka_museum_guide,core,A,◎明治大学博物館,明治大学博物館,13101,千代田区,,,,https://www.meiji.ac.jp/museum/,museum,registered,core_registered,2026-09-04T16:20:12+00:00,https://museum.bunka.go.jp/guide/,
REC-28a13ea48f9c,bunka_museum_guide,core,A,東京ステーションギャラリー,東京ステーションギャラリー,13101,千代田区,,,,https://www.ejrcf.or.jp/gallery/index.asp,museum,registered,core_registered,2026-09-04T16:20:12+00:00,https://museum.bunka.go.jp/guide/,
REC-417677defe7d,bunka_museum_guide,core,A,〇東京国立近代美術館,東京国立近代美術館,13101,千代田区,,,,https://www.momat.go.jp/,museum,designated_facility,core_designated,2026-09-04T16:20:12+00:00,https://museum.bunka.go.jp/guide/,
REC-de649a17bcb9,bunka_museum_guide,core,A,〇皇居三の丸尚蔵館,皇居三の丸尚蔵館,13101,千代田区,,,,https://shozokan.nich.go.jp/,museum,designated_facility,core_designated,2026-09-04T16:20:12+00:00,https://museum.bunka.go.jp/guide/,
REC-a75cd828f017,bunka_museum_guide,core,A,科学技術館,科学技術館,13101,千代田区,,,,https://www.jsf.or.jp/,museum,registered,core_registered,2026-09-04T16:20:12+00:00,https://museum.bunka.go.jp/guide/,
REC-821112ac5321,bunka_museum_guide,core,A,静嘉堂文庫美術館,静嘉堂文庫美術館,13101,千代田区,,,,https://www.seikado.or.jp/,museum,registered,core_registered,2026-09-04T16:20:12+00:00,https://museum.bunka.go.jp/guide/,
REC-bccf0e2a87d0,bunka_museum_guide,core,A,アーティゾン美術館,アーティゾン美術館,13102,中央区,,,,https://www.artizon.museum/,museum,registered,core_registered,2026-09-04T16:20:12+00:00,https://museum.bunka.go.jp/guide/,
REC-1d5e5666a426,bunka_museum_guide,core,A,三井記念美術館,三井記念美術館,13102,中央区,,,,https://www.mitsui-museum.jp/,museum,registered,core_registered,2026-09-04T16:20:12+00:00,https://museum.bunka.go.jp/guide/,
REC-cffc9cbc0e62,bunka_museum_guide,core,A,〇国立映画アーカイブ,国立映画アーカイブ,13102,中央区,,,,https://www.nfaj.go.jp/,museum,designated_facility,core_designated,2026-09-04T16:20:12+00:00,https://museum.bunka.go.jp/guide/,
REC-bb4c2585124e,bunka_museum_guide,core,A,ＮＨＫ放送博物館,nhk放送博物館,13103,港区,,,,http://www.nhk.or.jp/museum/,museum,registered,core_registered,2026-09-04T16:20:12+00:00,https://museum.bunka.go.jp/guide/,
REC-93f6cb99832c,bunka_museum_guide,core,A,◎お茶の文化創造博物館,お茶の文化創造博物館,13103,港区,,,,https://www.ochamuseum.jp/culture/,museum,registered,core_registered,2026-09-04T16:20:12+00:00,https://museum.bunka.go.jp/guide/,
REC-4b832fb8c498,bunka_museum_guide,core,A,アドミュージアム東京,アドミュージアム東京,13103,港区,,,,https://www.admt.jp/,museum,designated_facility,core_designated,2026-09-04T16:20:12+00:00,https://museum.bunka.go.jp/guide/,
REC-928b47c92e52,bunka_museum_guide,core,A,パナソニック汐留美術館,パナソニック汐留美術館,13103,港区,,,,https://panasonic.co.jp/ew/museum/,museum,designated_facility,core_designated,2026-09-04T16:20:12+00:00,https://museum.bunka.go.jp/guide/,
REC-cb2c87e84c9c,bunka_museum_guide,core,A,◎マクセルアクアパーク品川,マクセルアクアパーク品川,13103,港区,,,,https://www.aqua-park.jp/aqua/index.html,museum,registered,core_registered,2026-09-04T16:20:12+00:00,https://museum.bunka.go.jp/guide/,
REC-f649f3439c4b,bunka_museum_guide,core,A,○北里柴三郎記念博物館,北里柴三郎記念博物館,13103,港区,,,,https://www.kitasato.ac.jp/jp/kinen-shitsu/index.html,museum,designated_facility,core_designated,2026-09-04T16:20:12+00:00,https://museum.bunka.go.jp/guide/,
REC-49602f6e9897,bunka_museum_guide,core,A,◎大倉集古館,大倉集古館,13103,港区,,,,https://www.shukokan.org/,museum,registered,core_registered,2026-09-04T16:20:12+00:00,https://museum.bunka.go.jp/guide/,
REC-1f83d7df3da8,bunka_museum_guide,core,A,◎慶應義塾大学アート・センター,慶應義塾大学アートセンター,13103,港区,,,,http://www.art-c.keio.ac.jp/,museum,registered,core_registered,2026-09-04T16:20:12+00:00,https://museum.bunka.go.jp/guide/,
REC-368b2a5745d4,bunka_museum_guide,core,A,東京海洋大学マリンサイエンスミュージアム,東京海洋大学マリンサイエンスミュージアム,13103,港区,,,,https://www.s.kaiyodai.ac.jp/msm/index.html,museum,designated_facility,core_designated,2026-09-04T16:20:12+00:00,https://museum.bunka.go.jp/guide/,
REC-369e5b4ac180,bunka_museum_guide,core,A,東京都庭園美術館,東京都庭園美術館,13103,港区,,,,https://www.teien-art-museum.ne.jp/,museum,designated_facility,core_designated,2026-09-04T16:20:12+00:00,https://museum.bunka.go.jp/guide/,
REC-1d1f9c1a188a,bunka_museum_guide,core,A,◎根津美術館,根津美術館,13103,港区,,,,https://www.nezu-muse.or.jp/,museum,registered,core_registered,2026-09-04T16:20:12+00:00,https://museum.bunka.go.jp/guide/,
REC-0e87eef4bc79,bunka_museum_guide,core,A,森美術館,森美術館,13103,港区,,,,https://www.mori.art.museum/jp/,museum,designated_facility,core_designated,2026-09-04T16:20:12+00:00,https://museum.bunka.go.jp/guide/,
REC-31b4f57089d1,bunka_museum_guide,core,A,◎泉屋博古館東京,泉屋博古館東京,13103,港区,,,,https://sen-oku.or.jp/tokyo/,museum,registered,core_registered,2026-09-04T16:20:12+00:00,https://museum.bunka.go.jp/guide/,
REC-a74ebcbaee23,bunka_museum_guide,core,A,物流博物館,物流博物館,13103,港区,,,,http://www.lmuse.or.jp/,museum,registered,core_registered,2026-09-04T16:20:12+00:00,https://museum.bunka.go.jp/guide/,
REC-f4e143a6434d,bunka_museum_guide,core,A,荏原 畠山記念館,荏原畠山記念館,13103,港区,,,,https://www.hatakeyama-museum.org,museum,registered,core_registered,2026-09-04T16:20:12+00:00,https://museum.bunka.go.jp/guide/,
REC-f1e96c97a1bb,bunka_museum_guide,core,A,菊池寛実記念智美術館,菊池寛実記念智美術館,13103,港区,,,,https://www.musee-tomo.or.jp/,museum,registered,core_registered,2026-09-04T16:20:12+00:00,https://museum.bunka.go.jp/guide/,
REC-c6ab99bfbc97,bunka_museum_guide,core,A,◎SOMPO美術館,sompo美術館,13104,新宿区,,,,https://www.sompo-museum.org/,museum,registered,core_registered,2026-09-04T16:20:12+00:00,https://museum.bunka.go.jp/guide/,
REC-106128c21bd6,bunka_museum_guide,core,A,佐藤美術館,佐藤美術館,13104,新宿区,,,,http://sato-museum.la.coocan.jp/,museum,registered,core_registered,2026-09-04T16:20:12+00:00,https://museum.bunka.go.jp/guide/,
REC-7c5df0621845,bunka_museum_guide,core,A,帝国データバンク史料館,帝国データバンク史料館,13104,新宿区,,,,https://www.tdb-muse.jp/,museum,designated_facility,core_designated,2026-09-04T16:20:12+00:00,https://museum.bunka.go.jp/guide/,
REC-fefa1d746b40,bunka_museum_guide,core,A,新宿区立新宿歴史博物館,新宿区立新宿歴史博物館,13104,新宿区,,,,https://www.regasu-shinjuku.or.jp/rekihaku/,museum,registered,core_registered,2026-09-04T16:20:12+00:00,https://museum.bunka.go.jp/guide/,
REC-e42c41938e1b,bunka_museum_guide,core,A,早稲田大学坪内博士記念演劇博物館,早稲田大学坪内博士記念演劇博物館,13104,新宿区,,,,https://www.waseda.jp/enpaku/,museum,designated_facility,core_designated,2026-09-04T16:20:12+00:00,https://museum.bunka.go.jp/guide/,
REC-cd2c9a8765da,bunka_museum_guide,core,A,早稲田大学會津八一記念博物館,早稲田大学會津八一記念博物館,13104,新宿区,,,,https://www.waseda.jp/culture/aizu-museum/,museum,designated_facility,core_designated,2026-09-04T16:20:12+00:00,https://museum.bunka.go.jp/guide/,
REC-d5a787d96b74,bunka_museum_guide,core,A,東京オペラシティアートギャラリー,東京オペラシティアートギャラリー,13104,新宿区,,,,https://www.operacity.jp/ag/,museum,registered,core_registered,2026-09-04T16:20:12+00:00,https://museum.bunka.go.jp/guide/,
REC-f67b25e52c0f,bunka_museum_guide,core,A,東京理科大学近代科学資料館,東京理科大学近代科学資料館,13104,新宿区,,,,https://www.tus.ac.jp/info/setubi/museum/,museum,designated_facility,core_designated,2026-09-04T16:20:12+00:00,https://museum.bunka.go.jp/guide/,
REC-63d53c463f10,bunka_museum_guide,core,A,民音音楽博物館,民音音楽博物館,13104,新宿区,,,,https://museum.min-on.or.jp/,museum,registered,core_registered,2026-09-04T16:20:12+00:00,https://museum.bunka.go.jp/guide/,
REC-5fda55960d4b,bunka_museum_guide,core,A,○秩父宮記念スポーツ博物館,秩父宮記念スポーツ博物館,13104,新宿区,,,,https://www.jpnsport.go.jp/muse/,museum,designated_facility,core_designated,2026-09-04T16:20:12+00:00,https://museum.bunka.go.jp/guide/,
REC-8ccc9e2c6131,bunka_museum_guide,core,A,◎草間彌生美術館,草間彌生美術館,13104,新宿区,,,,https://yayoikusamamuseum.jp/,museum,registered,core_registered,2026-09-04T16:20:12+00:00,https://museum.bunka.go.jp/guide/,
REC-8499ef5423b6,bunka_museum_guide,core,A,◎日本女子大学成瀬記念館,日本女子大学成瀬記念館,13105,文京区,,,,https://www.jwu.ac.jp/unv/about/naruse_memorial/index.html,museum,registered,core_registered,2026-09-04T16:20:12+00:00,https://museum.bunka.go.jp/guide/,
REC-78c42f872518,bunka_museum_guide,core,A,東洋大学井上円了記念博物館,東洋大学井上円了記念博物館,13105,文京区,,,,https://www.toyo.ac.jp/about/founder/iecp/museum/,museum,designated_facility,core_designated,2026-09-04T16:20:12+00:00,https://museum.bunka.go.jp/guide/,
REC-8719b61598cb,bunka_museum_guide,core,A,◎東洋文庫ミュージアム,東洋文庫ミュージアム,13105,文京区,,,,https://toyo-bunko.or.jp/museum/,museum,registered,core_registered,2026-09-04T16:20:12+00:00,https://museum.bunka.go.jp/guide/,
REC-8cf1684b6bcd,bunka_museum_guide,core,A,◎永青文庫,永青文庫,13105,文京区,,,,https://www.eiseibunko.com/,museum,registered,core_registered,2026-09-04T16:20:12+00:00,https://museum.bunka.go.jp/guide/,
REC-ce907435b14f,bunka_museum_guide,core,A,◎野球殿堂博物館,野球殿堂博物館,13105,文京区,,,,https://baseball-museum.or.jp/,museum,registered,core_registered,2026-09-04T16:20:12+00:00,https://museum.bunka.go.jp/guide/,
REC-f1377d8fa2d9,bunka_museum_guide,core,A,上野の森美術館,上野の森美術館,13106,台東区,,,,https://www.ueno-mori.org/,museum,registered,core_registered,2026-09-04T16:20:12+00:00,https://museum.bunka.go.jp/guide/,
REC-3d932a1cd6e6,bunka_museum_guide,core,A,国立科学博物館,国立科学博物館,13106,台東区,,,,https://www.kahaku.go.jp/,museum,designated_facility,core_designated,2026-09-04T16:20:12+00:00,https://museum.bunka.go.jp/guide/,
REC-f0f40d4e8c16,bunka_museum_guide,core,A,〇国立西洋美術館,国立西洋美術館,13106,台東区,,,,http://www.nmwa.go.jp/jp/,museum,designated_facility,core_designated,2026-09-04T16:20:12+00:00,https://museum.bunka.go.jp/guide/,
REC-26962742bea5,bunka_museum_guide,core,A,大名時計博物館,大名時計博物館,13106,台東区,,,,,museum,registered,core_registered,2026-09-04T16:20:12+00:00,https://museum.bunka.go.jp/guide/,
REC-4dad7613d73b,bunka_museum_guide,core,A,◎恩賜上野動物園,恩賜上野動物園,13106,台東区,,,,https://www.tokyo-zoo.net/ueno/index.html,museum,registered,core_registered,2026-09-04T16:20:12+00:00,https://museum.bunka.go.jp/guide/,
REC-bd8971c25156,bunka_museum_guide,core,A,〇東京国立博物館,東京国立博物館,13106,台東区,,,,https://www.tnm.jp/,museum,designated_facility,core_designated,2026-09-04T16:20:12+00:00,https://museum.bunka.go.jp/guide/,
REC-e6b7a26f3287,bunka_museum_guide,core,A,東京都美術館,東京都美術館,13106,台東区,,,,https://www.tobikan.jp/,museum,designated_facility,core_designated,2026-09-04T16:20:12+00:00,https://museum.bunka.go.jp/guide/,
REC-7b67bdeb0be4,bunka_museum_guide,core,A,横山大観記念館,横山大観記念館,13106,台東区,,,,https://taikan.tokyo/,museum,registered,core_registered,2026-09-04T16:20:12+00:00,https://museum.bunka.go.jp/guide/,
REC-68b612a51d80,bunka_museum_guide,core,A,すみだ郷土文化資料館,すみだ郷土文化資料館,13107,墨田区,,,,https://www.city.sumida.lg.jp/sisetu_info/siryou/kyoudobunka/,museum,designated_facility,core_designated,2026-09-04T16:20:12+00:00,https://museum.bunka.go.jp/guide/,
REC-b849e8de726f,bunka_museum_guide,core,A,刀剣博物館,刀剣博物館,13107,墨田区,,,,https://www.touken.or.jp/museum/,museum,registered,core_registered,2026-09-04T16:20:12+00:00,https://museum.bunka.go.jp/guide/,
REC-913c3975dbfe,bunka_museum_guide,core,A,東京都江戸東京博物館（分館 江戸東京たてもの園）,東京都江戸東京博物館(分館江戸東京たてもの園),13107,墨田区,,,,https://www.edo-tokyo-museum.or.jp/,museum,designated_facility,core_designated,2026-09-04T16:20:12+00:00,https://museum.bunka.go.jp/guide/,
REC-4b2bac5e9add,bunka_museum_guide,core,A,相撲博物館,相撲博物館,13107,墨田区,,,,https://www.sumo.or.jp/KokugikanSumoMuseum/,museum,registered,core_registered,2026-09-04T16:20:12+00:00,https://museum.bunka.go.jp/guide/,
REC-ac7c6f052214,bunka_museum_guide,core,A,東京都現代美術館,東京都現代美術館,13108,江東区,,,,https://www.mot-art-museum.jp/,museum,designated_facility,core_designated,2026-09-04T16:20:12+00:00,https://museum.bunka.go.jp/guide/,
REC-d7e0b39b1ac7,bunka_museum_guide,core,A,◎船の科学館,船の科学館,13108,江東区,,,,https://funenokagakukan.or.jp/,museum,registered,core_registered,2026-09-04T16:20:12+00:00,https://museum.bunka.go.jp/guide/,
REC-f4728fd24532,bunka_museum_guide,core,A,杉野学園衣裳博物館,杉野学園衣裳博物館,13109,品川区,,,,https://www.costumemuseum.jp/,museum,designated_facility,core_designated,2026-09-04T16:20:12+00:00,https://museum.bunka.go.jp/guide/,
REC-e7d0a38e52ed,bunka_museum_guide,core,A,宗教法人長泉院附属現代彫刻美術館,宗教法人長泉院附属現代彫刻美術館,13110,目黒区,,,,http://museum-of-sculpture.org/,museum,registered,core_registered,2026-09-04T16:20:12+00:00,https://museum.bunka.go.jp/guide/,
REC-b88eca8273ea,bunka_museum_guide,core,A,日本民藝館,日本民藝館,13110,目黒区,,,,https://mingeikan.or.jp/,museum,registered,core_registered,2026-09-04T16:20:12+00:00,https://museum.bunka.go.jp/guide/,
REC-4d1df8c5af15,bunka_museum_guide,core,A,東京科学大学博物館,東京科学大学博物館,13110,目黒区,,,,http://www.cent.titech.ac.jp/,museum,designated_facility,core_designated,2026-09-04T16:20:12+00:00,https://museum.bunka.go.jp/guide/,
REC-f954e20b2513,bunka_museum_guide,core,A,東京都写真美術館,東京都写真美術館,13110,目黒区,,,,https://topmuseum.jp/,museum,designated_facility,core_designated,2026-09-04T16:20:12+00:00,https://museum.bunka.go.jp/guide/,
REC-c0f3955bde43,bunka_museum_guide,core,A,◎目黒寄生虫館,目黒寄生虫館,13110,目黒区,,,,https://www.kiseichu.org/,museum,registered,core_registered,2026-09-04T16:20:12+00:00,https://museum.bunka.go.jp/guide/,
REC-39e4ac6bc4e3,bunka_museum_guide,core,A,世田谷区立世田谷文学館,世田谷区立世田谷文学館,13112,世田谷区,,,,https://www.setabun.or.jp/,museum,designated_facility,core_designated,2026-09-04T16:20:12+00:00,https://museum.bunka.go.jp/guide/,
REC-4110caf1854f,bunka_museum_guide,core,A,世田谷区立世田谷美術館,世田谷区立世田谷美術館,13112,世田谷区,,,,https://www.setagayaartmuseum.or.jp/,museum,designated_facility,core_designated,2026-09-04T16:20:12+00:00,https://museum.bunka.go.jp/guide/,
REC-51db3f5006da,bunka_museum_guide,core,A,◎世田谷区立郷土資料館,世田谷区立郷土資料館,13112,世田谷区,,,,https://www.city.setagaya.lg.jp/bunkasports/shougaigakushuu/category/12536.html,museum,registered,core_registered,2026-09-04T16:20:12+00:00,https://museum.bunka.go.jp/guide/,
REC-ae7be2dddea1,bunka_museum_guide,core,A,五島美術館,五島美術館,13112,世田谷区,,,,https://www.gotoh-museum.or.jp/,museum,registered,core_registered,2026-09-04T16:20:12+00:00,https://museum.bunka.go.jp/guide/,
REC-191ba9432820,bunka_museum_guide,core,A,日本大学文理学部資料館,日本大学文理学部資料館,13112,世田谷区,,,,https://chs.nihon-u.ac.jp/campus-life/kyogaku-s/museum/,museum,designated_facility,core_designated,2026-09-04T16:20:12+00:00,https://museum.bunka.go.jp/guide/,
REC-67be13d74dc8,bunka_museum_guide,core,A,昭和女子大学光葉博物館,昭和女子大学光葉博物館,13112,世田谷区,,,,https://museum.swu.ac.jp/,museum,designated_facility,core_designated,2026-09-04T16:20:12+00:00,https://museum.bunka.go.jp/guide/,
REC-efb98c5c752e,bunka_museum_guide,core,A,東京農業大学「食と農」の博物館,東京農業大学「食と農」の博物館,13112,世田谷区,,,,https://www.nodai.ac.jp/campus/facilities/syokutonou/,museum,designated_facility,core_designated,2026-09-04T16:20:12+00:00,https://museum.bunka.go.jp/guide/,
REC-442086b92159,bunka_museum_guide,core,A,賀川豊彦記念松沢資料館,賀川豊彦記念松沢資料館,13112,世田谷区,,,,https://www.t-kagawa.or.jp/,museum,registered,core_registered,2026-09-04T16:20:12+00:00,https://museum.bunka.go.jp/guide/,
REC-1cdf56657ab5,bunka_museum_guide,core,A,長谷川町子美術館,長谷川町子美術館,13112,世田谷区,,,,https://www.hasegawamachiko.jp/,museum,registered,core_registered,2026-09-04T16:20:12+00:00,https://museum.bunka.go.jp/guide/,
REC-207818942a54,bunka_museum_guide,core,A,◎駒澤大学禅文化歴史博物館,駒澤大学禅文化歴史博物館,13112,世田谷区,,,,https://www.komazawa-u.ac.jp/facilities/museum/,museum,registered,core_registered,2026-09-04T16:20:12+00:00,https://museum.bunka.go.jp/guide/,
REC-9bc7ebae8f37,bunka_museum_guide,core,A,齋田記念館,齋田記念館,13112,世田谷区,,,,https://saita-museum.jp/,museum,registered,core_registered,2026-09-04T16:20:12+00:00,https://museum.bunka.go.jp/guide/,
REC-c4924bdf8e9b,bunka_museum_guide,core,A,Bunkamuraザ・ミュージアム,bunkamuraザミュージアム,13113,渋谷区,,,,https://www.bunkamura.co.jp/museum/,museum,designated_facility,core_designated,2026-09-04T16:20:12+00:00,https://museum.bunka.go.jp/guide/,
REC-4716bee92c6b,bunka_museum_guide,core,A,古賀政男音楽博物館,古賀政男音楽博物館,13113,渋谷区,,,,http://www.koga.or.jp/,museum,registered,core_registered,2026-09-04T16:20:12+00:00,https://museum.bunka.go.jp/guide/,
REC-d159c32a7358,bunka_museum_guide,core,A,國學院大學博物館,國學院大學博物館,13113,渋谷区,,,,http://museum.kokugakuin.ac.jp/,museum,designated_facility,core_designated,2026-09-04T16:20:12+00:00,https://museum.bunka.go.jp/guide/,
REC-d1c2ea160684,bunka_museum_guide,core,A,◎太田記念美術館,太田記念美術館,13113,渋谷区,,,,http://www.ukiyoe-ota-muse.jp/,museum,registered,core_registered,2026-09-04T16:20:12+00:00,https://museum.bunka.go.jp/guide/,
REC-1bb2211dfd1a,bunka_museum_guide,core,A,実践女子学園香雪記念資料館,実践女子学園香雪記念資料館,13113,渋谷区,,,,https://www.jissen.ac.jp/kosetsu/,museum,designated_facility,core_designated,2026-09-04T16:20:12+00:00,https://museum.bunka.go.jp/guide/,
REC-302f9cfa4223,bunka_museum_guide,core,A,◎山種美術館,山種美術館,13113,渋谷区,,,,https://www.yamatane-museum.jp/,museum,registered,core_registered,2026-09-04T16:20:12+00:00,https://museum.bunka.go.jp/guide/,
REC-bb5b8a1cdbbf,bunka_museum_guide,core,A,◎戸栗美術館,戸栗美術館,13113,渋谷区,,,,http://www.toguri-museum.or.jp/,museum,registered,core_registered,2026-09-04T16:20:12+00:00,https://museum.bunka.go.jp/guide/,
REC-732fe6b27566,bunka_museum_guide,core,A,文化学園服飾博物館,文化学園服飾博物館,13113,渋谷区,,,,https://museum.bunka.ac.jp/,museum,designated_facility,core_designated,2026-09-04T16:20:12+00:00,https://museum.bunka.go.jp/guide/,
REC-4e7d7e988cc8,bunka_museum_guide,core,A,明治神宮宝物殿（分館 明治神宮ミュージアム）,明治神宮宝物殿(分館明治神宮ミュージアム),13113,渋谷区,,,,https://www.meijijingu.or.jp/museum/houmotsuden/,museum,designated_facility,core_designated,2026-09-04T16:20:12+00:00,https://museum.bunka.go.jp/guide/,
REC-6bf10f4dcb44,bunka_museum_guide,core,A,東京工芸大学芸術学部写大ギャラリー,東京工芸大学芸術学部写大ギャラリー,13114,中野区,,,,http://www.shadai.t-kougei.ac.jp/index.html,museum,designated_facility,core_designated,2026-09-04T16:20:12+00:00,https://museum.bunka.go.jp/guide/,
REC-6793b691db21,bunka_museum_guide,core,A,杉並区立郷土博物館,杉並区立郷土博物館,13115,杉並区,,,,https://www.city.suginami.tokyo.jp/histmus/,museum,registered,core_registered,2026-09-04T16:20:12+00:00,https://museum.bunka.go.jp/guide/,
REC-b5b0d46f40de,bunka_museum_guide,core,A,切手の博物館,切手の博物館,13116,豊島区,,,,https://kitte-museum.jp/,museum,registered,core_registered,2026-09-04T16:20:12+00:00,https://museum.bunka.go.jp/guide/,
REC-d30032e719c6,bunka_museum_guide,core,A,古代オリエント博物館,古代オリエント博物館,13116,豊島区,,,,https://aom-tokyo.com/,museum,registered,core_registered,2026-09-04T16:20:12+00:00,https://museum.bunka.go.jp/guide/,
REC-f080c39bfc27,bunka_museum_guide,core,A,学習院大学史料館,学習院大学史料館,13116,豊島区,,,,https://www.gakushuin.ac.jp/univ/ua/,museum,designated_facility,core_designated,2026-09-04T16:20:12+00:00,https://museum.bunka.go.jp/guide/,
REC-551b273622bc,bunka_museum_guide,core,A,◎大谷美術館,大谷美術館,13117,北区,,,,http://www.otanimuseum.or.jp/kyufurukawatei/,museum,registered,core_registered,2026-09-04T16:20:12+00:00,https://museum.bunka.go.jp/guide/,
REC-f35ad543b045,bunka_museum_guide,core,A,◎渋沢史料館,渋沢史料館,13117,北区,,,,https://www.shibusawa.or.jp/museum/index.html,museum,registered,core_registered,2026-09-04T16:20:12+00:00,https://museum.bunka.go.jp/guide/,
REC-71e7038285e6,bunka_museum_guide,core,A,◎紙の博物館,紙の博物館,13117,北区,,,,https://papermuseum.jp/ja/,museum,registered,core_registered,2026-09-04T16:20:12+00:00,https://museum.bunka.go.jp/guide/,
REC-aa527ce86220,bunka_museum_guide,core,A,日本書道美術館,日本書道美術館,13119,板橋区,,,,http://shodo-bijutsukan.or.jp/,museum,registered,core_registered,2026-09-04T16:20:12+00:00,https://museum.bunka.go.jp/guide/,
REC-da576f9b0875,bunka_museum_guide,core,A,東京家政大学博物館,東京家政大学博物館,13119,板橋区,,,,https://www.tokyo-kasei.ac.jp/academics/museum/,museum,designated_facility,core_designated,2026-09-04T16:20:12+00:00,https://museum.bunka.go.jp/guide/,
REC-9a03bca2b89f,bunka_museum_guide,core,A,ちひろ美術館・東京,ちひろ美術館東京,13120,練馬区,,,,https://chihiro.jp/tokyo/,museum,registered,core_registered,2026-09-04T16:20:12+00:00,https://museum.bunka.go.jp/guide/,
REC-7de94de5cc76,bunka_museum_guide,core,A,日本大学芸術学部芸術資料館,日本大学芸術学部芸術資料館,13120,練馬区,,,,https://www.art.nihon-u.ac.jp/facility/attached/archives/,museum,designated_facility,core_designated,2026-09-04T16:20:12+00:00,https://museum.bunka.go.jp/guide/,
REC-8f53dedb9f7b,bunka_museum_guide,core,A,練馬区立美術館,練馬区立美術館,13120,練馬区,,,,https://www.neribun.or.jp/museum.html,museum,designated_facility,core_designated,2026-09-04T16:20:12+00:00,https://museum.bunka.go.jp/guide/,
REC-afafe102c097,bunka_museum_guide,core,A,◎石洞美術館,石洞美術館,13121,足立区,,,,http://sekido-museum.jp/,museum,registered,core_registered,2026-09-04T16:20:12+00:00,https://museum.bunka.go.jp/guide/,
REC-e08ecb5af8fc,bunka_museum_guide,core,A,足立区立郷土博物館,足立区立郷土博物館,13121,足立区,,,,https://www.city.adachi.tokyo.jp/hakubutsukan/,museum,registered,core_registered,2026-09-04T16:20:12+00:00,https://museum.bunka.go.jp/guide/,
REC-48844af07161,bunka_museum_guide,core,A,葛飾区郷土と天文の博物館,葛飾区郷土と天文の博物館,13122,葛飾区,,,,https://www.museum.city.katsushika.lg.jp/,museum,registered,core_registered,2026-09-04T16:20:12+00:00,https://museum.bunka.go.jp/guide/,
REC-3a895f6d1cdd,bunka_museum_guide,core,A,地下鉄博物館,地下鉄博物館,13123,江戸川区,,,,https://www.chikahaku.jp/,museum,registered,core_registered,2026-09-04T16:20:12+00:00,https://museum.bunka.go.jp/guide/,
REC-efcffcfb2c64,bunka_museum_guide,core,A,◎葛西臨海水族園,葛西臨海水族園,13123,江戸川区,,,,https://www.tokyo-zoo.net/kasai/index.html,museum,registered,core_registered,2026-09-04T16:20:12+00:00,https://museum.bunka.go.jp/guide/,
REC-161875a79e72,bunka_museum_guide,core,A,八王子市郷土資料館,八王子市郷土資料館,13201,八王子市,,,,https://www.city.hachioji.tokyo.jp/kankobunka/003/005/p005312.html,museum,registered,core_registered,2026-09-04T16:20:12+00:00,https://museum.bunka.go.jp/guide/,
REC-04bc489ebdc4,bunka_museum_guide,core,A,村内美術館,村内美術館,13201,八王子市,,,,https://www.murauchi.net/museum/,museum,designated_facility,core_designated,2026-09-04T16:20:12+00:00,https://museum.bunka.go.jp/guide/,
REC-8a20e1639529,bunka_museum_guide,core,A,◎東京富士美術館,東京富士美術館,13201,八王子市,,,,https://www.fujibi.or.jp/,museum,registered,core_registered,2026-09-04T16:20:12+00:00,https://museum.bunka.go.jp/guide/,
REC-b2bf7c1cf42b,bunka_museum_guide,core,A,東京造形大学附属美術館,東京造形大学附属美術館,13201,八王子市,,,,https://www.zokei.ac.jp/museum/,museum,designated_facility,core_designated,2026-09-04T16:20:12+00:00,https://museum.bunka.go.jp/guide/,
REC-afbc47e9c29d,bunka_museum_guide,core,A,◎たましん美術館,たましん美術館,13202,立川市,,,,https://www.tamashinmuseum.org/,museum,registered,core_registered,2026-09-04T16:20:12+00:00,https://museum.bunka.go.jp/guide/,
REC-6c5fa8335c0e,bunka_museum_guide,core,A,昭和天皇記念館,昭和天皇記念館,13202,立川市,,,,https://f-showa.or.jp/museum/,museum,registered,core_registered,2026-09-04T16:20:12+00:00,https://museum.bunka.go.jp/guide/,
REC-441109bcef58,bunka_museum_guide,core,A,◎井の頭自然文化園,井の頭自然文化園,13203,武蔵野市,,,,https://www.tokyo-zoo.net/inokashira/index.html,museum,registered,core_registered,2026-09-04T16:20:12+00:00,https://museum.bunka.go.jp/guide/,
REC-f7612916599d,bunka_museum_guide,core,A,成蹊学園史料館,成蹊学園史料館,13203,武蔵野市,,,,https://www.seikei.ac.jp/gakuen/archive/,museum,designated_facility,core_designated,2026-09-04T16:20:12+00:00,https://museum.bunka.go.jp/guide/,
REC-8354d0af3dd0,bunka_museum_guide,core,A,◎日本獣医生命科学大学付属博物館,日本獣医生命科学大学付属博物館,13203,武蔵野市,,,,https://www.nvlu.ac.jp/universityinstitution/004.html/,museum,registered,core_registered,2026-09-04T16:20:12+00:00,https://museum.bunka.go.jp/guide/,
REC-c6dfa3d14ef5,bunka_museum_guide,core,A,中近東文化センター付属博物館,中近東文化センター付属博物館,13204,三鷹市,,,,http://www.meccj.or.jp/,museum,registered,core_registered,2026-09-04T16:20:12+00:00,https://museum.bunka.go.jp/guide/,
REC-35e83b431675,bunka_museum_guide,core,A,国際基督教大学博物館湯浅八郎記念館,国際基督教大学博物館湯浅八郎記念館,13204,三鷹市,,,,https://subsites.icu.ac.jp/yuasa_museum/index.html,museum,designated_facility,core_designated,2026-09-04T16:20:12+00:00,https://museum.bunka.go.jp/guide/,
REC-96f584c6a15b,bunka_museum_guide,core,A,青梅市立美術館 青梅市立小島善太郎美術館,青梅市立美術館青梅市立小島善太郎美術館,13205,青梅市,,,,https://www.city.ome.tokyo.jp/site/art-museum/,museum,registered,core_registered,2026-09-04T16:20:12+00:00,https://museum.bunka.go.jp/guide/,
REC-9cc232268f79,bunka_museum_guide,core,A,青梅市郷土博物館,青梅市郷土博物館,13205,青梅市,,,,https://www.city.ome.tokyo.jp/site/provincial-history-museum/,museum,registered,core_registered,2026-09-04T16:20:12+00:00,https://museum.bunka.go.jp/guide/,
REC-aec700877f75,bunka_museum_guide,core,A,府中市美術館,府中市美術館,13206,府中市,,,,https://www.city.fuchu.tokyo.jp/art/,museum,registered,core_registered,2026-09-04T16:20:12+00:00,https://museum.bunka.go.jp/guide/,
REC-bbd22c167df9,bunka_museum_guide,core,A,◎府中市郷土の森博物館,府中市郷土の森博物館,13206,府中市,,,,https://www.fuchu-cpf.or.jp/museum/,museum,registered,core_registered,2026-09-04T16:20:12+00:00,https://museum.bunka.go.jp/guide/,
REC-39ac6eb84c34,bunka_museum_guide,core,A,家具の博物館,家具の博物館,13207,昭島市,,,,https://www.kaguhaku.or.jp/,museum,registered,core_registered,2026-09-04T16:20:12+00:00,https://museum.bunka.go.jp/guide/,
REC-712c65fc8b60,bunka_museum_guide,core,A,調布市郷土博物館,調布市郷土博物館,13208,調布市,,,,https://www.city.chofu.tokyo.jp/www/contents/1176118850606/,museum,registered,core_registered,2026-09-04T16:20:12+00:00,https://museum.bunka.go.jp/guide/,
REC-3466257873ca,bunka_museum_guide,core,A,東京家政学院生活文化博物館,東京家政学院生活文化博物館,13209,町田市,,,,https://www.kasei-gakuin.ac.jp/campuslife/museum/,museum,designated_facility,core_designated,2026-09-04T16:20:12+00:00,https://museum.bunka.go.jp/guide/,
REC-8d0e8f457f72,bunka_museum_guide,core,A,玉川大学小原國芳記念教育博物館,玉川大学小原國芳記念教育博物館,13209,町田市,,,,https://www.tamagawa.jp/campus/museum/,museum,designated_facility,core_designated,2026-09-04T16:20:12+00:00,https://museum.bunka.go.jp/guide/,
REC-beb13e6da0f1,bunka_museum_guide,core,A,○東京農工大学科学博物館,東京農工大学科学博物館,13210,小金井市,,,,https://www.tuat-museum.org/,museum,designated_facility,core_designated,2026-09-04T16:20:12+00:00,https://museum.bunka.go.jp/guide/,
REC-187f914dccaa,bunka_museum_guide,core,A,◎武蔵野美術大学 美術館・図書館,武蔵野美術大学美術館図書館,13211,小平市,,,,https://mauml.musabi.ac.jp/,museum,registered,core_registered,2026-09-04T16:20:12+00:00,https://museum.bunka.go.jp/guide/,
REC-15fa4dfd934b,bunka_museum_guide,core,A,◎多摩動物公園,多摩動物公園,13212,日野市,,,,https://www.tokyo-zoo.net/tama/index.html,museum,registered,core_registered,2026-09-04T16:20:12+00:00,https://museum.bunka.go.jp/guide/,
REC-993810efe596,bunka_museum_guide,core,A,東村山ふるさと歴史館,東村山ふるさと歴史館,13213,東村山市,,,,https://www.city.higashimurayama.tokyo.jp/smph/tanoshimi/rekishi/furusato/index.html,museum,registered,core_registered,2026-09-04T16:20:12+00:00,https://museum.bunka.go.jp/guide/,
REC-ae6301091b96,bunka_museum_guide,core,A,◎くにたち郷土文化館,くにたち郷土文化館,13215,国立市,,,,https://kuzaidan.or.jp/province/,museum,registered,core_registered,2026-09-04T16:20:12+00:00,https://museum.bunka.go.jp/guide/,
REC-162fbfeef9dc,bunka_museum_guide,core,A,東大和市立郷土博物館,東大和市立郷土博物館,13220,東大和市,,,,"https://www.city.higashiyamato.lg.jp/index.cfm/35,0,366,html",museum,registered,core_registered,2026-09-04T16:20:12+00:00,https://museum.bunka.go.jp/guide/,
REC-be8efb1242c8,bunka_museum_guide,core,A,清瀬市郷土博物館,清瀬市郷土博物館,13221,清瀬市,,,,http://museum-kiyose.jp/,museum,registered,core_registered,2026-09-04T16:20:12+00:00,https://museum.bunka.go.jp/guide/,
REC-285923b74d91,bunka_museum_guide,core,A,多摩美術大学附属美術館,多摩美術大学附属美術館,13224,多摩市,,,,https://museum.tamabi.ac.jp/,museum,designated_facility,core_designated,2026-09-04T16:20:12+00:00,https://museum.bunka.go.jp/guide/,
REC-fa7322dff13e,bunka_museum_guide,core,A,羽村市郷土博物館,羽村市郷土博物館,13227,羽村市,,,,https://www.city.hamura.tokyo.jp/0000005474.html,museum,registered,core_registered,2026-09-04T16:20:12+00:00,https://museum.bunka.go.jp/guide/,
REC-24843371e281,bunka_museum_guide,core,A,多摩六都科学館,多摩六都科学館,13229,西東京市,,,,https://www.tamarokuto.or.jp/,museum,designated_facility,core_designated,2026-09-04T16:20:12+00:00,https://museum.bunka.go.jp/guide/,
REC-e3ab5e3a1526,bunkyo_muse_net,supplement,C,JFAサッカー文化創造拠点 blue-ing!,jfaサッカー文化創造拠点blueing!,13105,文京区,,文京区後楽1丁目3番61号,,http://blueing.jfa.jp/access,museum_or_cultural_facility,,supplement_confirmed,2026-09-04T16:20:12+00:00,https://www.city.bunkyo.lg.jp/b014/p004189.html,
REC-4db1b38a98ac,bunkyo_muse_net,supplement,C,Space Travelium TeNQ,spacetraveliumtenq,13105,文京区,,文京区後楽1丁目3番61号 東京ドームシティ黄色いビル6F,03-5800-9999,https://www.tokyo-dome.co.jp/tenq/,museum_or_cultural_facility,,supplement_confirmed,2026-09-04T16:20:12+00:00,https://www.city.bunkyo.lg.jp/b014/p004189.html,
REC-aff0899156b7,bunkyo_muse_net,supplement,C,お茶の水おりがみ会館,お茶の水おりがみ会館,13105,文京区,,文京区湯島1丁目7番14号,03-3811-4025,https://www.origamikaikan.co.jp/,museum_or_cultural_facility,,supplement_confirmed,2026-09-04T16:20:12+00:00,https://www.city.bunkyo.lg.jp/b014/p004189.html,
REC-f6f4f4b4b2d0,bunkyo_muse_net,supplement,C,わだつみのこえ記念館,わだつみのこえ記念館,13105,文京区,,文京区本郷5丁目29番13号 赤門アビタシオン1階,03-3815-8571,http://www.wadatsuminokoe.com/,museum_or_cultural_facility,,supplement_confirmed,2026-09-04T16:20:12+00:00,https://www.city.bunkyo.lg.jp/b014/p004189.html,
REC-66c36651c2b2,bunkyo_muse_net,supplement,C,トーキョーアーツアンドスペース本郷,トーキョーアーツアンドスペース本郷,13105,文京区,,文京区本郷2丁目4番16号,03-5689-5331,https://www.tokyoartsandspace.jp/,museum_or_cultural_facility,,supplement_confirmed,2026-09-04T16:20:12+00:00,https://www.city.bunkyo.lg.jp/b014/p004189.html,
REC-155c521a3c73,bunkyo_muse_net,supplement,C,ファーブル昆虫館「虫の詩人の館」,ファーブル昆虫館「虫の詩人の館」,13105,文京区,,文京区千駄木5丁目46番6号,03-5815-6464,http://www.fabre.jp/,museum_or_cultural_facility,,supplement_confirmed,2026-09-04T16:20:12+00:00,https://www.city.bunkyo.lg.jp/b014/p004189.html,
REC-3138c35b63b5,bunkyo_muse_net,supplement,C,三菱史料館,三菱史料館,13105,文京区,,文京区湯島4丁目10番14号,03-5802-8673,http://www.meri.or.jp/shiryo/mer300j.htm,museum_or_cultural_facility,,supplement_confirmed,2026-09-04T16:20:12+00:00,https://www.city.bunkyo.lg.jp/b014/p004189.html,
REC-82c53546550c,bunkyo_muse_net,supplement,C,今井館,今井館,13105,文京区,,文京区本駒込6丁目11番15号,03-6277-5669,https://www.imaikankyoyukai.or.jp/index.html,museum_or_cultural_facility,,supplement_confirmed,2026-09-04T16:20:12+00:00,https://www.city.bunkyo.lg.jp/b014/p004189.html,
REC-c0c0b229c7e3,bunkyo_muse_net,supplement,C,元町小学校歴史展示室,元町小学校歴史展示室,13105,文京区,,文京区本郷1丁目1番19号,03-5654-5715,https://motomachi1927.jp/facility/history/,museum_or_cultural_facility,,supplement_confirmed,2026-09-04T16:20:12+00:00,https://www.city.bunkyo.lg.jp/b014/p004189.html,
REC-bb337cea551b,bunkyo_muse_net,supplement,C,六義園,六義園,13105,文京区,,文京区本駒込6丁目16番3号,03-3941-2222,http://www.tokyo-park.or.jp/park/format/index031.html,museum_or_cultural_facility,,supplement_confirmed,2026-09-04T16:20:12+00:00,https://www.city.bunkyo.lg.jp/b014/p004189.html,
REC-3d50db957cc9,bunkyo_muse_net,supplement,C,印刷博物館,印刷博物館,13105,文京区,,文京区水道1丁目3番3号 トッパン小石川ビル,03-5840-2300,https://www.printing-museum.org/,museum_or_cultural_facility,,supplement_confirmed,2026-09-04T16:20:12+00:00,https://www.city.bunkyo.lg.jp/b014/p004189.html,
REC-6e992043c7a9,bunkyo_muse_net,supplement,C,史跡湯島聖堂 財団法人斯文会,史跡湯島聖堂財団法人斯文会,13105,文京区,,文京区湯島1丁目4番25号 湯島聖堂内,03-3251-4606,http://www.seido.or.jp/,museum_or_cultural_facility,,supplement_confirmed,2026-09-04T16:20:12+00:00,https://www.city.bunkyo.lg.jp/b014/p004189.html,
REC-4846876b43fd,bunkyo_muse_net,supplement,C,小石川後楽園,小石川後楽園,13105,文京区,,文京区後楽1丁目6番6号,03-3811-3015,http://www.tokyo-park.or.jp/park/format/index030.html,museum_or_cultural_facility,,supplement_confirmed,2026-09-04T16:20:12+00:00,https://www.city.bunkyo.lg.jp/b014/p004189.html,
REC-d820f80a737e,bunkyo_muse_net,supplement,C,弥生美術館,弥生美術館,13105,文京区,,文京区弥生2丁目4番3号,03-3812-0012,http://www.yayoi-yumeji-museum.jp/,museum_or_cultural_facility,,supplement_confirmed,2026-09-04T16:20:12+00:00,https://www.city.bunkyo.lg.jp/b014/p004189.html,
REC-65a1e4efe264,bunkyo_muse_net,supplement,C,文京ふるさと歴史館,文京ふるさと歴史館,13105,文京区,,文京区本郷4丁目9番29号,03-3818-7221,http://www.city.bunkyo.lg.jp/rekishikan/,museum_or_cultural_facility,,supplement_confirmed,2026-09-04T16:20:12+00:00,https://www.city.bunkyo.lg.jp/b014/p004189.html,
REC-d4e457c05e65,bunkyo_muse_net,supplement,C,文京アカデミー,文京アカデミー,13105,文京区,,文京区春日1丁目16番21号,03-5803-1119,https://www.b-academy.jp/,museum_or_cultural_facility,,supplement_confirmed,2026-09-04T16:20:12+00:00,https://www.city.bunkyo.lg.jp/b014/p004189.html,
REC-7b46e9812822,bunkyo_muse_net,supplement,C,文京区立森鴎外記念館,文京区立森鴎外記念館,13105,文京区,,文京区千駄木1丁目23番4号,03-5803-1849,http://moriogai-kinenkan.jp/,museum_or_cultural_facility,,supplement_confirmed,2026-09-04T16:20:12+00:00,https://www.city.bunkyo.lg.jp/b014/p004189.html,
REC-804ac5017dff,bunkyo_muse_net,supplement,C,文化庁国立近現代建築資料館,文化庁国立近現代建築資料館,13105,文京区,,文京区湯島4丁目6番15号,03-3812-3401,http://nama.bunka.go.jp/,museum_or_cultural_facility,,supplement_confirmed,2026-09-04T16:20:12+00:00,https://www.city.bunkyo.lg.jp/b014/p004189.html,
REC-bcf26ad8c87c,bunkyo_muse_net,supplement,C,日中友好会館美術館,日中友好会館美術館,13105,文京区,,文京区後楽1丁目5番3号,03-3815-5085,http://www.jcfc.or.jp/,museum_or_cultural_facility,,supplement_confirmed,2026-09-04T16:20:12+00:00,https://www.city.bunkyo.lg.jp/b014/p004189.html,
REC-7c1a7ed48a2e,bunkyo_muse_net,supplement,C,日本医科大学 済生学舎ギャラリー,日本医科大学済生学舎ギャラリー,13105,文京区,,文京区向丘2丁目20番7号,03-5814-6837,https://www.nms.ac.jp/college/introduction/facility/gallery.html,museum_or_cultural_facility,,supplement_confirmed,2026-09-04T16:20:12+00:00,https://www.city.bunkyo.lg.jp/b014/p004189.html,
REC-a4723ca8de5c,bunkyo_muse_net,supplement,C,日本女子大学 成瀬記念館,日本女子大学成瀬記念館,13105,文京区,,文京区目白台2丁目8番1号,03-5981-3376,https://www.jwu.ac.jp/unv/about/naruse_memorial/index.html,museum_or_cultural_facility,,supplement_confirmed,2026-09-04T16:20:12+00:00,https://www.city.bunkyo.lg.jp/b014/p004189.html,
REC-71dc954f280c,bunkyo_muse_net,supplement,C,旧安田楠雄邸庭園,旧安田楠雄邸庭園,13105,文京区,,文京区千駄木5丁目20番18号,03-3822-2699,http://www.national-trust.or.jp/,museum_or_cultural_facility,,supplement_confirmed,2026-09-04T16:20:12+00:00,https://www.city.bunkyo.lg.jp/b014/p004189.html,
REC-ebb8150c990d,bunkyo_muse_net,supplement,C,東京ドームシティGallery AaMo,東京ドームシティgalleryaamo,13105,文京区,,文京区後楽1丁目3番61号,03-5800-9999,https://www.tokyo-dome.co.jp/aamo/,museum_or_cultural_facility,,supplement_confirmed,2026-09-04T16:20:12+00:00,https://www.city.bunkyo.lg.jp/b014/p004189.html,
REC-cc5615f2f86b,bunkyo_muse_net,supplement,C,東京大学医学部附属病院健康と医学の博物館,東京大学医学部附属病院健康と医学の博物館,13105,文京区,,文京区本郷7丁目3番1号,03-5841-0813,http://mhm.m.u-tokyo.ac.jp/,museum_or_cultural_facility,,supplement_confirmed,2026-09-04T16:20:12+00:00,https://www.city.bunkyo.lg.jp/b014/p004189.html,
REC-5ad117388065,bunkyo_muse_net,supplement,C,東京大学大学院理学系研究科附属植物園（小石川植物園）,東京大学大学院理学系研究科附属植物園(小石川植物園),13105,文京区,,文京区白山3丁目7番1号,03-3814-0294,https://www.bg.s.u-tokyo.ac.jp/koishikawa/,museum_or_cultural_facility,,supplement_confirmed,2026-09-04T16:20:12+00:00,https://www.city.bunkyo.lg.jp/b014/p004189.html,
REC-281188accb51,bunkyo_muse_net,supplement,C,東京都水道歴史館,東京都水道歴史館,13105,文京区,,文京区本郷2丁目7番1号,03-5802-9040,https://www.suidorekishi.jp/,museum_or_cultural_facility,,supplement_confirmed,2026-09-04T16:20:12+00:00,https://www.city.bunkyo.lg.jp/b014/p004189.html,
REC-42d31909b600,bunkyo_muse_net,supplement,C,東洋大学井上円了記念博物館,東洋大学井上円了記念博物館,13105,文京区,,文京区白山5丁目28番20号,03-3945-8764,https://www.toyo.ac.jp/about/founder/iecp/museum/,museum_or_cultural_facility,,supplement_confirmed,2026-09-04T16:20:12+00:00,https://www.city.bunkyo.lg.jp/b014/p004189.html,
REC-069f3ec29dea,bunkyo_muse_net,supplement,C,東洋学園大学 東洋学園史料室,東洋学園大学東洋学園史料室,13105,文京区,,文京区本郷1丁目26番3号,03-3811-1783,http://www.tyg-archives.jp/,museum_or_cultural_facility,,supplement_confirmed,2026-09-04T16:20:12+00:00,https://www.city.bunkyo.lg.jp/b014/p004189.html,
REC-0fa166096bc8,bunkyo_muse_net,supplement,C,東洋文庫ミュージアム,東洋文庫ミュージアム,13105,文京区,,文京区本駒込2丁目28番21号,03-3942-0328,http://www.toyo-bunko.or.jp/,museum_or_cultural_facility,,supplement_confirmed,2026-09-04T16:20:12+00:00,https://www.city.bunkyo.lg.jp/b014/p004189.html,
REC-584b57dc1378,bunkyo_muse_net,supplement,C,永青文庫,永青文庫,13105,文京区,,文京区目白台1丁目1番1号,03-3941-0850,https://www.eiseibunko.com/,museum_or_cultural_facility,,supplement_confirmed,2026-09-04T16:20:12+00:00,https://www.city.bunkyo.lg.jp/b014/p004189.html,
REC-f3932a2871ff,bunkyo_muse_net,supplement,C,竹久夢二美術館,竹久夢二美術館,13105,文京区,,文京区弥生2丁目4番2号,03-5689-0462,http://www.yayoi-yumeji-museum.jp/,museum_or_cultural_facility,,supplement_confirmed,2026-09-04T16:20:12+00:00,https://www.city.bunkyo.lg.jp/b014/p004189.html,
REC-b3afbc6554ab,bunkyo_muse_net,supplement,C,肥後細川庭園,肥後細川庭園,13105,文京区,,文京区目白台1丁目1番22号,03-3941-2010,https://www.higo-hosokawa.jp/,museum_or_cultural_facility,,supplement_confirmed,2026-09-04T16:20:12+00:00,https://www.city.bunkyo.lg.jp/b014/p004189.html,
REC-33d5de53c263,bunkyo_muse_net,supplement,C,講談社 野間記念館,講談社野間記念館,13105,文京区,,立て替えのため休館中,,http://www.nomamuseum.kodansha.co.jp/,museum_or_cultural_facility,,temporarily_closed,2026-09-04T16:20:12+00:00,https://www.city.bunkyo.lg.jp/b014/p004189.html,
REC-a1767a6511a5,bunkyo_muse_net,supplement,C,講道館 柔道資料館・図書館,講道館柔道資料館図書館,13105,文京区,,文京区春日1丁目16番30号,03-3818-4562,http://kdkjudo.org,museum_or_cultural_facility,,supplement_confirmed,2026-09-04T16:20:12+00:00,https://www.city.bunkyo.lg.jp/b014/p004189.html,
REC-c51f5ce6d558,bunkyo_muse_net,supplement,C,野球殿堂博物館,野球殿堂博物館,13105,文京区,,文京区後楽1丁目3番61号,03-3811-3600,http://www.baseball-museum.or.jp/,museum_or_cultural_facility,,supplement_confirmed,2026-09-04T16:20:12+00:00,https://www.city.bunkyo.lg.jp/b014/p004189.html,
REC-ad26552e971f,bunkyo_muse_net,supplement,C,金土日館 岩田専太郎コレクション,金土日館岩田専太郎コレクション,13105,文京区,,文京区千駄木1丁目11番16号,03-3824-4406,http://www.kindonichikan.com/,museum_or_cultural_facility,,supplement_confirmed,2026-09-04T16:20:12+00:00,https://www.city.bunkyo.lg.jp/b014/p004189.html,
REC-d5e58dafb5ba,bunkyo_muse_net,supplement,C,鳩山会館,鳩山会館,13105,文京区,,文京区音羽1丁目7番1号,03-5976-2800,http://www.hatoyamakaikan.com/,museum_or_cultural_facility,,supplement_confirmed,2026-09-04T16:20:12+00:00,https://www.city.bunkyo.lg.jp/b014/p004189.html,
REC-173d8f77eadc,bunkyo_muse_net,supplement,C,旧岩崎邸庭園,旧岩崎邸庭園,13106,台東区,,台東区池之端1丁目3番45号,03-3823-8340,https://www.tokyo-park.or.jp/park/format/index035.html,museum_or_cultural_facility,,supplement_confirmed,2026-09-04T16:20:12+00:00,https://www.city.bunkyo.lg.jp/b014/p004189.html,
REC-e59641f0eff4,chiyoda_museum_network,supplement,C,HOSEI ミュージアム,hoseiミュージアム,13101,千代田区,,,,https://museum.net.city.chiyoda.lg.jp/list/shisetsu/29.php,museum_or_knowledge_facility,,supplement_confirmed,2026-09-04T16:20:12+00:00,https://museum.net.city.chiyoda.lg.jp/list/,一覧ページには住所がないため詳細ページまたは館公式サイトで補完
REC-8ee158c1cefc,chiyoda_museum_network,supplement,C,JPタワー学術文化総合ミュージアム インターメディアテク,jpタワー学術文化総合ミュージアムインターメディアテク,13101,千代田区,,,,https://museum.net.city.chiyoda.lg.jp/list/shisetsu/21.php,museum_or_knowledge_facility,,supplement_confirmed,2026-09-04T16:20:12+00:00,https://museum.net.city.chiyoda.lg.jp/list/,一覧ページには住所がないため詳細ページまたは館公式サイトで補完
REC-73d1ea530e7e,chiyoda_museum_network,supplement,C,しょうけい館（戦傷病者史料館）,しょうけい館(戦傷病者史料館),13101,千代田区,,,,https://museum.net.city.chiyoda.lg.jp/list/shisetsu/14.php,museum_or_knowledge_facility,,supplement_confirmed,2026-09-04T16:20:12+00:00,https://museum.net.city.chiyoda.lg.jp/list/,一覧ページには住所がないため詳細ページまたは館公式サイトで補完
REC-73bd0cf9a70d,chiyoda_museum_network,supplement,C,一般財団法人 千秋文庫,一般財団法人千秋文庫,13101,千代田区,,,,https://museum.net.city.chiyoda.lg.jp/list/shisetsu/06.php,museum_or_knowledge_facility,,supplement_confirmed,2026-09-04T16:20:12+00:00,https://museum.net.city.chiyoda.lg.jp/list/,一覧ページには住所がないため詳細ページまたは館公式サイトで補完
REC-59d147222a82,chiyoda_museum_network,supplement,C,三菱一号館美術館,三菱一号館美術館,13101,千代田区,,,,https://museum.net.city.chiyoda.lg.jp/list/shisetsu/18.php,museum_or_knowledge_facility,,supplement_confirmed,2026-09-04T16:20:12+00:00,https://museum.net.city.chiyoda.lg.jp/list/,一覧ページには住所がないため詳細ページまたは館公式サイトで補完
REC-aef6385dc134,chiyoda_museum_network,supplement,C,丸紅ギャラリー,丸紅ギャラリー,13101,千代田区,,,,https://museum.net.city.chiyoda.lg.jp/list/shisetsu/31.php,museum_or_knowledge_facility,,supplement_confirmed,2026-09-04T16:20:12+00:00,https://museum.net.city.chiyoda.lg.jp/list/,一覧ページには住所がないため詳細ページまたは館公式サイトで補完
REC-8858f8116057,chiyoda_museum_network,supplement,C,二松学舎 大学資料展示室,二松学舎大学資料展示室,13101,千代田区,,,,https://museum.net.city.chiyoda.lg.jp/list/shisetsu/26.php,museum_or_knowledge_facility,,supplement_confirmed,2026-09-04T16:20:12+00:00,https://museum.net.city.chiyoda.lg.jp/list/,一覧ページには住所がないため詳細ページまたは館公式サイトで補完
REC-489096613be1,chiyoda_museum_network,supplement,C,公益社団法人 全国市有物件災害共済会 防災専門図書館,公益社団法人全国市有物件災害共済会防災専門図書館,13101,千代田区,,,,https://museum.net.city.chiyoda.lg.jp/list/shisetsu/36.php,museum_or_knowledge_facility,,supplement_confirmed,2026-09-04T16:20:12+00:00,https://museum.net.city.chiyoda.lg.jp/list/,一覧ページには住所がないため詳細ページまたは館公式サイトで補完
REC-f6769f53c776,chiyoda_museum_network,supplement,C,共立女子大学博物館,共立女子大学博物館,13101,千代田区,,,,https://museum.net.city.chiyoda.lg.jp/list/shisetsu/24.php,museum_or_knowledge_facility,,supplement_confirmed,2026-09-04T16:20:12+00:00,https://museum.net.city.chiyoda.lg.jp/list/,一覧ページには住所がないため詳細ページまたは館公式サイトで補完
REC-9640d8acdbef,chiyoda_museum_network,supplement,C,出光美術館,出光美術館,13101,千代田区,,,,https://museum.net.city.chiyoda.lg.jp/list/shisetsu/01.php,museum_or_knowledge_facility,,temporarily_closed,2026-09-04T16:20:12+00:00,https://museum.net.city.chiyoda.lg.jp/list/,一覧ページには住所がないため詳細ページまたは館公式サイトで補完
REC-81bfcfa5b560,chiyoda_museum_network,supplement,C,千代田区立千代田図書館,千代田区立千代田図書館,13101,千代田区,,,,https://museum.net.city.chiyoda.lg.jp/list/shisetsu/17.php,museum_or_knowledge_facility,,supplement_confirmed,2026-09-04T16:20:12+00:00,https://museum.net.city.chiyoda.lg.jp/list/,一覧ページには住所がないため詳細ページまたは館公式サイトで補完
REC-6c154fe3051e,chiyoda_museum_network,supplement,C,千代田区立日比谷図書文化館 千代田区立日比谷図書文化館 文化財事務室,千代田区立日比谷図書文化館千代田区立日比谷図書文化館文化財事務室,13101,千代田区,,,,https://museum.net.city.chiyoda.lg.jp/list/shisetsu/34.php,museum_or_knowledge_facility,,supplement_confirmed,2026-09-04T16:20:12+00:00,https://museum.net.city.chiyoda.lg.jp/list/,一覧ページには住所がないため詳細ページまたは館公式サイトで補完
REC-b405b717ccff,chiyoda_museum_network,supplement,C,半蔵門ミュージアム,半蔵門ミュージアム,13101,千代田区,,,,https://museum.net.city.chiyoda.lg.jp/list/shisetsu/28.php,museum_or_knowledge_facility,,supplement_confirmed,2026-09-04T16:20:12+00:00,https://museum.net.city.chiyoda.lg.jp/list/,一覧ページには住所がないため詳細ページまたは館公式サイトで補完
REC-d6e745bac53e,chiyoda_museum_network,supplement,C,和洋学園 硯友社文庫,和洋学園硯友社文庫,13101,千代田区,,,,https://museum.net.city.chiyoda.lg.jp/list/shisetsu/32.php,museum_or_knowledge_facility,,supplement_confirmed,2026-09-04T16:20:12+00:00,https://museum.net.city.chiyoda.lg.jp/list/,一覧ページには住所がないため詳細ページまたは館公式サイトで補完
REC-8785c7241bd0,chiyoda_museum_network,supplement,C,国立公文書館,国立公文書館,13101,千代田区,,,,https://museum.net.city.chiyoda.lg.jp/list/shisetsu/13.php,museum_or_knowledge_facility,,supplement_confirmed,2026-09-04T16:20:12+00:00,https://museum.net.city.chiyoda.lg.jp/list/,一覧ページには住所がないため詳細ページまたは館公式サイトで補完
REC-8b44f9382973,chiyoda_museum_network,supplement,C,大妻女子大学博物館,大妻女子大学博物館,13101,千代田区,,,,https://museum.net.city.chiyoda.lg.jp/list/shisetsu/19.php,museum_or_knowledge_facility,,supplement_confirmed,2026-09-04T16:20:12+00:00,https://museum.net.city.chiyoda.lg.jp/list/,一覧ページには住所がないため詳細ページまたは館公式サイトで補完
REC-259ff10b0bab,chiyoda_museum_network,supplement,C,天理ギャラリー,天理ギャラリー,13101,千代田区,,,,https://museum.net.city.chiyoda.lg.jp/list/shisetsu/27.php,museum_or_knowledge_facility,,supplement_confirmed,2026-09-04T16:20:12+00:00,https://museum.net.city.chiyoda.lg.jp/list/,一覧ページには住所がないため詳細ページまたは館公式サイトで補完
REC-eee5221aa0f9,chiyoda_museum_network,supplement,C,学校法人城西大学 水田記念博物館 大石化石ギャラリー,学校法人城西大学水田記念博物館大石化石ギャラリー,13101,千代田区,,,,https://museum.net.city.chiyoda.lg.jp/list/shisetsu/22.php,museum_or_knowledge_facility,,supplement_confirmed,2026-09-04T16:20:12+00:00,https://museum.net.city.chiyoda.lg.jp/list/,一覧ページには住所がないため詳細ページまたは館公式サイトで補完
REC-87dc6b822407,chiyoda_museum_network,supplement,C,文部科学省 情報ひろば,文部科学省情報ひろば,13101,千代田区,,,,https://museum.net.city.chiyoda.lg.jp/list/shisetsu/15.php,museum_or_knowledge_facility,,temporarily_closed,2026-09-04T16:20:12+00:00,https://museum.net.city.chiyoda.lg.jp/list/,一覧ページには住所がないため詳細ページまたは館公式サイトで補完
REC-0e74bba9cb38,chiyoda_museum_network,supplement,C,日本カメラ博物館,日本カメラ博物館,13101,千代田区,,,,https://museum.net.city.chiyoda.lg.jp/list/shisetsu/08.php,museum_or_knowledge_facility,,supplement_confirmed,2026-09-04T16:20:12+00:00,https://museum.net.city.chiyoda.lg.jp/list/,一覧ページには住所がないため詳細ページまたは館公式サイトで補完
REC-9f5b9560d607,chiyoda_museum_network,supplement,C,日枝神社宝物殿,日枝神社宝物殿,13101,千代田区,,,,https://museum.net.city.chiyoda.lg.jp/list/shisetsu/12.php,museum_or_knowledge_facility,,supplement_confirmed,2026-09-04T16:20:12+00:00,https://museum.net.city.chiyoda.lg.jp/list/,一覧ページには住所がないため詳細ページまたは館公式サイトで補完
REC-3aa066ec3ef0,chiyoda_museum_network,supplement,C,明治大学中央図書館ギャラリー,明治大学中央図書館ギャラリー,13101,千代田区,,,,https://museum.net.city.chiyoda.lg.jp/list/shisetsu/16.php,museum_or_knowledge_facility,,supplement_confirmed,2026-09-04T16:20:12+00:00,https://museum.net.city.chiyoda.lg.jp/list/,一覧ページには住所がないため詳細ページまたは館公式サイトで補完
REC-cc584128ce8b,chiyoda_museum_network,supplement,C,明治大学博物館,明治大学博物館,13101,千代田区,,,,https://museum.net.city.chiyoda.lg.jp/list/shisetsu/09.php,museum_or_knowledge_facility,,supplement_confirmed,2026-09-04T16:20:12+00:00,https://museum.net.city.chiyoda.lg.jp/list/,一覧ページには住所がないため詳細ページまたは館公式サイトで補完
REC-06c45fa951ac,chiyoda_museum_network,supplement,C,明治大学大学史展示室｜明治大学阿久悠記念館,明治大学大学史展示室|明治大学阿久悠記念館,13101,千代田区,,,,https://museum.net.city.chiyoda.lg.jp/list/shisetsu/10.php,museum_or_knowledge_facility,,supplement_confirmed,2026-09-04T16:20:12+00:00,https://museum.net.city.chiyoda.lg.jp/list/,一覧ページには住所がないため詳細ページまたは館公式サイトで補完
REC-f3c251a15c4f,chiyoda_museum_network,supplement,C,昭和館,昭和館,13101,千代田区,,,,https://museum.net.city.chiyoda.lg.jp/list/shisetsu/05.php,museum_or_knowledge_facility,,supplement_confirmed,2026-09-04T16:20:12+00:00,https://museum.net.city.chiyoda.lg.jp/list/,一覧ページには住所がないため詳細ページまたは館公式サイトで補完
REC-8b4190aa7250,chiyoda_museum_network,supplement,C,東京ステーションギャラリー,東京ステーションギャラリー,13101,千代田区,,,,https://museum.net.city.chiyoda.lg.jp/list/shisetsu/07.php,museum_or_knowledge_facility,,supplement_confirmed,2026-09-04T16:20:12+00:00,https://museum.net.city.chiyoda.lg.jp/list/,一覧ページには住所がないため詳細ページまたは館公式サイトで補完
REC-2437fa52553e,chiyoda_museum_network,supplement,C,東京国立近代美術館,東京国立近代美術館,13101,千代田区,,,,https://museum.net.city.chiyoda.lg.jp/list/shisetsu/23.php,museum_or_knowledge_facility,,supplement_confirmed,2026-09-04T16:20:12+00:00,https://museum.net.city.chiyoda.lg.jp/list/,一覧ページには住所がないため詳細ページまたは館公式サイトで補完
REC-447037a39f35,chiyoda_museum_network,supplement,C,皇居三の丸尚蔵館,皇居三の丸尚蔵館,13101,千代田区,,,,https://museum.net.city.chiyoda.lg.jp/list/shisetsu/03.php,museum_or_knowledge_facility,,temporarily_closed,2026-09-04T16:20:12+00:00,https://museum.net.city.chiyoda.lg.jp/list/,一覧ページには住所がないため詳細ページまたは館公式サイトで補完
REC-d5163c27c65d,chiyoda_museum_network,supplement,C,神田明神資料館,神田明神資料館,13101,千代田区,,,,https://museum.net.city.chiyoda.lg.jp/list/shisetsu/11.php,museum_or_knowledge_facility,,supplement_confirmed,2026-09-04T16:20:12+00:00,https://museum.net.city.chiyoda.lg.jp/list/,一覧ページには住所がないため詳細ページまたは館公式サイトで補完
REC-b3dbfe34e2be,chiyoda_museum_network,supplement,C,科学技術館,科学技術館,13101,千代田区,,,,https://museum.net.city.chiyoda.lg.jp/list/shisetsu/02.php,museum_or_knowledge_facility,,supplement_confirmed,2026-09-04T16:20:12+00:00,https://museum.net.city.chiyoda.lg.jp/list/,一覧ページには住所がないため詳細ページまたは館公式サイトで補完
REC-ede5381bb84f,chiyoda_museum_network,supplement,C,緑と水の市民カレッジ（みどりの図書館 東京グリーンアーカイブス）,緑と水の市民カレッジ(みどりの図書館東京グリーンアーカイブス),13101,千代田区,,,,https://museum.net.city.chiyoda.lg.jp/list/shisetsu/35.php,museum_or_knowledge_facility,,supplement_confirmed,2026-09-04T16:20:12+00:00,https://museum.net.city.chiyoda.lg.jp/list/,一覧ページには住所がないため詳細ページまたは館公式サイトで補完
REC-275a2a86557e,chiyoda_museum_network,supplement,C,衆議院憲政記念館,衆議院憲政記念館,13101,千代田区,,,,https://museum.net.city.chiyoda.lg.jp/list/shisetsu/04.php,museum_or_knowledge_facility,,supplement_confirmed,2026-09-04T16:20:12+00:00,https://museum.net.city.chiyoda.lg.jp/list/,一覧ページには住所がないため詳細ページまたは館公式サイトで補完
REC-851f5c23062c,chiyoda_museum_network,supplement,C,金融ミュージアム Otemachi,金融ミュージアムotemachi,13101,千代田区,,,,https://museum.net.city.chiyoda.lg.jp/list/shisetsu/33.php,museum_or_knowledge_facility,,supplement_confirmed,2026-09-04T16:20:12+00:00,https://museum.net.city.chiyoda.lg.jp/list/,一覧ページには住所がないため詳細ページまたは館公式サイトで補完
REC-17230a34abe7,chiyoda_museum_network,supplement,C,靖國神社遊就館,靖國神社遊就館,13101,千代田区,,,,https://museum.net.city.chiyoda.lg.jp/list/shisetsu/20.php,museum_or_knowledge_facility,,supplement_confirmed,2026-09-04T16:20:12+00:00,https://museum.net.city.chiyoda.lg.jp/list/,一覧ページには住所がないため詳細ページまたは館公式サイトで補完
REC-5f696879099e,chiyoda_museum_network,supplement,C,静嘉堂文庫美術館（静嘉堂＠丸の内）,静嘉堂文庫美術館(静嘉堂@丸の内),13101,千代田区,,,,https://museum.net.city.chiyoda.lg.jp/list/shisetsu/30.php,museum_or_knowledge_facility,,supplement_confirmed,2026-09-04T16:20:12+00:00,https://museum.net.city.chiyoda.lg.jp/list/,一覧ページには住所がないため詳細ページまたは館公式サイトで補完
REC-f46092eef3c4,chiyoda_museum_network,supplement,C,領土・主権展示館,領土主権展示館,13101,千代田区,,,,https://museum.net.city.chiyoda.lg.jp/list/shisetsu/25.php,museum_or_knowledge_facility,,supplement_confirmed,2026-09-04T16:20:12+00:00,https://museum.net.city.chiyoda.lg.jp/list/,一覧ページには住所がないため詳細ページまたは館公式サイトで補完
REC-a8ca0cbdf200,japan_aquarium_association,supplement,B,しながわ水族館,しながわ水族館,,,,,,https://www.aquarium.gr.jp/,aquarium_or_living_collection,,needs_review,2026-09-04T16:20:12+00:00,https://www.j-aqua.org/member/,公開名簿に住所がないため所在地詳細を要確認
REC-53486e563a05,japan_aquarium_association,supplement,B,サンシャイン水族館,サンシャイン水族館,,,,,,https://sunshinecity.jp/aquarium/,aquarium_or_living_collection,,needs_review,2026-09-04T16:20:12+00:00,https://www.j-aqua.org/member/,公開名簿に住所がないため所在地詳細を要確認
REC-f87de75f0b4f,japan_aquarium_association,supplement,B,マクセル アクアパーク品川,マクセルアクアパーク品川,,,,,,http://www.aqua-park.jp/aqua/index.html,aquarium_or_living_collection,,needs_review,2026-09-04T16:20:12+00:00,https://www.j-aqua.org/member/,公開名簿に住所がないため所在地詳細を要確認
REC-e81d90f1b8cd,japan_aquarium_association,supplement,B,足立区生物園,足立区生物園,,,,,,https://seibutuen.jp/,aquarium_or_living_collection,,needs_review,2026-09-04T16:20:12+00:00,https://www.j-aqua.org/member/,公開名簿に住所がないため所在地詳細を要確認
REC-840fce9ba8d8,jaza_aquarium,supplement,B,マクセル アクアパーク品川,マクセルアクアパーク品川,13103,港区,108-8611,東京都港区高輪4-10-30,03-5421-7808,,aquarium,,supplement_confirmed,2026-09-04T16:20:12+00:00,https://www.jaza.jp/about-jaza/structure/list-aquarium,
REC-421b4229538e,jaza_aquarium,supplement,B,すみだ水族館,すみだ水族館,13107,墨田区,131-0045,東京都墨田区押上1-1-2東京スカイツリータウン・ソラマチ5F,03-5619-1821,,aquarium,,supplement_confirmed,2026-09-04T16:20:12+00:00,https://www.jaza.jp/about-jaza/structure/list-aquarium,
REC-9edfce65cfe8,jaza_aquarium,supplement,B,しながわ水族館,しながわ水族館,13109,品川区,140-0012,東京都品川区勝島3-2-1,03-3762-3433,,aquarium,,supplement_confirmed,2026-09-04T16:20:12+00:00,https://www.jaza.jp/about-jaza/structure/list-aquarium,
REC-4d5476600f4b,jaza_aquarium,supplement,B,サンシャイン水族館,サンシャイン水族館,13116,豊島区,170-8630,東京都豊島区東池袋3-1-3,03-3989-3472,,aquarium,,supplement_confirmed,2026-09-04T16:20:12+00:00,https://www.jaza.jp/about-jaza/structure/list-aquarium,
REC-93db79f5e0bd,jaza_aquarium,supplement,B,東京都葛西臨海水族園,葛西臨海水族園,13123,江戸川区,134-8587,東京都江戸川区臨海町6-2-3,03-3869-5152,,aquarium,,supplement_confirmed,2026-09-04T16:20:12+00:00,https://www.jaza.jp/about-jaza/structure/list-aquarium,
REC-24315336d10e,jaza_zoo,supplement,B,東京都恩賜上野動物園,恩賜上野動物園,13106,台東区,110-8711,東京都台東区上野公園9-83,03-3828-5171,,zoo,,supplement_confirmed,2026-09-04T16:20:12+00:00,https://www.jaza.jp/about-jaza/structure/list-zoo,
REC-74de6530c4c2,jaza_zoo,supplement,B,足立区生物園,足立区生物園,13121,足立区,121-0064,東京都足立区保木間2-17-1,03-3884-5577,,zoo,,supplement_confirmed,2026-09-04T16:20:12+00:00,https://www.jaza.jp/about-jaza/structure/list-zoo,
REC-f6833b669f63,jaza_zoo,supplement,B,江戸川区自然動物園,江戸川区自然動物園,13123,江戸川区,134-0081,東京都江戸川区北葛西3-2-1,03-3680-0777,,zoo,,supplement_confirmed,2026-09-04T16:20:12+00:00,https://www.jaza.jp/about-jaza/structure/list-zoo,
REC-c4a56f61ab3a,jaza_zoo,supplement,B,東京都井の頭自然文化園,井の頭自然文化園,13203,武蔵野市,180-0005,東京都武蔵野市御殿山1-17-6,0422-46-1100,,zoo,,supplement_confirmed,2026-09-04T16:20:12+00:00,https://www.jaza.jp/about-jaza/structure/list-zoo,
REC-5df6b3baf8d7,jaza_zoo,supplement,B,町田リス園,町田リス園,13209,町田市,195-0073,東京都町田市薬師台1-733-1,042-734-1001,,zoo,,supplement_confirmed,2026-09-04T16:20:12+00:00,https://www.jaza.jp/about-jaza/structure/list-zoo,
REC-cbeeeb675903,jaza_zoo,supplement,B,東京都多摩動物公園,多摩動物公園,13212,日野市,191-0042,東京都日野市程久保7-1-1,042-591-1611,,zoo,,supplement_confirmed,2026-09-04T16:20:12+00:00,https://www.jaza.jp/about-jaza/structure/list-zoo,
REC-9f504b59b156,jaza_zoo,supplement,B,羽村市動物公園,羽村市動物公園,13227,羽村市,205-0012,東京都羽村市羽4122,042-579-4041,,zoo,,supplement_confirmed,2026-09-04T16:20:12+00:00,https://www.jaza.jp/about-jaza/structure/list-zoo,
REC-6abed6f6a13d,jaza_zoo,supplement,B,東京都立大島公園,東京都立大島公園,13361,大島町,100-0103,東京都大島町泉津字福重2号,04992-2-9111,,zoo,,supplement_confirmed,2026-09-04T16:20:12+00:00,https://www.jaza.jp/about-jaza/structure/list-zoo,
REC-e6b721f5a663,jcsm,supplement,B,ＮＨＫ放送博物館,nhk放送博物館,13103,港区,105-0002,東京都港区愛宕2-1-1,,http://www.nhk.or.jp/museum/,science_museum,,supplement_confirmed,2026-09-04T16:20:12+00:00,https://jcsm.jp/list/membership/,
REC-23a47b1bde9d,jcsm,supplement,B,TEPIA先端技術館,tepia先端技術館,13103,港区,107-0061,東京都港区北青山2-8-44,,http://www.tepia.jp/exhibition,science_museum,,supplement_confirmed,2026-09-04T16:20:12+00:00,https://jcsm.jp/list/membership/,
REC-3c2e479cca7b,jcsm,supplement,B,港区立みなと科学館,港区立みなと科学館,13103,港区,105-0001,東京都港区虎ノ門3-6-9,,https://minato-kagaku.tokyo/,science_museum,,supplement_confirmed,2026-09-04T16:20:12+00:00,https://jcsm.jp/list/membership/,
REC-0318fc0062be,jcsm,supplement,B,東京消防庁消防防災資料センター消防博物館,東京消防庁消防防災資料センター消防博物館,13104,新宿区,160-0004,東京都新宿区四谷3ｰ10,,https://www.tfd.metro.tokyo.lg.jp/taiken/hkkan/,science_museum,,supplement_confirmed,2026-09-04T16:20:12+00:00,https://jcsm.jp/list/membership/,
REC-3b1ea434b14c,jcsm,supplement,B,国立科学博物館,国立科学博物館,13106,台東区,110-8718,東京都台東区上野公園7-20,,http://www.kahaku.go.jp,science_museum,,supplement_confirmed,2026-09-04T16:20:12+00:00,https://jcsm.jp/list/membership/,
REC-37fbbd5ab9d1,jcsm,supplement,B,たばこと塩の博物館,たばこと塩の博物館,13107,墨田区,130-0003,東京都墨田区横川1-16-3,,http://www.jti.co.jp/Culture/museum/WelcomeJ.html,science_museum,,supplement_confirmed,2026-09-04T16:20:12+00:00,https://jcsm.jp/list/membership/,
REC-2dc129863921,jcsm,supplement,B,東武博物館,東武博物館,13107,墨田区,131-0032,東京都墨田区東向島4-28-16,,http://www.tobu.co.jp/museum/,science_museum,,supplement_confirmed,2026-09-04T16:20:12+00:00,https://jcsm.jp/list/membership/,
REC-96f31ac86ae0,jcsm,supplement,B,郵政博物館,郵政博物館,13107,墨田区,131-8139,東京都墨田区押上1-1-2東京スカイツリータウン・ソラマチ9F,,http://www.postalmuseum.jp/,science_museum,,supplement_confirmed,2026-09-04T16:20:12+00:00,https://jcsm.jp/list/membership/,
REC-7da3be9a73dc,jcsm,supplement,B,日本科学未来館,日本科学未来館,13108,江東区,135-0064,東京都江東区青海2-3-6,,http://www.miraikan.jst.go.jp/,science_museum,,supplement_confirmed,2026-09-04T16:20:12+00:00,https://jcsm.jp/list/membership/,
REC-1ee2eb6a3a11,jcsm,supplement,B,東京ガス株式会社 がすてなーに ガスの科学館,東京ガス株式会社がすてなーにガスの科学館,13108,江東区,135-0061,東京都江東区豊洲6-1-1,,http://www.gas-kagakukan.com/,science_museum,,supplement_confirmed,2026-09-04T16:20:12+00:00,https://jcsm.jp/list/membership/,
REC-a2152c84f19c,jcsm,supplement,B,船の科学館,船の科学館,13109,品川区,135-8587,東京都品川区東八潮3-1,,http://www.funenokagakukan.or.jp,science_museum,,supplement_confirmed,2026-09-04T16:20:12+00:00,https://jcsm.jp/list/membership/,
REC-0573539ea1f0,jcsm,supplement,B,東京科学大学博物館,東京科学大学博物館,13110,目黒区,152-8550,東京都目黒区大岡山2-12-1,,http://www.cent.titech.ac.jp/,science_museum,,supplement_confirmed,2026-09-04T16:20:12+00:00,https://jcsm.jp/list/membership/,
REC-ff9f39607619,jcsm,supplement,B,目黒寄生虫館,目黒寄生虫館,13110,目黒区,153-0064,東京都目黒区下目黒4-1-1,,http://www.kiseichu.org/,science_museum,,supplement_confirmed,2026-09-04T16:20:12+00:00,https://jcsm.jp/list/membership/,
REC-23f1a59d9e3a,jcsm,supplement,B,こども鉱物館,こども鉱物館,13113,渋谷区,150-0001,東京都渋谷区神宮前2-30-4,,http://www.kodomokoubutsukan.com/,science_museum,,supplement_confirmed,2026-09-04T16:20:12+00:00,https://jcsm.jp/list/membership/,
REC-6641d5514c1f,jcsm,supplement,B,サンシャイン水族館,サンシャイン水族館,13116,豊島区,170-8630,東京都豊島区東池袋3-1 サンシャインシティ,,https://sunshinecity.jp/aquarium/,science_museum,,supplement_confirmed,2026-09-04T16:20:12+00:00,https://jcsm.jp/list/membership/,
REC-aa9348d7899a,jcsm,supplement,B,板橋区立教育科学館,板橋区立教育科学館,13119,板橋区,174-0071,東京都板橋区常盤台4-14-1,,http://www.itbs-sem.jp/,science_museum,,supplement_confirmed,2026-09-04T16:20:12+00:00,https://jcsm.jp/list/membership/,
REC-815a77b1538a,jcsm,supplement,B,葛飾区郷土と天文の博物館,葛飾区郷土と天文の博物館,13122,葛飾区,125-0063,東京都葛飾区白鳥3-25-1,,http://www.museum.city.katsushika.lg.jp/,science_museum,,supplement_confirmed,2026-09-04T16:20:12+00:00,https://jcsm.jp/list/membership/,
REC-1adecd1d4b2c,jcsm,supplement,B,地下鉄博物館,地下鉄博物館,13123,江戸川区,134-0084,東京都江戸川区東葛西6-3-1,,http://www.chikahaku.jp/,science_museum,,supplement_confirmed,2026-09-04T16:20:12+00:00,https://jcsm.jp/list/membership/,
REC-6a43bc4d9a93,jcsm,supplement,B,府中市郷土の森博物館,府中市郷土の森博物館,13206,府中市,183-0026,東京都府中市南町6ｰ32,,http://www.fuchu-cpf.or.jp/museum/index.html,science_museum,,supplement_confirmed,2026-09-04T16:20:12+00:00,https://jcsm.jp/list/membership/,
REC-23d97c18409f,jcsm,supplement,B,東京農工大学科学博物館,東京農工大学科学博物館,13210,小金井市,184-8588,東京都小金井市中町2-24-16,,https://www.tuat-museum.org/,science_museum,,supplement_confirmed,2026-09-04T16:20:12+00:00,https://jcsm.jp/list/membership/,
REC-3b2ff1009996,jcsm,supplement,B,多摩六都科学館,多摩六都科学館,13229,西東京市,188-0014,東京都西東京市芝久保町5-10-64,,http://www.tamarokuto.or.jp/,science_museum,,supplement_confirmed,2026-09-04T16:20:12+00:00,https://jcsm.jp/list/membership/,
REC-bdef21b67dbc,minato_museum_network,supplement,C,21_21 DESIGN SIGHT,21_21designsight,13103,港区,,東京都港区赤坂9-7-6 東京ミッドタウン ミッドタウン・ガーデン,,https://www.2121designsight.jp/,museum_or_display_facility,,supplement_confirmed,2026-09-04T16:20:12+00:00,https://www.minato-rekishi.com/musenet/museumlist.html,
REC-0cac37f1c69f,minato_museum_network,supplement,C,NHK放送博物館,nhk放送博物館,13103,港区,,東京都港区愛宕2-1-1,,https://www.nhk.or.jp/museum/,museum_or_display_facility,,supplement_confirmed,2026-09-04T16:20:12+00:00,https://www.minato-rekishi.com/musenet/museumlist.html,
REC-cb808a9e4bf1,minato_museum_network,supplement,C,TEPIA 先端技術館,tepia先端技術館,13103,港区,,東京都港区北青山2-8-44,,https://www.tepia.jp/exhibition/,museum_or_display_facility,,supplement_confirmed,2026-09-04T16:20:12+00:00,https://www.minato-rekishi.com/musenet/museumlist.html,
REC-fbb29ca60ed4,minato_museum_network,supplement,C,TOTOギャラリー・間,totoギャラリー間,13103,港区,,東京都港区南青山1-24-3 TOTO乃木坂ビル3階,,https://info.jp.toto.com/gallerma/,museum_or_display_facility,,supplement_confirmed,2026-09-04T16:20:12+00:00,https://www.minato-rekishi.com/musenet/museumlist.html,
REC-f8247a3f3f84,minato_museum_network,supplement,C,お茶の文化創造博物館／お～いお茶ミュージアム,お茶の文化創造博物館/お~いお茶ミュージアム,13103,港区,,東京都港区東新橋1-5-3 旧新橋停車場内,,https://www.ochamuseum.jp/,museum_or_display_facility,,supplement_confirmed,2026-09-04T16:20:12+00:00,https://www.minato-rekishi.com/musenet/museumlist.html,
REC-b931f6164d8b,minato_museum_network,supplement,C,アドミュージアム東京,アドミュージアム東京,13103,港区,,東京都港区東新橋1-8-2 カレッタ汐留,,https://www.admt.jp/,museum_or_display_facility,,supplement_confirmed,2026-09-04T16:20:12+00:00,https://www.minato-rekishi.com/musenet/museumlist.html,
REC-a21d580a5168,minato_museum_network,supplement,C,キヤノンギャラリー S,キヤノンギャラリーs,13103,港区,,東京都港区港南2-16-6 キヤノン S タワー,,https://personal.canon.jp/showroom/gallery/shinagawa,museum_or_display_facility,,supplement_confirmed,2026-09-04T16:20:12+00:00,https://www.minato-rekishi.com/musenet/museumlist.html,
REC-dc91ed0831ef,minato_museum_network,supplement,C,クロステックミュージアム,クロステックミュージアム,13103,港区,,東京都港区東新橋1-9-3,,https://www.minebeamitsumi.com/xtechmuseum/,museum_or_display_facility,,supplement_confirmed,2026-09-04T16:20:12+00:00,https://www.minato-rekishi.com/musenet/museumlist.html,
REC-f78e1d4a9f16,minato_museum_network,supplement,C,サントリー美術館,サントリー美術館,13103,港区,,東京都港区赤坂9-7-4 東京ミッドタウン ガレリア3階,,https://www.suntory.co.jp/sma/,museum_or_display_facility,,supplement_confirmed,2026-09-04T16:20:12+00:00,https://www.minato-rekishi.com/musenet/museumlist.html,
REC-084c4412f46c,minato_museum_network,supplement,C,パナソニック汐留美術館,パナソニック汐留美術館,13103,港区,,東京都港区東新橋1-5-1 パナソニック東京汐留ビル4階,,https://panasonic.co.jp/ew/museum/,museum_or_display_facility,,supplement_confirmed,2026-09-04T16:20:12+00:00,https://www.minato-rekishi.com/musenet/museumlist.html,
REC-75e9a5edc993,minato_museum_network,supplement,C,フジフイルム スクエア,フジフイルムスクエア,13103,港区,,東京都港区赤坂9-7-3 東京ミッドタウン,,https://fujifilmsquare.jp/,museum_or_display_facility,,supplement_confirmed,2026-09-04T16:20:12+00:00,https://www.minato-rekishi.com/musenet/museumlist.html,
REC-1c7485cddd38,minato_museum_network,supplement,C,ポーラ文化研究所 化粧文化ギャラリー,ポーラ文化研究所化粧文化ギャラリー,13103,港区,,東京都港区南青山2-5-17 ポーラ青山ビルディング1階,,https://www.cosmetic-culture.po-holdings.co.jp/,museum_or_display_facility,,supplement_confirmed,2026-09-04T16:20:12+00:00,https://www.minato-rekishi.com/musenet/museumlist.html,
REC-5847be940a1a,minato_museum_network,supplement,C,マクセル アクアパーク品川,マクセルアクアパーク品川,13103,港区,,東京都港区高輪 4-10-30 品川プリンスホテル内,,https://www.aqua-park.jp/,museum_or_display_facility,,supplement_confirmed,2026-09-04T16:20:12+00:00,https://www.minato-rekishi.com/musenet/museumlist.html,
REC-41f46e12cc4a,minato_museum_network,supplement,C,ヤマトグループ歴史館 クロネコヤマトミュージアム,ヤマトグループ歴史館クロネコヤマトミュージアム,13103,港区,,東京都港区港南2-13-26,,https://www.yamato-hd.co.jp/museum/,museum_or_display_facility,,supplement_confirmed,2026-09-04T16:20:12+00:00,https://www.minato-rekishi.com/musenet/museumlist.html,
REC-a6ab450f8704,minato_museum_network,supplement,C,ヨックモックミュージアム,ヨックモックミュージアム,13103,港区,,東京都港区南青山6-15−1,,https://yokumokumuseum.com/,museum_or_display_facility,,supplement_confirmed,2026-09-04T16:20:12+00:00,https://www.minato-rekishi.com/musenet/museumlist.html,
REC-1f59c8be8903,minato_museum_network,supplement,C,共同通信社 ニュースアート,共同通信社ニュースアート,13103,港区,,東京都港区東新橋1-7-1 汐留メディアタワー,,https://www.kyodonews.jp/,museum_or_display_facility,,supplement_confirmed,2026-09-04T16:20:12+00:00,https://www.minato-rekishi.com/musenet/museumlist.html,
REC-1443c67eb0f8,minato_museum_network,supplement,C,出光興産ヒューマンギャラリー,出光興産ヒューマンギャラリー,13103,港区,,東京都港区北青山1-3-6 SIビル青山7階,,https://idemitsu-human-gallery.com/,museum_or_display_facility,,supplement_confirmed,2026-09-04T16:20:12+00:00,https://www.minato-rekishi.com/musenet/museumlist.html,
REC-a9048bad45cc,minato_museum_network,supplement,C,北里柴三郎記念博物館,北里柴三郎記念博物館,13103,港区,,東京都港区白金5-9-1,,https://www.kitasato.ac.jp/jp/kinen-shitsu/,museum_or_display_facility,,supplement_confirmed,2026-09-04T16:20:12+00:00,https://www.minato-rekishi.com/musenet/museumlist.html,
REC-6002a7ce482a,minato_museum_network,supplement,C,味の素グループ 食とくらしの小さな博物館,味の素グループ食とくらしの小さな博物館,13103,港区,,東京都港区高輪3-13-65,,https://www.ajinomoto.co.jp/kfb/museum/,museum_or_display_facility,,supplement_confirmed,2026-09-04T16:20:12+00:00,https://www.minato-rekishi.com/musenet/museumlist.html,
REC-3d9d9de9ef75,minato_museum_network,supplement,C,味の素食の文化センター 食文化展示室,味の素食の文化センター食文化展示室,13103,港区,,東京都港区高輪3-13-65,,https://www.syokubunka.or.jp/library/culture/,museum_or_display_facility,,supplement_confirmed,2026-09-04T16:20:12+00:00,https://www.minato-rekishi.com/musenet/museumlist.html,
REC-902180eae748,minato_museum_network,supplement,C,国立新美術館,国立新美術館,13103,港区,,東京都港区六本木7-22-2,,https://www.nact.jp/,museum_or_display_facility,,supplement_confirmed,2026-09-04T16:20:12+00:00,https://www.minato-rekishi.com/musenet/museumlist.html,
REC-86da9ae091bc,minato_museum_network,supplement,C,国立科学博物館附属自然教育園,国立科学博物館附属自然教育園,13103,港区,,東京都港区白金台5-21-5,,https://ins.kahaku.go.jp/,museum_or_display_facility,,supplement_confirmed,2026-09-04T16:20:12+00:00,https://www.minato-rekishi.com/musenet/museumlist.html,
REC-1272b5201409,minato_museum_network,supplement,C,増上寺宝物展示室,増上寺宝物展示室,13103,港区,,東京都港区芝公園4-7-35 大殿地下1階,,https://www.zojoji.or.jp/takara/,museum_or_display_facility,,supplement_confirmed,2026-09-04T16:20:12+00:00,https://www.minato-rekishi.com/musenet/museumlist.html,
REC-232a9d2f62d6,minato_museum_network,supplement,C,外務省外交史料館展示室,外務省外交史料館展示室,13103,港区,,東京都港区麻布台1-3-1 麻布台ヒルズ森JPタワー5階,,https://www.mofa.go.jp/mofaj/annai/honsho/shiryo/archive.html,museum_or_display_facility,,supplement_confirmed,2026-09-04T16:20:12+00:00,https://www.minato-rekishi.com/musenet/museumlist.html,
REC-8f555c9963df,minato_museum_network,supplement,C,大倉集古館,大倉集古館,13103,港区,,東京都港区虎ノ門2-10-3,,https://www.shukokan.org/,museum_or_display_facility,,supplement_confirmed,2026-09-04T16:20:12+00:00,https://www.minato-rekishi.com/musenet/museumlist.html,
REC-0ae7c89499a8,minato_museum_network,supplement,C,岡本太郎記念館,岡本太郎記念館,13103,港区,,東京都港区南青山6-1-19,,https://taro-okamoto.or.jp/,museum_or_display_facility,,supplement_confirmed,2026-09-04T16:20:12+00:00,https://www.minato-rekishi.com/musenet/museumlist.html,
REC-4a915c5ebbdc,minato_museum_network,supplement,C,慶應義塾ミュージアム・コモンズ,慶應義塾ミュージアムコモンズ,13103,港区,,東京都港区三田2-15-45,,https://kemco.keio.ac.jp/,museum_or_display_facility,,supplement_confirmed,2026-09-04T16:20:12+00:00,https://www.minato-rekishi.com/musenet/museumlist.html,
REC-a2c01d23417b,minato_museum_network,supplement,C,慶應義塾大学アート・センター,慶應義塾大学アートセンター,13103,港区,,東京都港区三田2-15-45,,http://www.art-c.keio.ac.jp/,museum_or_display_facility,,supplement_confirmed,2026-09-04T16:20:12+00:00,https://www.minato-rekishi.com/musenet/museumlist.html,
REC-986f8f15588e,minato_museum_network,supplement,C,旧新橋停車場 鉄道歴史展示室,旧新橋停車場鉄道歴史展示室,13103,港区,,東京都港区東新橋1-5-3,,https://www.ejrcf.or.jp/shinbashi/,museum_or_display_facility,,supplement_confirmed,2026-09-04T16:20:12+00:00,https://www.minato-rekishi.com/musenet/museumlist.html,
REC-5a8a8f1cebd0,minato_museum_network,supplement,C,明治学院歴史資料館,明治学院歴史資料館,13103,港区,,東京都港区白金台1-2-37,,https://shiryokan.meijigakuin.jp/,museum_or_display_facility,,supplement_confirmed,2026-09-04T16:20:12+00:00,https://www.minato-rekishi.com/musenet/museumlist.html,
REC-ba0f2c95d6f2,minato_museum_network,supplement,C,東京ミッドタウン・デザインハブ,東京ミッドタウンデザインハブ,13103,港区,,東京都港区赤坂9-7-1 ミッドタウン・タワー5階,,https://www.designhub.jp/,museum_or_display_facility,,supplement_confirmed,2026-09-04T16:20:12+00:00,https://www.minato-rekishi.com/musenet/museumlist.html,
REC-55bcd08cef7d,minato_museum_network,supplement,C,東京海洋大学マリンサイエンスミュージアム,東京海洋大学マリンサイエンスミュージアム,13103,港区,,東京都港区港南4-5-7,,https://www.s.kaiyodai.ac.jp/msm/,museum_or_display_facility,,supplement_confirmed,2026-09-04T16:20:12+00:00,https://www.minato-rekishi.com/musenet/museumlist.html,
REC-6e54a5fb552f,minato_museum_network,supplement,C,東京都庭園美術館,東京都庭園美術館,13103,港区,,東京都港区白金台5-21-9,,https://www.teien-art-museum.ne.jp/,museum_or_display_facility,,supplement_confirmed,2026-09-04T16:20:12+00:00,https://www.minato-rekishi.com/musenet/museumlist.html,
REC-c7f55537af67,minato_museum_network,supplement,C,東京都立中央図書館,東京都立中央図書館,13103,港区,,東京都港区南麻布5-7-13,,https://www.library.metro.tokyo.lg.jp/,museum_or_display_facility,,supplement_confirmed,2026-09-04T16:20:12+00:00,https://www.minato-rekishi.com/musenet/museumlist.html,
REC-4a85e98d6333,minato_museum_network,supplement,C,松岡美術館,松岡美術館,13103,港区,,東京都港区白金台5-12-6,,https://www.matsuoka-museum.jp/,museum_or_display_facility,,supplement_confirmed,2026-09-04T16:20:12+00:00,https://www.minato-rekishi.com/musenet/museumlist.html,
REC-b15946bbe9f3,minato_museum_network,supplement,C,根津美術館,根津美術館,13103,港区,,東京都港区南青山6-5-1,,https://www.nezu-muse.or.jp/,museum_or_display_facility,,supplement_confirmed,2026-09-04T16:20:12+00:00,https://www.minato-rekishi.com/musenet/museumlist.html,
REC-57272702d320,minato_museum_network,supplement,C,森美術館,森美術館,13103,港区,,東京都港区六本木6-10-1 六本木ヒルズ森タワー53階,,https://www.mori.art.museum/,museum_or_display_facility,,supplement_confirmed,2026-09-04T16:20:12+00:00,https://www.minato-rekishi.com/musenet/museumlist.html,
REC-fed88d3bae37,minato_museum_network,supplement,C,気象庁 気象科学館,気象庁気象科学館,13103,港区,,東京都港区虎ノ門3-6-9,,https://www.jma.go.jp/jma/kishou/intro/kagakukan.html,museum_or_display_facility,,supplement_confirmed,2026-09-04T16:20:12+00:00,https://www.minato-rekishi.com/musenet/museumlist.html,
REC-49101bd43d47,minato_museum_network,supplement,C,泉屋博古館東京,泉屋博古館東京,13103,港区,,東京都港区六本木1-5-1,,https://www.sen-oku.or.jp/tokyo/,museum_or_display_facility,,supplement_confirmed,2026-09-04T16:20:12+00:00,https://www.minato-rekishi.com/musenet/museumlist.html,
REC-49a9ca38fa1e,minato_museum_network,supplement,C,泉岳寺 赤穂義士記念館,泉岳寺赤穂義士記念館,13103,港区,,東京都港区高輪2-11-1,,https://sengakuji.or.jp/worship/#18,museum_or_display_facility,,supplement_confirmed,2026-09-04T16:20:12+00:00,https://www.minato-rekishi.com/musenet/museumlist.html,
REC-582ea2b4d92e,minato_museum_network,supplement,C,港区立みなと科学館,港区立みなと科学館,13103,港区,,東京都港区虎ノ門3-6-9,,https://minato-kagaku.tokyo/,museum_or_display_facility,,supplement_confirmed,2026-09-04T16:20:12+00:00,https://www.minato-rekishi.com/musenet/museumlist.html,
REC-fbdcf88385fc,minato_museum_network,supplement,C,港区立郷土歴史館,港区立郷土歴史館,13103,港区,,東京都港区白金台4-6-2,,https://www.minato-rekishi.com/,museum_or_display_facility,,supplement_confirmed,2026-09-04T16:20:12+00:00,https://www.minato-rekishi.com/musenet/museumlist.html,
REC-93587294ceff,minato_museum_network,supplement,C,物流博物館,物流博物館,13103,港区,,東京都港区高輪4-7-15,,https://www.lmuse.or.jp/,museum_or_display_facility,,supplement_confirmed,2026-09-04T16:20:12+00:00,https://www.minato-rekishi.com/musenet/museumlist.html,
REC-a81bb564815d,minato_museum_network,supplement,C,福澤諭吉記念 慶應義塾史展示館,福澤諭吉記念慶應義塾史展示館,13103,港区,,東京都港区三田2-15-45,,https://history.keio.ac.jp/,museum_or_display_facility,,supplement_confirmed,2026-09-04T16:20:12+00:00,https://www.minato-rekishi.com/musenet/museumlist.html,
REC-1ee4e284c97e,minato_museum_network,supplement,C,秋山庄太郎写真芸術館,秋山庄太郎写真芸術館,13103,港区,,東京都港区南青山4-18-9,,http://akiyama-shotaro.com/,museum_or_display_facility,,supplement_confirmed,2026-09-04T16:20:12+00:00,https://www.minato-rekishi.com/musenet/museumlist.html,
REC-760748703e63,minato_museum_network,supplement,C,紅ミュージアム,紅ミュージアム,13103,港区,,東京都港区南青山6-6-20 K's南青山ビル1階,,https://www.isehan-beni.co.jp/museum/,museum_or_display_facility,,supplement_confirmed,2026-09-04T16:20:12+00:00,https://www.minato-rekishi.com/musenet/museumlist.html,
REC-ff65f758a9ee,minato_museum_network,supplement,C,荏原 畠山美術館,荏原畠山美術館,13103,港区,,東京都港区白金台2-20-12,,https://www.hatakeyama-museum.org/,museum_or_display_facility,,supplement_confirmed,2026-09-04T16:20:12+00:00,https://www.minato-rekishi.com/musenet/museumlist.html,
REC-b4e91829b67f,minato_museum_network,supplement,C,菊池寛実記念 智美術館,菊池寛実記念智美術館,13103,港区,,東京都港区虎ノ門4-1-35,,https://www.musee-tomo.or.jp/,museum_or_display_facility,,supplement_confirmed,2026-09-04T16:20:12+00:00,https://www.minato-rekishi.com/musenet/museumlist.html,
REC-73e20f231134,minato_museum_network,supplement,C,虎屋 赤坂ギャラリー,虎屋赤坂ギャラリー,13103,港区,,東京都港区赤坂4-9-22,,https://www.toraya-group.co.jp/corporate/csr/culture/exhibitions/category/shop-5,museum_or_display_facility,,supplement_confirmed,2026-09-04T16:20:12+00:00,https://www.minato-rekishi.com/musenet/museumlist.html,
REC-93940ce16704,minato_museum_network,supplement,C,赤十字情報プラザ,赤十字情報プラザ,13103,港区,,東京都港区芝大門1-1-3,,https://www.jrc.or.jp/webmuseum/plaza/,museum_or_display_facility,,supplement_confirmed,2026-09-04T16:20:12+00:00,https://www.minato-rekishi.com/musenet/museumlist.html,
