municipality_code,name,owner,category,designation_status_code,designation_status_ja,previously_registered,registration_year_raw,designation_year_raw,heritage_type_major_code,heritage_type_major_ja,heritage_type_detail,confidence,join_note
13118,養福寺仁王門,養福寺,有形文化財（建造物）,designated,指定,1,昭58,昭63,tangible,有形文化財,建造物,high,exact raw row: 名称+所有者等+文化財分類
13118,経王寺山門 付門番所,経王寺,有形文化財（建造物）,designated,指定,1,昭58,平20,tangible,有形文化財,建造物,high,exact raw row: 名称+所有者等+文化財分類
13118,諏方神社鳥居,諏方神社,有形文化財（建造物）,registered,登録,0,昭58,,tangible,有形文化財,建造物,high,exact raw row: 名称+所有者等+文化財分類
13118,石浜神社鳥居（寛延二年八月哉生明銘）,石浜神社,有形文化財（建造物）,designated,指定,1,昭58,平26,tangible,有形文化財,建造物,high,exact raw row: 名称+所有者等+文化財分類
13118,石浜神社鳥居（安永八年六月十六日銘）,石浜神社,有形文化財（建造物）,designated,指定,1,昭58,令元,tangible,有形文化財,建造物,high,exact raw row: 名称+所有者等+文化財分類
13118,胡録神社本殿,胡録神社,有形文化財（建造物）,registered,登録,0,平5,,tangible,有形文化財,建造物,high,exact raw row: 名称+所有者等+文化財分類
13118,浄閑寺表門,浄閑寺,有形文化財（建造物）,registered,登録,0,平14,,tangible,有形文化財,建造物,high,exact raw row: 名称+所有者等+文化財分類
13118,旧三河島汚水処分場喞筒場施設,東京都,有形文化財（建造物）,registered,登録,0,平14,,tangible,有形文化財,建造物,high,exact raw row: 名称+所有者等+文化財分類
13118,日枝神社本殿,素盞雄神社,有形文化財（建造物）,registered,登録,0,平15,,tangible,有形文化財,建造物,high,exact raw row: 名称+所有者等+文化財分類
13118,麁香神社社殿,石浜神社,有形文化財（建造物）,registered,登録,0,平21,,tangible,有形文化財,建造物,high,exact raw row: 名称+所有者等+文化財分類
13118,本行寺山門 付門番所及び築地塀,本行寺,有形文化財（建造物）,registered,登録,0,平22,,tangible,有形文化財,建造物,high,exact raw row: 名称+所有者等+文化財分類
13118,荒川遊園煉瓦塀,荒川区,有形文化財（建造物）,registered,登録,0,平30,,tangible,有形文化財,建造物,high,exact raw row: 名称+所有者等+文化財分類
13118,旧千住製絨所煉瓦塀,東京都,有形文化財（建造物）,registered,登録,0,令3,,tangible,有形文化財,建造物,high,exact raw row: 名称+所有者等+文化財分類
13118,石浜神社本殿,石浜神社,有形文化財（建造物）,registered,登録,0,令3,,tangible,有形文化財,建造物,high,exact raw row: 名称+所有者等+文化財分類
13118,木造七面明神立像宮殿,延命院,有形文化財（建造物）,registered,登録,0,令5,,tangible,有形文化財,建造物,high,exact raw row: 名称+所有者等+文化財分類
13118,紙本着色仏涅槃図,公春院,有形文化財（絵画）,registered,登録,0,昭59,,tangible,有形文化財,絵画,high,exact raw row: 名称+所有者等+文化財分類
13118,紙本着色山越阿弥陀図,満光寺,有形文化財（絵画）,registered,登録,0,昭59,,tangible,有形文化財,絵画,high,exact raw row: 名称+所有者等+文化財分類
13118,紙本着色善導・円光両大師画像,大聖寺,有形文化財（絵画）,registered,登録,0,昭59,,tangible,有形文化財,絵画,high,exact raw row: 名称+所有者等+文化財分類
13118,絹本着色真言八祖画像,観音寺,有形文化財（絵画）,registered,登録,0,昭61,,tangible,有形文化財,絵画,high,exact raw row: 名称+所有者等+文化財分類
13118,紙本着色仏涅槃図,本行寺,有形文化財（絵画）,registered,登録,0,昭62,,tangible,有形文化財,絵画,high,exact raw row: 名称+所有者等+文化財分類
13118,絹本着色虚無僧像,地蔵寺,有形文化財（絵画）,registered,登録,0,平13,,tangible,有形文化財,絵画,high,exact raw row: 名称+所有者等+文化財分類
13118,絹本着色献上鶴図,個人蔵,有形文化財（絵画）,designated,指定,1,平13,平14,tangible,有形文化財,絵画,high,exact raw row: 名称+所有者等+文化財分類
13118,板本着色平経正竹生島詣図絵馬,延命院,有形文化財（絵画）,designated,指定,1,平28,平29,tangible,有形文化財,絵画,high,exact raw row: 名称+所有者等+文化財分類
13118,銅造地蔵菩薩立像,浄光寺,有形文化財（彫刻）,designated,指定,1,昭57,昭60,tangible,有形文化財,彫刻,high,exact raw row: 名称+所有者等+文化財分類
13118,木造二天王立像,養福寺,有形文化財（彫刻）,designated,指定,1,昭58,平22,tangible,有形文化財,彫刻,high,exact raw row: 名称+所有者等+文化財分類
13118,木造毘沙門天像,啓運寺,有形文化財（彫刻）,registered,登録,0,昭58,,tangible,有形文化財,彫刻,high,exact raw row: 名称+所有者等+文化財分類
13118,木造智天上人坐像,満光寺,有形文化財（彫刻）,registered,登録,0,昭59,,tangible,有形文化財,彫刻,high,exact raw row: 名称+所有者等+文化財分類
13118,銅造地蔵菩薩坐像,浄光寺,有形文化財（彫刻）,designated,指定,1,昭59,平19,tangible,有形文化財,彫刻,high,exact raw row: 名称+所有者等+文化財分類
13118,銅造菩薩立像,南泉寺,有形文化財（彫刻）,registered,登録,0,昭59,,tangible,有形文化財,彫刻,high,exact raw row: 名称+所有者等+文化財分類
13118,木造七面明神立像,延命院,有形文化財（彫刻）,registered,登録,0,昭59,,tangible,有形文化財,彫刻,high,exact raw row: 名称+所有者等+文化財分類
13118,木造阿弥陀如来立像（付宝永二年正月二五日銘台座）,法界寺,有形文化財（彫刻）,registered,登録,0,昭61,,tangible,有形文化財,彫刻,high,exact raw row: 名称+所有者等+文化財分類
13118,木造聖観音菩薩立像,南泉寺,有形文化財（彫刻）,registered,登録,0,昭62,,tangible,有形文化財,彫刻,high,exact raw row: 名称+所有者等+文化財分類
13118,木造閻魔坐像（元禄一六年七月銘）,満光寺,有形文化財（彫刻）,registered,登録,0,平2,,tangible,有形文化財,彫刻,high,exact raw row: 名称+所有者等+文化財分類
13118,木造一塔両尊仏坐像 付胎内文書,修性院,有形文化財（彫刻）,registered,登録,0,平14,,tangible,有形文化財,彫刻,high,exact raw row: 名称+所有者等+文化財分類
13118,木造三十番神坐像,修性院,有形文化財（彫刻）,registered,登録,0,平14,,tangible,有形文化財,彫刻,high,exact raw row: 名称+所有者等+文化財分類
13118,鉄製天水桶（永瀬源内富広作）,素盞雄神社,有形文化財（工芸品）,registered,登録,0,昭59,,tangible,有形文化財,美術工芸品,high,exact raw row: 名称+所有者等+文化財分類
13118,太鼓（天明七年二月吉日銘）,公春院,有形文化財（工芸品）,registered,登録,0,昭62,,tangible,有形文化財,美術工芸品,high,exact raw row: 名称+所有者等+文化財分類
13118,大般若経,大林院,有形文化財（典籍）,registered,登録,0,平27,,tangible,有形文化財,典籍,high,exact raw row: 名称+所有者等+文化財分類
13118,後北条氏関係資料,浄光寺,有形文化財（古文書）,registered,登録,0,昭57,,tangible,有形文化財,古文書,high,exact raw row: 名称+所有者等+文化財分類
13118,日蓮書状,本行寺,有形文化財（古文書）,registered,登録,0,昭57,,tangible,有形文化財,古文書,high,exact raw row: 名称+所有者等+文化財分類
13118,本行寺文書,本行寺,有形文化財（古文書）,designated,指定,1,昭58,平30,tangible,有形文化財,古文書,high,exact raw row: 名称+所有者等+文化財分類
13118,上尾久村村絵図,八幡神社,有形文化財（古文書）,designated,指定,1,昭59,平元,tangible,有形文化財,古文書,high,exact raw row: 名称+所有者等+文化財分類
13118,小塚原村絵図,荒川区教育委員会,有形文化財（古文書）,designated,指定,1,昭60,昭62,tangible,有形文化財,古文書,high,exact raw row: 名称+所有者等+文化財分類
13118,浄閑寺過去帳,浄閑寺,有形文化財（古文書）,designated,指定,1,昭61,昭63,tangible,有形文化財,古文書,high,exact raw row: 名称+所有者等+文化財分類
13118,満光寺文書,満光寺,有形文化財（古文書）,registered,登録,0,昭62,,tangible,有形文化財,古文書,high,exact raw row: 名称+所有者等+文化財分類
13118,善性寺文書,善性寺,有形文化財（古文書）,registered,登録,0,昭63,,tangible,有形文化財,古文書,high,exact raw row: 名称+所有者等+文化財分類
13118,両岸渡世向書物,個人蔵,有形文化財（古文書）,designated,指定,1,平元,平９,tangible,有形文化財,古文書,high,exact raw row: 名称+所有者等+文化財分類
13118,一月寺文書,地蔵寺,有形文化財（古文書）,registered,登録,0,平3,,tangible,有形文化財,古文書,high,exact raw row: 名称+所有者等+文化財分類
13118,伊藤家文書,荒川区教育委員会,有形文化財（古文書）,designated,指定,1,平3,平５,tangible,有形文化財,古文書,high,exact raw row: 名称+所有者等+文化財分類
13118,諏方神社文書,諏方神社,有形文化財（古文書）,registered,登録,0,平4,,tangible,有形文化財,古文書,high,exact raw row: 名称+所有者等+文化財分類
13118,浄光寺文書,浄光寺,有形文化財（古文書）,registered,登録,0,平5,,tangible,有形文化財,古文書,high,exact raw row: 名称+所有者等+文化財分類
13118,小泉家文書,個人蔵,有形文化財（古文書）,registered,登録,0,平5,,tangible,有形文化財,古文書,high,exact raw row: 名称+所有者等+文化財分類
13118,地蔵寺文書,地蔵寺,有形文化財（古文書）,registered,登録,0,平6,,tangible,有形文化財,古文書,high,exact raw row: 名称+所有者等+文化財分類
13118,尾久村役場水害関係資料,荒川区教育委員会,有形文化財（古文書）,registered,登録,0,平9,,tangible,有形文化財,古文書,high,exact raw row: 名称+所有者等+文化財分類
13118,関家文書,荒川区教育委員会,有形文化財（古文書）,registered,登録,0,平12,,tangible,有形文化財,古文書,high,exact raw row: 名称+所有者等+文化財分類
13118,回向院文書,回向院,有形文化財（古文書）,registered,登録,0,平18,,tangible,有形文化財,古文書,high,exact raw row: 名称+所有者等+文化財分類
13118,千住製絨所関係文書,荒川区教育委員会,有形文化財（古文書）,registered,登録,0,平19,,tangible,有形文化財,古文書,high,exact raw row: 名称+所有者等+文化財分類
13118,碩運寺文書,碩運寺,有形文化財（古文書）,registered,登録,0,平22,,tangible,有形文化財,古文書,high,exact raw row: 名称+所有者等+文化財分類
13118,延命院文書,延命院,有形文化財（古文書）,registered,登録,0,令元,,tangible,有形文化財,古文書,high,exact raw row: 名称+所有者等+文化財分類
13118,伊藤家文書,個人蔵,有形文化財（古文書）,registered,登録,0,令四,,tangible,有形文化財,古文書,high,exact raw row: 名称+所有者等+文化財分類
13118,道灌山遺跡出土品,荒川区教育委員会,有形文化財（考古資料）,registered,登録,0,昭63,,tangible,有形文化財,考古資料,high,exact raw row: 名称+所有者等+文化財分類
13118,日暮里延命院貝塚出土品,荒川区教育委員会,有形文化財（考古資料）,designated,指定,1,平2,平２,tangible,有形文化財,考古資料,high,exact raw row: 名称+所有者等+文化財分類
13118,町屋四丁目実揚遺跡出土品,荒川区教育委員会,有形文化財（考古資料）,registered,登録,0,平18,,tangible,有形文化財,考古資料,high,exact raw row: 名称+所有者等+文化財分類
13118,板碑（正応二年四月日銘）,日慶寺,有形文化財（歴史資料）,registered,登録,0,昭57,,tangible,有形文化財,歴史資料,high,exact raw row: 名称+所有者等+文化財分類
13118,板碑（文明十五年十月七日銘他）,地蔵寺,有形文化財（歴史資料）,designated,指定,1,昭57,平２,tangible,有形文化財,歴史資料,high,exact raw row: 名称+所有者等+文化財分類
13118,松尾芭蕉の碑,素盞雄神社,有形文化財（歴史資料）,designated,指定,1,昭57,昭59,tangible,有形文化財,歴史資料,high,exact raw row: 名称+所有者等+文化財分類
13118,談林派歴代の句碑,養福寺,有形文化財（歴史資料）,designated,指定,1,昭57,平４,tangible,有形文化財,歴史資料,high,exact raw row: 名称+所有者等+文化財分類
13118,滝沢馬琴筆塚の碑,青雲寺,有形文化財（歴史資料）,designated,指定,1,昭57,昭62,tangible,有形文化財,歴史資料,high,exact raw row: 名称+所有者等+文化財分類
13118,新吉原総霊塔,浄閑寺,有形文化財（歴史資料）,registered,登録,0,昭57,,tangible,有形文化財,歴史資料,high,exact raw row: 名称+所有者等+文化財分類
13118,旧上野の黒門,円通寺,有形文化財（歴史資料）,designated,指定,1,昭57,昭59,tangible,有形文化財,歴史資料,high,exact raw row: 名称+所有者等+文化財分類
13118,板碑（正和五年十月日銘）,大林院,有形文化財（歴史資料）,registered,登録,0,昭57,,tangible,有形文化財,歴史資料,high,exact raw row: 名称+所有者等+文化財分類
13118,板碑（応永三十一年四月二十日銘他）,法界寺,有形文化財（歴史資料）,registered,登録,0,昭58,,tangible,有形文化財,歴史資料,high,exact raw row: 名称+所有者等+文化財分類
13118,板碑（文安六年七月三日銘）,浄正寺,有形文化財（歴史資料）,registered,登録,0,昭58,,tangible,有形文化財,歴史資料,high,exact raw row: 名称+所有者等+文化財分類
13118,滝沢馬琴硯塚の碑,青雲寺,有形文化財（歴史資料）,registered,登録,0,昭58,,tangible,有形文化財,歴史資料,high,exact raw row: 名称+所有者等+文化財分類
13118,伊勢物語の歌碑,石浜神社,有形文化財（歴史資料）,registered,登録,0,昭58,,tangible,有形文化財,歴史資料,high,exact raw row: 名称+所有者等+文化財分類
13118,亀田鵬斎の詩碑,石浜神社,有形文化財（歴史資料）,designated,指定,1,昭58,昭６１,tangible,有形文化財,歴史資料,high,exact raw row: 名称+所有者等+文化財分類
13118,道灌丘碑,本行寺,有形文化財（歴史資料）,designated,指定,1,昭58,昭60,tangible,有形文化財,歴史資料,high,exact raw row: 名称+所有者等+文化財分類
13118,小塚原の首切地蔵,延命寺,有形文化財（歴史資料）,designated,指定,1,昭58,昭60,tangible,有形文化財,歴史資料,high,exact raw row: 名称+所有者等+文化財分類
13118,板碑群二十三基（正中二年八月日銘他）,個人蔵,有形文化財（歴史資料）,registered,登録,0,昭59,,tangible,有形文化財,歴史資料,high,exact raw row: 名称+所有者等+文化財分類
13118,日尾荊山衣?碑,修性院,有形文化財（歴史資料）,registered,登録,0,昭59,,tangible,有形文化財,歴史資料,high,exact raw row: 名称+所有者等+文化財分類
13118,柏木如亭の碑,養福寺,有形文化財（歴史資料）,registered,登録,0,昭59,,tangible,有形文化財,歴史資料,high,exact raw row: 名称+所有者等+文化財分類
13118,日暮里舟繋松の碑,青雲寺,有形文化財（歴史資料）,registered,登録,0,昭59,,tangible,有形文化財,歴史資料,high,exact raw row: 名称+所有者等+文化財分類
13118,手水鉢（元禄元年十二月吉日銘）,石浜神社,有形文化財（歴史資料）,registered,登録,0,昭59,,tangible,有形文化財,歴史資料,high,exact raw row: 名称+所有者等+文化財分類
13118,手水鉢（享保十四年九月吉日銘）,八幡神社,有形文化財（歴史資料）,registered,登録,0,昭59,,tangible,有形文化財,歴史資料,high,exact raw row: 名称+所有者等+文化財分類
13118,板碑四基（永仁四年十月日銘他）,円通寺,有形文化財（歴史資料）,designated,指定,1,昭60,平３,tangible,有形文化財,歴史資料,high,exact raw row: 名称+所有者等+文化財分類
13118,板碑三基（建武五年八月日銘他）,阿遮院,有形文化財（歴史資料）,registered,登録,0,昭60,,tangible,有形文化財,歴史資料,high,exact raw row: 名称+所有者等+文化財分類
13118,自堕落先生の碑,養福寺,有形文化財（歴史資料）,registered,登録,0,昭60,,tangible,有形文化財,歴史資料,high,exact raw row: 名称+所有者等+文化財分類
13118,加藤雀庵文・長谷川雪旦画、森昌庵追慕の碑,素盞雄神社,有形文化財（歴史資料）,designated,指定,1,昭60,平２,tangible,有形文化財,歴史資料,high,exact raw row: 名称+所有者等+文化財分類
13118,手水鉢（安永八年二月初午銘）,稲荷神社,有形文化財（歴史資料）,registered,登録,0,昭60,,tangible,有形文化財,歴史資料,high,exact raw row: 名称+所有者等+文化財分類
13118,手水鉢（明和元年九月吉日銘）,胡録神社,有形文化財（歴史資料）,registered,登録,0,昭60,,tangible,有形文化財,歴史資料,high,exact raw row: 名称+所有者等+文化財分類
13118,手水鉢（文化七年四月吉日銘）,猿田彦神社,有形文化財（歴史資料）,registered,登録,0,昭60,,tangible,有形文化財,歴史資料,high,exact raw row: 名称+所有者等+文化財分類
13118,手水鉢（弘化二歳十月日銘）,熊野神社,有形文化財（歴史資料）,registered,登録,0,昭60,,tangible,有形文化財,歴史資料,high,exact raw row: 名称+所有者等+文化財分類
13118,板碑六基（永和元年六月十二日銘他）,満光寺,有形文化財（歴史資料）,registered,登録,0,昭61,,tangible,有形文化財,歴史資料,high,exact raw row: 名称+所有者等+文化財分類
13118,板碑二基（文安三年十二月銘他） 付青石片一基,個人蔵,有形文化財（歴史資料）,registered,登録,0,昭61,,tangible,有形文化財,歴史資料,high,exact raw row: 名称+所有者等+文化財分類
13118,板碑三基（永和五年七月十五日銘他）,荒川区教育委員会,有形文化財（歴史資料）,registered,登録,0,昭61,,tangible,有形文化財,歴史資料,high,exact raw row: 名称+所有者等+文化財分類
13118,手水鉢（寛文十年五月十八日銘）,公春院,有形文化財（歴史資料）,registered,登録,0,昭61,,tangible,有形文化財,歴史資料,high,exact raw row: 名称+所有者等+文化財分類
13118,手水鉢（享保十年十一月銘）,浄光寺,有形文化財（歴史資料）,registered,登録,0,昭61,,tangible,有形文化財,歴史資料,high,exact raw row: 名称+所有者等+文化財分類
13118,麁香神社関係資料（石碑二基、由緒書木板一面、扁額一面）,石浜神社,有形文化財（歴史資料）,designated,指定,1,昭61,平３,tangible,有形文化財,歴史資料,high,exact raw row: 名称+所有者等+文化財分類
13118,石造七重塔（享保七歳次壬寅端午日銘）,円通寺,有形文化財（歴史資料）,designated,指定,1,昭61,令４,tangible,有形文化財,歴史資料,high,exact raw row: 名称+所有者等+文化財分類
13118,板碑二基（光明遍照偈板碑他）,華蔵院,有形文化財（歴史資料）,designated,指定,1,昭62,平９,tangible,有形文化財,歴史資料,high,exact raw row: 名称+所有者等+文化財分類
13118,板碑（天文九年四月十九日銘）,密巌院,有形文化財（歴史資料）,registered,登録,0,昭62,,tangible,有形文化財,歴史資料,high,exact raw row: 名称+所有者等+文化財分類
13118,板碑三基（天文九年銘他）,個人蔵,有形文化財（歴史資料）,registered,登録,0,昭62,,tangible,有形文化財,歴史資料,high,exact raw row: 名称+所有者等+文化財分類
13118,板碑（年未詳）,誓願寺,有形文化財（歴史資料）,designated,指定,1,昭62,平９,tangible,有形文化財,歴史資料,high,exact raw row: 名称+所有者等+文化財分類
13118,板碑（年未詳）,宝蔵院,有形文化財（歴史資料）,registered,登録,0,昭62,,tangible,有形文化財,歴史資料,high,exact raw row: 名称+所有者等+文化財分類
13118,宝篋印塔二基（明徳二年銘他）,荒川区教育委員会,有形文化財（歴史資料）,designated,指定,1,昭62,平７,tangible,有形文化財,歴史資料,high,exact raw row: 名称+所有者等+文化財分類
13118,手水鉢（天保二年三月吉日銘）,諏方神社,有形文化財（歴史資料）,registered,登録,0,昭63,,tangible,有形文化財,歴史資料,high,exact raw row: 名称+所有者等+文化財分類
13118,板碑二基（年未詳）,個人蔵,有形文化財（歴史資料）,registered,登録,0,昭63,,tangible,有形文化財,歴史資料,high,exact raw row: 名称+所有者等+文化財分類
13118,板碑（正和二年十一月日銘）,浄閑寺,有形文化財（歴史資料）,registered,登録,0,昭63,,tangible,有形文化財,歴史資料,high,exact raw row: 名称+所有者等+文化財分類
13118,八幡神社棟札,八幡神社,有形文化財（歴史資料）,designated,指定,1,昭63,平６,tangible,有形文化財,歴史資料,high,exact raw row: 名称+所有者等+文化財分類
13118,安井金毘羅大権現鎮座碑,青雲寺,有形文化財（歴史資料）,registered,登録,0,平元,,tangible,有形文化財,歴史資料,high,exact raw row: 名称+所有者等+文化財分類
13118,景岳橋本君碑,回向院,有形文化財（歴史資料）,registered,登録,0,平元,,tangible,有形文化財,歴史資料,high,exact raw row: 名称+所有者等+文化財分類
13118,板碑二基（応安元年十一月□日銘他）,個人蔵,有形文化財（歴史資料）,registered,登録,0,平2,,tangible,有形文化財,歴史資料,high,exact raw row: 名称+所有者等+文化財分類
13118,宝篋印塔（元禄十六年六月二十六日銘）,養福寺,有形文化財（歴史資料）,registered,登録,0,平2,,tangible,有形文化財,歴史資料,high,exact raw row: 名称+所有者等+文化財分類
13118,板碑一基（年未詳）,荒川区教育委員会,有形文化財（歴史資料）,registered,登録,0,平4,,tangible,有形文化財,歴史資料,high,exact raw row: 名称+所有者等+文化財分類
13118,宝篋印塔（元和七年八月十五日銘）,浄正寺,有形文化財（歴史資料）,registered,登録,0,平4,,tangible,有形文化財,歴史資料,high,exact raw row: 名称+所有者等+文化財分類
13118,井上省三君碑,荒川区教育委員会,有形文化財（歴史資料）,registered,登録,0,平5,,tangible,有形文化財,歴史資料,high,exact raw row: 名称+所有者等+文化財分類
13118,板碑（貞治四年銘）,個人蔵,有形文化財（歴史資料）,registered,登録,0,平6,,tangible,有形文化財,歴史資料,high,exact raw row: 名称+所有者等+文化財分類
13118,高島秋帆関係資料,個人蔵,有形文化財（歴史資料）,registered,登録,0,平6,,tangible,有形文化財,歴史資料,high,exact raw row: 名称+所有者等+文化財分類
13118,法界寺近世墓塔群,法界寺,有形文化財（歴史資料）,registered,登録,0,平7,,tangible,有形文化財,歴史資料,high,exact raw row: 名称+所有者等+文化財分類
13118,皆川号外コレクション,荒川区教育委員会,有形文化財（歴史資料）,registered,登録,0,平10,,tangible,有形文化財,歴史資料,high,exact raw row: 名称+所有者等+文化財分類
13118,宝篋印塔残欠（応永二十八年「鏡圓禅門」銘）,個人蔵,有形文化財（歴史資料）,registered,登録,0,平11,,tangible,有形文化財,歴史資料,high,exact raw row: 名称+所有者等+文化財分類
13118,神翁寺関係資料,個人蔵,有形文化財（歴史資料）,registered,登録,0,平12,,tangible,有形文化財,歴史資料,high,exact raw row: 名称+所有者等+文化財分類
13118,日枝神社棟札,素盞雄神社,有形文化財（歴史資料）,registered,登録,0,平15,,tangible,有形文化財,歴史資料,high,exact raw row: 名称+所有者等+文化財分類
13118,物見塚記版木,本行寺,有形文化財（歴史資料）,registered,登録,0,平17,,tangible,有形文化財,歴史資料,high,exact raw row: 名称+所有者等+文化財分類
13118,富士講関係石造物群,石浜神社,有形文化財（歴史資料）,designated,指定,1,平18,平25,tangible,有形文化財,歴史資料,high,exact raw row: 名称+所有者等+文化財分類
13118,千住製絨所絵馬,荒川区教育委員会,有形文化財（歴史資料）,designated,指定,1,平19,平23,tangible,有形文化財,歴史資料,high,exact raw row: 名称+所有者等+文化財分類
13118,熊野神社棟札二点（貞享元年銘・天保十三年銘）,素盞雄神社,有形文化財（歴史資料）,registered,登録,0,平19,,tangible,有形文化財,歴史資料,high,exact raw row: 名称+所有者等+文化財分類
13118,橋本左内の墓,,有形文化財（歴史資料）,unknown,不明,0,,,tangible,有形文化財,歴史資料,low,exact raw row: 名称+所有者等+文化財分類
13118,橋本左内の墓旧套堂,荒川区教育委員会,有形文化財（歴史資料）,registered,登録,0,平19,,tangible,有形文化財,歴史資料,high,exact raw row: 名称+所有者等+文化財分類
13118,三十番神像版木（寛政十三年四月大吉辰銘）,修性院,有形文化財（歴史資料）,registered,登録,0,平20,,tangible,有形文化財,歴史資料,high,exact raw row: 名称+所有者等+文化財分類
13118,飯塚家資料,個人蔵,有形文化財（歴史資料）,registered,登録,0,平20,,tangible,有形文化財,歴史資料,high,exact raw row: 名称+所有者等+文化財分類
13118,石造燈籠一対（文化十四年四月銘）,素盞雄神社,有形文化財（歴史資料）,registered,登録,0,平20,,tangible,有形文化財,歴史資料,high,exact raw row: 名称+所有者等+文化財分類
13118,旧千住製絨所煉瓦塀,荒川区教育委員会,有形文化財（歴史資料）,registered,登録,0,平21,,tangible,有形文化財,歴史資料,high,exact raw row: 名称+所有者等+文化財分類
13118,彰義隊関係追悼碑群,円通寺,有形文化財（歴史資料）,designated,指定,1,平21,令3,tangible,有形文化財,歴史資料,high,exact raw row: 名称+所有者等+文化財分類
13118,日慶寺鬼子母神像,日慶寺,有形文化財（歴史資料）,registered,登録,0,平21,,tangible,有形文化財,歴史資料,high,exact raw row: 名称+所有者等+文化財分類
13118,題目塔(元禄十一年二月中浣五日銘),延命寺,有形文化財（歴史資料）,designated,指定,1,平22,平27,tangible,有形文化財,歴史資料,high,exact raw row: 名称+所有者等+文化財分類
13118,皆川氷業史関係コレクション,個人蔵,有形文化財（歴史資料）,registered,登録,0,平23,,tangible,有形文化財,歴史資料,high,exact raw row: 名称+所有者等+文化財分類
13118,武蔵国豊島郡新堀邨諏訪神社記碑,諏方神社,有形文化財（歴史資料）,registered,登録,0,平23,,tangible,有形文化財,歴史資料,high,exact raw row: 名称+所有者等+文化財分類
13118,法華曼荼羅三界万霊塔（寛文十一年二月中旬六日銘）,真養寺,有形文化財（歴史資料）,registered,登録,0,平25,,tangible,有形文化財,歴史資料,high,exact raw row: 名称+所有者等+文化財分類
13118,梅花仏鑑塔,養福寺,有形文化財（歴史資料）,registered,登録,0,平26,,tangible,有形文化財,歴史資料,high,exact raw row: 名称+所有者等+文化財分類
13118,杉野中尉殉難遺蹟の碑,荒川区,有形文化財（歴史資料）,registered,登録,0,平29,,tangible,有形文化財,歴史資料,high,exact raw row: 名称+所有者等+文化財分類
13118,経王寺法華経御鬮関連資料,経王寺,有形文化財（歴史資料）,registered,登録,0,平30,,tangible,有形文化財,歴史資料,high,exact raw row: 名称+所有者等+文化財分類
13118,日枝神社棟札（嘉永六年六月吉祥日銘）,素盞雄神社,有形文化財（歴史資料）,registered,登録,0,令元,,tangible,有形文化財,歴史資料,high,exact raw row: 名称+所有者等+文化財分類
13118,妍斎落歯塚の碑（寛政九年十月銘）,養福寺,有形文化財（歴史資料）,registered,登録,0,令2,,tangible,有形文化財,歴史資料,high,exact raw row: 名称+所有者等+文化財分類
13118,出羽三山供養塔（文政十年丁亥歳四月銘）,素盞雄神社,有形文化財（歴史資料）,registered,登録,0,令5,,tangible,有形文化財,歴史資料,high,exact raw row: 名称+所有者等+文化財分類
13118,裁鋏,石塚昭一郎（長太郎）,無形文化財（工芸技術）,designated,指定,1,昭60,平12,intangible,無形文化財,工芸技術,high,exact raw row: 名称+所有者等+文化財分類
13118,桐たんす,町田金三郎,無形文化財（工芸技術）,designated,指定,1,昭60,平14,intangible,無形文化財,工芸技術,high,exact raw row: 名称+所有者等+文化財分類
13118,和竿,中根喜三郎（竿忠）,無形文化財（工芸技術）,designated,指定,1,昭60,平11,intangible,無形文化財,工芸技術,high,exact raw row: 名称+所有者等+文化財分類
13118,唐木細工,吉田吉勝,無形文化財（工芸技術）,registered,登録,0,昭61,,intangible,無形文化財,工芸技術,high,exact raw row: 名称+所有者等+文化財分類
13118,衣裳着人形,竹中重男（幸甫）,無形文化財（工芸技術）,designated,指定,1,昭63,平17,intangible,無形文化財,工芸技術,high,exact raw row: 名称+所有者等+文化財分類
13118,木版画摺,松崎啓三郎,無形文化財（工芸技術）,designated,指定,1,昭63,平23,intangible,無形文化財,工芸技術,high,exact raw row: 名称+所有者等+文化財分類
13118,金切鋏,田中清介（茂盛光）,無形文化財（工芸技術）,designated,指定,1,平3,平21,intangible,無形文化財,工芸技術,high,exact raw row: 名称+所有者等+文化財分類
13118,指物,井上喜夫,無形文化財（工芸技術）,designated,指定,1,平4,平25,intangible,無形文化財,工芸技術,high,exact raw row: 名称+所有者等+文化財分類
13118,金箔押,竹澤光雄（光輝）,無形文化財（工芸技術）,registered,登録,0,平4,,intangible,無形文化財,工芸技術,high,exact raw row: 名称+所有者等+文化財分類
13118,鍛金,菅原悦夫（友夫）,無形文化財（工芸技術）,designated,指定,1,平7,平28,intangible,無形文化財,工芸技術,high,exact raw row: 名称+所有者等+文化財分類
13118,つまみかんざし,石田一郎,無形文化財（工芸技術）,designated,指定,1,平8,令元,intangible,無形文化財,工芸技術,high,exact raw row: 名称+所有者等+文化財分類
13118,つまみかんざし,戸村絹代,無形文化財（工芸技術）,designated,指定,1,平9,平27,intangible,無形文化財,工芸技術,high,exact raw row: 名称+所有者等+文化財分類
13118,漆塗,角光男,無形文化財（工芸技術）,designated,指定,1,平10,令２,intangible,無形文化財,工芸技術,high,exact raw row: 名称+所有者等+文化財分類
13118,鍛金,松本隆一,無形文化財（工芸技術）,registered,登録,0,平12,,intangible,無形文化財,工芸技術,high,exact raw row: 名称+所有者等+文化財分類
13118,指物,渡辺光,無形文化財（工芸技術）,designated,指定,1,平13,令6,intangible,無形文化財,工芸技術,high,exact raw row: 名称+所有者等+文化財分類
13118,手描友禅,井出英世,無形文化財（工芸技術）,registered,登録,0,平14,,intangible,無形文化財,工芸技術,high,exact raw row: 名称+所有者等+文化財分類
13118,勘亭流文字・寄席文字・江戸文字,中村泰士（荒井三鯉（勘亭流文字）橘右橋（寄席文字・江戸文字））,無形文化財（工芸技術）,registered,登録,0,平14,,intangible,無形文化財,工芸技術,high,exact raw row: 名称+所有者等+文化財分類
13118,指物,根本一徳,無形文化財（工芸技術）,registered,登録,0,平14,,intangible,無形文化財,工芸技術,high,exact raw row: 名称+所有者等+文化財分類
13118,三味線,加藤金治,無形文化財（工芸技術）,registered,登録,0,平15,,intangible,無形文化財,工芸技術,high,exact raw row: 名称+所有者等+文化財分類
13118,木版画摺,川瀬秀勝,無形文化財（工芸技術）,designated,指定,1,平17,平29,intangible,無形文化財,工芸技術,high,exact raw row: 名称+所有者等+文化財分類
13118,衣裳着人形,竹中温恵（鶴屋半兵衛）,無形文化財（工芸技術）,designated,指定,1,平19,令5,intangible,無形文化財,工芸技術,high,exact raw row: 名称+所有者等+文化財分類
13118,提灯文字・地口絵,村田修一（瑞龍（地口絵））,無形文化財（工芸技術）,registered,登録,0,平19,,intangible,無形文化財,工芸技術,high,exact raw row: 名称+所有者等+文化財分類
13118,鋳造,大江隆之,無形文化財（工芸技術）,registered,登録,0,平20,,intangible,無形文化財,工芸技術,high,exact raw row: 名称+所有者等+文化財分類
13118,桐たんす,村井正孝,無形文化財（工芸技術）,designated,指定,1,平21,令４,intangible,無形文化財,工芸技術,high,exact raw row: 名称+所有者等+文化財分類
13118,七宝,畠山弘,無形文化財（工芸技術）,registered,登録,0,平22,,intangible,無形文化財,工芸技術,high,exact raw row: 名称+所有者等+文化財分類
13118,花かご,武関章（翠篁),無形文化財（工芸技術）,registered,登録,0,平23,,intangible,無形文化財,工芸技術,high,exact raw row: 名称+所有者等+文化財分類
13118,木版画彫,関岡裕介（扇令）,無形文化財（工芸技術）,registered,登録,0,平25,,intangible,無形文化財,工芸技術,high,exact raw row: 名称+所有者等+文化財分類
13118,桐たんす仕上げ,村井泰雄,無形文化財（工芸技術）,designated,指定,1,平26,令４,intangible,無形文化財,工芸技術,high,exact raw row: 名称+所有者等+文化財分類
13118,手描友禅,笠原以津子,無形文化財（工芸技術）,registered,登録,0,平27,,intangible,無形文化財,工芸技術,high,exact raw row: 名称+所有者等+文化財分類
13118,提灯文字,前森宏之,無形文化財（工芸技術）,registered,登録,0,平28,,intangible,無形文化財,工芸技術,high,exact raw row: 名称+所有者等+文化財分類
13118,表具,田尻和久,無形文化財（工芸技術）,registered,登録,0,平29,,intangible,無形文化財,工芸技術,high,exact raw row: 名称+所有者等+文化財分類
13118,鍛金,長澤利久,無形文化財（工芸技術）,registered,登録,0,平30,,intangible,無形文化財,工芸技術,high,exact raw row: 名称+所有者等+文化財分類
13118,木版画摺,松崎浩繁,無形文化財（工芸技術）,registered,登録,0,令元,,intangible,無形文化財,工芸技術,high,exact raw row: 名称+所有者等+文化財分類
13118,彫金,田村尚子（北東尚呼）,無形文化財（工芸技術）,registered,登録,0,令2,,intangible,無形文化財,工芸技術,high,exact raw row: 名称+所有者等+文化財分類
13118,指物,井上健志,無形文化財（工芸技術）,registered,登録,0,令3,,intangible,無形文化財,工芸技術,high,exact raw row: 名称+所有者等+文化財分類
13118,提灯文字,石井達也,無形文化財（工芸技術）,registered,登録,0,令5,,intangible,無形文化財,工芸技術,high,exact raw row: 名称+所有者等+文化財分類
13118,庚申塔（寛永十五年十二月八日銘）,,有形民俗文化財,registered,登録,0,昭57,,folk,民俗文化財,有形民俗文化財,high,exact raw row: 名称+所有者等+文化財分類
13118,阿弥陀三尊来迎図像庚申塔（正保四年二月吉日銘）,稲荷神社,有形民俗文化財,designated,指定,1,昭57,平15,folk,民俗文化財,有形民俗文化財,high,exact raw row: 名称+所有者等+文化財分類
13118,庚申塔群七基（寛文十年八月十五日銘他）,浄光寺,有形民俗文化財,registered,登録,0,昭57,,folk,民俗文化財,有形民俗文化財,high,exact raw row: 名称+所有者等+文化財分類
13118,念仏講用具,阿遮院,有形民俗文化財,registered,登録,0,昭57,,folk,民俗文化財,有形民俗文化財,high,exact raw row: 名称+所有者等+文化財分類
13118,うすさま明王石像,正覚寺,有形民俗文化財,registered,登録,0,昭58,,folk,民俗文化財,有形民俗文化財,high,exact raw row: 名称+所有者等+文化財分類
13118,地蔵堀の石地蔵,,有形民俗文化財,registered,登録,0,昭58,,folk,民俗文化財,有形民俗文化財,high,exact raw row: 名称+所有者等+文化財分類
13118,袈裟塚の耳無不動,,有形民俗文化財,designated,指定,1,昭58,昭63,folk,民俗文化財,有形民俗文化財,high,exact raw row: 名称+所有者等+文化財分類
13118,木造布袋尊像,修性院,有形民俗文化財,designated,指定,1,昭59,昭63,folk,民俗文化財,有形民俗文化財,high,exact raw row: 名称+所有者等+文化財分類
13118,庚申塔二基（寛文十年銘他）,宝蔵院,有形民俗文化財,registered,登録,0,昭59,,folk,民俗文化財,有形民俗文化財,high,exact raw row: 名称+所有者等+文化財分類
13118,庚申塔（寛文八年九月吉日銘）,荒川区教育委員会,有形民俗文化財,registered,登録,0,昭59,,folk,民俗文化財,有形民俗文化財,high,exact raw row: 名称+所有者等+文化財分類
13118,庚申塔（延宝四年十月十一日銘）,誓願寺,有形民俗文化財,registered,登録,0,昭60,,folk,民俗文化財,有形民俗文化財,high,exact raw row: 名称+所有者等+文化財分類
13118,庚申塔（享保十年五月吉良日銘）,誓願寺,有形民俗文化財,registered,登録,0,昭60,,folk,民俗文化財,有形民俗文化財,high,exact raw row: 名称+所有者等+文化財分類
13118,庚申塔（寛文九年十月十二日銘）,,有形民俗文化財,registered,登録,0,昭60,,folk,民俗文化財,有形民俗文化財,high,exact raw row: 名称+所有者等+文化財分類
13118,庚申塔群三基（慶安五年「本地青面金剛待」銘他）,,有形民俗文化財,designated,指定,1,昭60,平13,folk,民俗文化財,有形民俗文化財,high,exact raw row: 名称+所有者等+文化財分類
13118,木造大黒天像,経王寺,有形民俗文化財,registered,登録,0,昭61,,folk,民俗文化財,有形民俗文化財,high,exact raw row: 名称+所有者等+文化財分類
13118,庚申塔群（庚申塔四基を含む石造物十基）,,有形民俗文化財,registered,登録,0,昭61,,folk,民俗文化財,有形民俗文化財,high,exact raw row: 名称+所有者等+文化財分類
13118,庚申待供養碑（寛文六年十月十三日銘）,浄正寺,有形民俗文化財,registered,登録,0,昭61,,folk,民俗文化財,有形民俗文化財,high,exact raw row: 名称+所有者等+文化財分類
13118,江戸西国二十七番札所碑,養福寺,有形民俗文化財,registered,登録,0,昭62,,folk,民俗文化財,有形民俗文化財,high,exact raw row: 名称+所有者等+文化財分類
13118,庚申塔群（寛文十三年二月八日銘他）,素盞雄神社,有形民俗文化財,designated,指定,1,昭62,平17,folk,民俗文化財,有形民俗文化財,high,exact raw row: 名称+所有者等+文化財分類
13118,庚申塔（延宝八年十一月五日銘）,啓運寺,有形民俗文化財,registered,登録,0,昭62,,folk,民俗文化財,有形民俗文化財,high,exact raw row: 名称+所有者等+文化財分類
13118,成田講用具,荒川区教育委員会,有形民俗文化財,registered,登録,0,昭63,,folk,民俗文化財,有形民俗文化財,high,exact raw row: 名称+所有者等+文化財分類
13118,日待供養碑（寛文九年十一月十六日銘他）,,有形民俗文化財,registered,登録,0,昭63,,folk,民俗文化財,有形民俗文化財,high,exact raw row: 名称+所有者等+文化財分類
13118,庚申塔（正徳三年十一月十六日銘他）,大林院,有形民俗文化財,registered,登録,0,昭63,,folk,民俗文化財,有形民俗文化財,high,exact raw row: 名称+所有者等+文化財分類
13118,庚申塔（元禄十一年十一月吉祥日銘）,,有形民俗文化財,registered,登録,0,昭63,,folk,民俗文化財,有形民俗文化財,high,exact raw row: 名称+所有者等+文化財分類
13118,光明真言三百六十万遍供養塔,阿遮院,有形民俗文化財,registered,登録,0,昭63,,folk,民俗文化財,有形民俗文化財,high,exact raw row: 名称+所有者等+文化財分類
13118,六地蔵（元禄十五年霜月二十四日銘他）,華蔵院,有形民俗文化財,registered,登録,0,昭63,,folk,民俗文化財,有形民俗文化財,high,exact raw row: 名称+所有者等+文化財分類
13118,庚申塔三基（貞享三年五月吉祥日銘他）,石浜神社,有形民俗文化財,registered,登録,0,平元,,folk,民俗文化財,有形民俗文化財,high,exact raw row: 名称+所有者等+文化財分類
13118,庚申塔二基（承応三年二月八日銘他）,満光寺,有形民俗文化財,registered,登録,0,平元,,folk,民俗文化財,有形民俗文化財,high,exact raw row: 名称+所有者等+文化財分類
13118,庚申塔二基（元禄十二年十月吉日銘他）,諏方神社,有形民俗文化財,registered,登録,0,平元,,folk,民俗文化財,有形民俗文化財,high,exact raw row: 名称+所有者等+文化財分類
13118,六地蔵（元禄十六年二月十五日銘他）,浄光寺,有形民俗文化財,registered,登録,0,平元,,folk,民俗文化財,有形民俗文化財,high,exact raw row: 名称+所有者等+文化財分類
13118,庚申塔（元禄十五年□月八日銘他）,養福寺,有形民俗文化財,registered,登録,0,平2,,folk,民俗文化財,有形民俗文化財,high,exact raw row: 名称+所有者等+文化財分類
13118,和蝋燭屋看板二点,個人蔵,有形民俗文化財,registered,登録,0,平3,,folk,民俗文化財,有形民俗文化財,high,exact raw row: 名称+所有者等+文化財分類
13118,庚申塔一基（宝永三年十一月十八日銘）,円通寺,有形民俗文化財,registered,登録,0,平8,,folk,民俗文化財,有形民俗文化財,high,exact raw row: 名称+所有者等+文化財分類
13118,庚申塔一基（享保九年十一月二十日銘）,華蔵院,有形民俗文化財,registered,登録,0,平8,,folk,民俗文化財,有形民俗文化財,high,exact raw row: 名称+所有者等+文化財分類
13118,胡粉袋版木,個人蔵,有形民俗文化財,registered,登録,0,平10,,folk,民俗文化財,有形民俗文化財,high,exact raw row: 名称+所有者等+文化財分類
13118,庚申塔二基（享保十三年銘及び年未詳「猿田彦太神」銘）,猿田彦神社,有形民俗文化財,registered,登録,0,平11,,folk,民俗文化財,有形民俗文化財,high,exact raw row: 名称+所有者等+文化財分類
13118,三河島山車人形・熊坂長範,荒川中央町会,有形民俗文化財,designated,指定,1,平14,平16,folk,民俗文化財,有形民俗文化財,high,exact raw row: 名称+所有者等+文化財分類
13118,三河島山車人形・稲田姫,三河島山車人形・稲田姫保存会(荒川四丁目西仲睦会・荒川文化会・大西町会・荒川宮地町会),有形民俗文化財,designated,指定,1,平14,平16,folk,民俗文化財,有形民俗文化財,high,exact raw row: 名称+所有者等+文化財分類
13118,小児活生丸看板三点,個人蔵,有形民俗文化財,registered,登録,0,平14,,folk,民俗文化財,有形民俗文化財,high,exact raw row: 名称+所有者等+文化財分類
13118,獅子頭一対（文政九年六月吉日銘）,通新町睦,有形民俗文化財,designated,指定,1,平17,平21,folk,民俗文化財,有形民俗文化財,high,exact raw row: 名称+所有者等+文化財分類
13118,山富講下谷講社富士講用具,通新町睦,有形民俗文化財,designated,指定,1,平19,平28,folk,民俗文化財,有形民俗文化財,high,exact raw row: 名称+所有者等+文化財分類
13118,丸生講尾久講社富士講用具,荒川区教育委員会,有形民俗文化財,designated,指定,1,平19,平28,folk,民俗文化財,有形民俗文化財,high,exact raw row: 名称+所有者等+文化財分類
13118,木造大黒天像・恵比寿像,素盞雄神社,有形民俗文化財,registered,登録,0,平23,,folk,民俗文化財,有形民俗文化財,high,exact raw row: 名称+所有者等+文化財分類
13118,日暮里山車人形・鎮西八郎源為朝,諏方神社,有形民俗文化財,registered,登録,0,平24,,folk,民俗文化財,有形民俗文化財,high,exact raw row: 名称+所有者等+文化財分類
13118,三河島山車人形・熊坂長範組立技術,荒川中央町会,無形民俗文化財（風俗慣習）,registered,登録,0,平25,,folk,民俗文化財,無形民俗文化財（風俗慣習）,high,exact raw row: 名称+所有者等+文化財分類
13118,三河島山車人形・稲田姫組立技術,三河島山車人形・稲田姫保存会(荒川四丁目西仲睦会・荒川文化会・大西町会・荒川宮地町会),無形民俗文化財（風俗慣習）,registered,登録,0,平25,,folk,民俗文化財,無形民俗文化財（風俗慣習）,high,exact raw row: 名称+所有者等+文化財分類
13118,素盞雄神社天王祭,素盞雄神社氏中,無形民俗文化財（風俗慣習）,registered,登録,0,平29,,folk,民俗文化財,無形民俗文化財（風俗慣習）,high,exact raw row: 名称+所有者等+文化財分類
13118,江戸の里神楽,松本社中（松本源之助）,無形民俗文化財（民俗芸能）,registered,登録,0,昭57,,folk,民俗文化財,無形民俗文化財（民俗芸能）,high,exact raw row: 名称+所有者等+文化財分類
13118,永井尚志の墓,本行寺,記念物（史跡）,registered,登録,0,昭57,,monument,記念物,史跡,high,exact raw row: 名称+所有者等+文化財分類
13118,市河寛斎の墓,本行寺,記念物（史跡）,registered,登録,0,昭57,,monument,記念物,史跡,high,exact raw row: 名称+所有者等+文化財分類
13118,市河米庵の墓,本行寺,記念物（史跡）,registered,登録,0,昭57,,monument,記念物,史跡,high,exact raw row: 名称+所有者等+文化財分類
13118,彰義隊戦士の墓,円通寺,記念物（史跡）,registered,登録,0,昭57,,monument,記念物,史跡,high,exact raw row: 名称+所有者等+文化財分類
13118,松林伯円の墓(初代・二代),南泉寺,記念物（史跡）,registered,登録,0,昭57,,monument,記念物,史跡,high,exact raw row: 名称+所有者等+文化財分類
13118,吉田松陰の墓,回向院,記念物（史跡）,registered,登録,0,昭57,,monument,記念物,史跡,high,exact raw row: 名称+所有者等+文化財分類
13118,小塚原の刑場跡,回向院,記念物（史跡）,designated,指定,1,昭57,平17,monument,記念物,史跡,high,exact raw row: 名称+所有者等+文化財分類
13118,観臓記念碑,回向院,記念物（史跡）,registered,登録,0,昭57,,monument,記念物,史跡,high,exact raw row: 名称+所有者等+文化財分類
13118,千住大橋,,記念物（史跡）,designated,指定,1,昭57,平18,monument,記念物,史跡,high,exact raw row: 名称+所有者等+文化財分類
13118,石川氏屋敷跡,,記念物（史跡）,registered,登録,0,昭57,,monument,記念物,史跡,high,exact raw row: 名称+所有者等+文化財分類
13118,大関氏屋敷跡,,記念物（史跡）,registered,登録,0,昭57,,monument,記念物,史跡,high,exact raw row: 名称+所有者等+文化財分類
13118,宗氏屋敷跡,,記念物（史跡）,registered,登録,0,昭57,,monument,記念物,史跡,high,exact raw row: 名称+所有者等+文化財分類
13118,池田氏屋敷跡,,記念物（史跡）,registered,登録,0,昭57,,monument,記念物,史跡,high,exact raw row: 名称+所有者等+文化財分類
13118,佐竹氏屋敷跡,,記念物（史跡）,registered,登録,0,昭57,,monument,記念物,史跡,high,exact raw row: 名称+所有者等+文化財分類
13118,頼三樹三郎の墓,回向院,記念物（史跡）,registered,登録,0,昭58,,monument,記念物,史跡,high,exact raw row: 名称+所有者等+文化財分類
13118,東龍斎清寿の墓,真養寺,記念物（史跡）,registered,登録,0,昭59,,monument,記念物,史跡,high,exact raw row: 名称+所有者等+文化財分類
13118,水神の渡し跡,,記念物（史跡）,registered,登録,0,昭59,,monument,記念物,史跡,high,exact raw row: 名称+所有者等+文化財分類
13118,汐入の渡し跡,,記念物（史跡）,registered,登録,0,昭59,,monument,記念物,史跡,high,exact raw row: 名称+所有者等+文化財分類
13118,一本松の渡し跡,,記念物（史跡）,registered,登録,0,昭59,,monument,記念物,史跡,high,exact raw row: 名称+所有者等+文化財分類
13118,お茶屋の渡し跡（お竹の渡し跡）,,記念物（史跡）,registered,登録,0,昭59,,monument,記念物,史跡,high,exact raw row: 名称+所有者等+文化財分類
13118,新渡し跡,,記念物（史跡）,registered,登録,0,昭59,,monument,記念物,史跡,high,exact raw row: 名称+所有者等+文化財分類
13118,熊野の渡し跡,,記念物（史跡）,registered,登録,0,昭59,,monument,記念物,史跡,high,exact raw row: 名称+所有者等+文化財分類
13118,小台の渡し跡,,記念物（史跡）,registered,登録,0,昭59,,monument,記念物,史跡,high,exact raw row: 名称+所有者等+文化財分類
13118,道灌山遺跡,,記念物（史跡）,registered,登録,0,昭62,,monument,記念物,史跡,high,exact raw row: 名称+所有者等+文化財分類
13118,日暮里延命院貝塚,,記念物（史跡）,registered,登録,0,昭63,,monument,記念物,史跡,high,exact raw row: 名称+所有者等+文化財分類
13118,加藤氏屋敷跡,,記念物（史跡）,registered,登録,0,平3,,monument,記念物,史跡,high,exact raw row: 名称+所有者等+文化財分類
13118,真先銭座跡,,記念物（史跡）,registered,登録,0,平4,,monument,記念物,史跡,high,exact raw row: 名称+所有者等+文化財分類
13118,米倉氏屋敷跡,,記念物（史跡）,registered,登録,0,平5,,monument,記念物,史跡,high,exact raw row: 名称+所有者等+文化財分類
13118,酒井氏屋敷跡,,記念物（史跡）,registered,登録,0,平6,,monument,記念物,史跡,high,exact raw row: 名称+所有者等+文化財分類
13118,富士塚,素盞雄神社,記念物（史跡）,designated,指定,1,平18,平24,monument,記念物,史跡,high,exact raw row: 名称+所有者等+文化財分類
13118,延命院のシイ,延命院,記念物（天然記念物）,registered,登録,0,昭57,,monument,記念物,天然記念物,high,exact raw row: 名称+所有者等+文化財分類
13118,八幡堀跡,,記念物（史跡）,unknown,不明,0,,,monument,記念物,史跡,low,exact raw row: 名称+所有者等+文化財分類
