table_name,data_type,identifier,description,min_x,min_y,max_x,max_y,srs_id
admin_boundary_n03_2024,features,admin_boundary_n03_2024,,138.942867588,35.501252225,139.918908366,35.898424,6668.0
hazard_fire_spread_mesh250,features,hazard_fire_spread_mesh250,,138.9430268723687,35.5011517481995,139.9188455811413,35.89858262423454,4326.0
hazard_fire_spread_town,features,hazard_fire_spread_town,,138.9430236722034,35.50115147098253,139.9188410241469,35.89858305134474,4326.0
hazard_inundation_中川_綾瀬川圏域,features,hazard_inundation_中川_綾瀬川圏域,,139.7451919,35.6385415,139.9179417,35.8174582,4326.0
hazard_inundation_城南地区河川流域,features,hazard_inundation_城南地区河川流域,,139.5645625,35.539875,139.7875625,35.70079167,4326.0
hazard_inundation_境川流域,features,hazard_inundation_境川流域,,139.2805,35.5019445,139.50762,35.62017,4326.0
hazard_inundation_残堀川流域,features,hazard_inundation_残堀川流域,,139.3023125,35.67504166,139.4249375,35.79620833,4326.0
hazard_inundation_江東内部河川流域,features,hazard_inundation_江東内部河川流域,,139.7676875,35.59395834,139.8540625,35.73245834,4326.0
hazard_inundation_浅川圏域_大栗川及び三沢川流域,features,hazard_inundation_浅川圏域_大栗川及び三沢川流域,,139.1616908,35.5960611,139.5253049,35.71800518,4326.0
hazard_inundation_石神井川及び白子川流域,features,hazard_inundation_石神井川及び白子川流域,,139.4226875,35.71095834,139.7575625,35.79554167,4326.0
hazard_inundation_神田川流域,features,hazard_inundation_神田川流域,,139.5394375,35.66754167,139.8024375,35.746625,4326.0
hazard_inundation_秋川及び平井川流域,features,hazard_inundation_秋川及び平井川流域,,139.01229,35.66597973,139.3371281,35.78922502,4326.0
hazard_inundation_野川_仙川_入間川_谷沢川及び丸子川流域,features,hazard_inundation_野川_仙川_入間川_谷沢川及び丸子川流域,,139.4324375,35.58670833,139.6760625,35.72729167,4326.0
hazard_inundation_隅田川及び新河岸川流域,features,hazard_inundation_隅田川及び新河岸川流域,,139.6316915,35.6504583,139.8248167,35.7978748,4326.0
hazard_inundation_霞川及び多摩川上流圏域,features,hazard_inundation_霞川及び多摩川上流圏域,,138.9428358,35.73857083,139.3234581,35.89840697,4326.0
hazard_inundation_鶴見川流域,features,hazard_inundation_鶴見川流域,,139.2805,35.5019445,139.50762,35.62017,4326.0
hazard_inundation_黒目川_落合川_柳瀬川_空堀川及び奈良橋川流域,features,hazard_inundation_黒目川_落合川_柳瀬川_空堀川及び奈良橋川流域,,139.3750625,35.71670833,139.5679375,35.810375,4326.0
hazard_landslide_prevention_a46_polygon,features,hazard_landslide_prevention_a46_polygon,,138.9931249325409,26.67685370323768,142.1462667914163,35.8129091015635,4326.0
hazard_liquefaction_250m_南海トラフ巨大地震,features,hazard_liquefaction_250m_南海トラフ巨大地震,,138.98125,33.85208333333333,139.921875,35.84166666666666,4326.0
hazard_liquefaction_250m_多摩東部直下地震,features,hazard_liquefaction_250m_多摩東部直下地震,,138.98125,35.52083333333333,139.921875,35.84166666666666,4326.0
hazard_liquefaction_250m_大正関東地震,features,hazard_liquefaction_250m_大正関東地震,,138.98125,33.85208333333333,139.921875,35.84166666666666,4326.0
hazard_liquefaction_250m_立川断層帯地震,features,hazard_liquefaction_250m_立川断層帯地震,,138.98125,35.52083333333333,139.921875,35.84166666666666,4326.0
hazard_liquefaction_250m_都心南部直下地震,features,hazard_liquefaction_250m_都心南部直下地震,,138.98125,34.35,139.921875,35.84166666666666,4326.0
hazard_region_risk,features,hazard_region_risk,,139.1478092483775,35.50115147030174,139.9188413574779,35.83068099028696,4326.0
hazard_sabo_designated_a52_polygon,features,hazard_sabo_designated_a52_polygon,,138.9471438253474,26.63959544824214,142.2102328228983,35.89866209319932,4326.0
hazard_sediment_warning_a33_polygon,features,hazard_sediment_warning_a33_polygon,,138.98828498,26.63058115,142.2166506,36.64233666,4326.0
hazard_seismic_50m_南海トラフ巨大地震,features,hazard_seismic_50m_南海トラフ巨大地震,,138.9425,26.53958333333334,142.253125,35.89874999999999,4326.0
hazard_seismic_50m_多摩東部直下地震,features,hazard_seismic_50m_多摩東部直下地震,,138.9425,35.50124999999999,139.919375,35.89874999999999,4326.0
hazard_seismic_50m_多摩西部直下地震,features,hazard_seismic_50m_多摩西部直下地震,,138.9425,35.50124999999999,139.919375,35.89874999999999,4326.0
hazard_seismic_50m_大正関東地震,features,hazard_seismic_50m_大正関東地震,,138.9425,30.47208333333333,140.315625,35.89874999999999,4326.0
hazard_seismic_50m_立川断層帯地震,features,hazard_seismic_50m_立川断層帯地震,,138.9425,35.50124999999999,139.919375,35.89874999999999,4326.0
hazard_seismic_50m_都心南部直下地震,features,hazard_seismic_50m_都心南部直下地震,,138.9425,35.50124999999999,139.919375,35.89874999999999,4326.0
hazard_seismic_50m_都心東部直下地震,features,hazard_seismic_50m_都心東部直下地震,,138.9425,35.50124999999999,139.919375,35.89874999999999,4326.0
hazard_seismic_50m_都心西部直下地震,features,hazard_seismic_50m_都心西部直下地震,,138.9425,35.50124999999999,139.919375,35.89874999999999,4326.0
hazard_source_manifest,attributes,hazard_source_manifest,Tokyo hazard source manifest (238 rows),,,,,
hazard_steep_slope_a47_polygon,features,hazard_steep_slope_a47_polygon,,138.988859978,33.127340192,139.807696704,35.827993142,4326.0
hazard_storm_surge_depth,features,hazard_storm_surge_depth,,139.6411538130594,35.52822644816272,139.9178675359402,35.81638030955247,4326.0
hazard_storm_surge_duration,features,hazard_storm_surge_duration,,139.6502335934412,35.52822644816272,139.9178675359402,35.81638030955247,4326.0
hazard_storm_surge_house_collapse,features,hazard_storm_surge_house_collapse,,139.665930668535,35.53218846512598,139.9178675359402,35.81071837083807,4326.0
hazard_tsunami_arrival_三宅島_南海トラフ巨大地震_ケース1,features,hazard_tsunami_arrival_三宅島_南海トラフ巨大地震_ケース1,,139.47312059,34.04530128,139.56683465,34.12507538,4326.0
hazard_tsunami_arrival_三宅島_南海トラフ巨大地震_ケース2,features,hazard_tsunami_arrival_三宅島_南海トラフ巨大地震_ケース2,,139.47344297,34.04530128,139.56683436,34.12507538,4326.0
hazard_tsunami_arrival_三宅島_南海トラフ巨大地震_ケース5,features,hazard_tsunami_arrival_三宅島_南海トラフ巨大地震_ケース5,,139.47355399,34.04530128,139.56683465,34.12507538,4326.0
hazard_tsunami_arrival_三宅島_南海トラフ巨大地震_ケース6,features,hazard_tsunami_arrival_三宅島_南海トラフ巨大地震_ケース6,,139.47312059,34.04530128,139.56683465,34.12507538,4326.0
hazard_tsunami_arrival_三宅島_南海トラフ巨大地震_ケース8,features,hazard_tsunami_arrival_三宅島_南海トラフ巨大地震_ケース8,,139.47312059,34.04530128,139.56683465,34.12507538,4326.0
hazard_tsunami_arrival_三宅島_大正関東地震,features,hazard_tsunami_arrival_三宅島_大正関東地震,,139.47355399,34.04654288,139.56650987,34.12507538,4326.0
hazard_tsunami_arrival_八丈島_南海トラフ巨大地震_ケース1,features,hazard_tsunami_arrival_八丈島_南海トラフ巨大地震_ケース1,,139.7383146,33.04532579,139.85930939,33.15955588,4326.0
hazard_tsunami_arrival_八丈島_南海トラフ巨大地震_ケース2,features,hazard_tsunami_arrival_八丈島_南海トラフ巨大地震_ケース2,,139.7383146,33.04532579,139.85930939,33.15955588,4326.0
hazard_tsunami_arrival_八丈島_南海トラフ巨大地震_ケース5,features,hazard_tsunami_arrival_八丈島_南海トラフ巨大地震_ケース5,,139.7383146,33.04532579,139.85930939,33.15955575,4326.0
hazard_tsunami_arrival_八丈島_南海トラフ巨大地震_ケース6,features,hazard_tsunami_arrival_八丈島_南海トラフ巨大地震_ケース6,,139.7383146,33.04532579,139.85930939,33.15955588,4326.0
hazard_tsunami_arrival_八丈島_南海トラフ巨大地震_ケース8,features,hazard_tsunami_arrival_八丈島_南海トラフ巨大地震_ケース8,,139.7383146,33.04532579,139.85930939,33.15955588,4326.0
hazard_tsunami_arrival_八丈島_大正関東地震,features,hazard_tsunami_arrival_八丈島_大正関東地震,,139.7383146,33.04532579,139.85930939,33.15955543,4326.0
hazard_tsunami_arrival_利島_南海トラフ巨大地震_ケース1,features,hazard_tsunami_arrival_利島_南海トラフ巨大地震_ケース1,,139.26741546,34.51095775,139.29289465,34.53270374,4326.0
hazard_tsunami_arrival_利島_南海トラフ巨大地震_ケース2,features,hazard_tsunami_arrival_利島_南海トラフ巨大地震_ケース2,,139.26741546,34.51095775,139.29289465,34.53262293,4326.0
hazard_tsunami_arrival_利島_南海トラフ巨大地震_ケース5,features,hazard_tsunami_arrival_利島_南海トラフ巨大地震_ケース5,,139.26741546,34.51095775,139.29289465,34.53262293,4326.0
hazard_tsunami_arrival_利島_南海トラフ巨大地震_ケース6,features,hazard_tsunami_arrival_利島_南海トラフ巨大地震_ケース6,,139.26741546,34.51095775,139.29289465,34.53270374,4326.0
hazard_tsunami_arrival_利島_南海トラフ巨大地震_ケース8,features,hazard_tsunami_arrival_利島_南海トラフ巨大地震_ケース8,,139.26741546,34.51095775,139.29289465,34.53270374,4326.0
hazard_tsunami_arrival_利島_大正関東地震,features,hazard_tsunami_arrival_利島_大正関東地震,,139.26741546,34.51095775,139.29289465,34.53262293,4326.0
hazard_tsunami_arrival_区部_南海トラフ巨大地震_ケース1,features,hazard_tsunami_arrival_区部_南海トラフ巨大地震_ケース1,,139.62421766,35.53223348,139.91803486,35.81220579,4326.0
hazard_tsunami_arrival_区部_南海トラフ巨大地震_ケース2,features,hazard_tsunami_arrival_区部_南海トラフ巨大地震_ケース2,,139.62421766,35.53223348,139.91803486,35.81220579,4326.0
hazard_tsunami_arrival_区部_南海トラフ巨大地震_ケース5,features,hazard_tsunami_arrival_区部_南海トラフ巨大地震_ケース5,,139.62421766,35.53223348,139.91803486,35.81220579,4326.0
hazard_tsunami_arrival_区部_南海トラフ巨大地震_ケース6,features,hazard_tsunami_arrival_区部_南海トラフ巨大地震_ケース6,,139.62421766,35.53223348,139.91803486,35.81220579,4326.0
hazard_tsunami_arrival_区部_南海トラフ巨大地震_ケース8,features,hazard_tsunami_arrival_区部_南海トラフ巨大地震_ケース8,,139.62421766,35.53223348,139.91803486,35.81220579,4326.0
hazard_tsunami_arrival_区部_南海トラフ巨大地震_全5ケース最大値,features,hazard_tsunami_arrival_区部_南海トラフ巨大地震_全5ケース最大値,,139.62421766,35.53223348,139.91803486,35.81220579,4326.0
hazard_tsunami_arrival_区部_大正関東地震,features,hazard_tsunami_arrival_区部_大正関東地震,,139.62421766,35.53223348,139.91803486,35.81220579,4326.0
hazard_tsunami_arrival_大島_南海トラフ巨大地震_ケース1,features,hazard_tsunami_arrival_大島_南海トラフ巨大地震_ケース1,,139.34864567,34.67799545,139.44993502,34.79916618,4326.0
hazard_tsunami_arrival_大島_南海トラフ巨大地震_ケース2,features,hazard_tsunami_arrival_大島_南海トラフ巨大地震_ケース2,,139.34864567,34.67799545,139.44993502,34.79916618,4326.0
hazard_tsunami_arrival_大島_南海トラフ巨大地震_ケース5,features,hazard_tsunami_arrival_大島_南海トラフ巨大地震_ケース5,,139.3487867,34.67816462,139.4499346,34.79916618,4326.0
hazard_tsunami_arrival_大島_南海トラフ巨大地震_ケース6,features,hazard_tsunami_arrival_大島_南海トラフ巨大地震_ケース6,,139.34864567,34.67799545,139.44993502,34.79916618,4326.0
hazard_tsunami_arrival_大島_南海トラフ巨大地震_ケース8,features,hazard_tsunami_arrival_大島_南海トラフ巨大地震_ケース8,,139.34864567,34.67799545,139.44993502,34.79916618,4326.0
hazard_tsunami_arrival_大島_大正関東地震,features,hazard_tsunami_arrival_大島_大正関東地震,,139.34864567,34.67799545,139.4499346,34.79916618,4326.0
hazard_tsunami_arrival_御蔵島_南海トラフ巨大地震_ケース1,features,hazard_tsunami_arrival_御蔵島_南海トラフ巨大地震_ケース1,,139.5767589,33.85045091,139.63190843,33.90127018,4326.0
hazard_tsunami_arrival_御蔵島_南海トラフ巨大地震_ケース2,features,hazard_tsunami_arrival_御蔵島_南海トラフ巨大地震_ケース2,,139.5767589,33.85045091,139.63190843,33.90127018,4326.0
hazard_tsunami_arrival_御蔵島_南海トラフ巨大地震_ケース5,features,hazard_tsunami_arrival_御蔵島_南海トラフ巨大地震_ケース5,,139.5767589,33.85045091,139.63190843,33.90127018,4326.0
hazard_tsunami_arrival_御蔵島_南海トラフ巨大地震_ケース6,features,hazard_tsunami_arrival_御蔵島_南海トラフ巨大地震_ケース6,,139.5767589,33.85045091,139.63190843,33.90127018,4326.0
hazard_tsunami_arrival_御蔵島_南海トラフ巨大地震_ケース8,features,hazard_tsunami_arrival_御蔵島_南海トラフ巨大地震_ケース8,,139.5767589,33.85045091,139.63190843,33.90127018,4326.0
hazard_tsunami_arrival_御蔵島_大正関東地震,features,hazard_tsunami_arrival_御蔵島_大正関東地震,,139.57697159,33.85045371,139.63190822,33.90127018,4326.0
hazard_tsunami_arrival_新島_式根島_南海トラフ巨大地震_ケース1,features,hazard_tsunami_arrival_新島_式根島_南海トラフ巨大地震_ケース1,,139.19401745,34.31518412,139.2930285,34.43136435,4326.0
hazard_tsunami_arrival_新島_式根島_南海トラフ巨大地震_ケース2,features,hazard_tsunami_arrival_新島_式根島_南海トラフ巨大地震_ケース2,,139.19412474,34.31518412,139.2930285,34.43101456,4326.0
hazard_tsunami_arrival_新島_式根島_南海トラフ巨大地震_ケース5,features,hazard_tsunami_arrival_新島_式根島_南海トラフ巨大地震_ケース5,,139.1942416,34.31518412,139.2930285,34.43101456,4326.0
hazard_tsunami_arrival_新島_式根島_南海トラフ巨大地震_ケース6,features,hazard_tsunami_arrival_新島_式根島_南海トラフ巨大地震_ケース6,,139.19401745,34.31518412,139.2930285,34.43136435,4326.0
hazard_tsunami_arrival_新島_式根島_南海トラフ巨大地震_ケース8,features,hazard_tsunami_arrival_新島_式根島_南海トラフ巨大地震_ケース8,,139.19401745,34.31518412,139.2930285,34.43136435,4326.0
hazard_tsunami_arrival_新島_式根島_大正関東地震,features,hazard_tsunami_arrival_新島_式根島_大正関東地震,,139.1942416,34.31518412,139.2930285,34.43101456,4326.0
hazard_tsunami_arrival_母島_南海トラフ巨大地震_ケース1,features,hazard_tsunami_arrival_母島_南海トラフ巨大地震_ケース1,,142.11692904,26.60382507,142.18911541,26.71716609,4326.0
hazard_tsunami_arrival_母島_南海トラフ巨大地震_ケース2,features,hazard_tsunami_arrival_母島_南海トラフ巨大地震_ケース2,,142.11682854,26.60382507,142.18911541,26.71716609,4326.0
hazard_tsunami_arrival_母島_南海トラフ巨大地震_ケース5,features,hazard_tsunami_arrival_母島_南海トラフ巨大地震_ケース5,,142.11682854,26.60382507,142.18911541,26.71716609,4326.0
hazard_tsunami_arrival_母島_南海トラフ巨大地震_ケース6,features,hazard_tsunami_arrival_母島_南海トラフ巨大地震_ケース6,,142.11682854,26.60382507,142.18911541,26.71716609,4326.0
hazard_tsunami_arrival_母島_南海トラフ巨大地震_ケース8,features,hazard_tsunami_arrival_母島_南海トラフ巨大地震_ケース8,,142.11692904,26.60382507,142.18911541,26.71716609,4326.0
hazard_tsunami_arrival_母島_大正関東地震,features,hazard_tsunami_arrival_母島_大正関東地震,,142.11955686,26.60382507,142.18911541,26.71716325,4326.0
hazard_tsunami_arrival_父島_南海トラフ巨大地震_ケース1,features,hazard_tsunami_arrival_父島_南海トラフ巨大地震_ケース1,,142.16000775,27.02950227,142.25235365,27.14257299,4326.0
hazard_tsunami_arrival_父島_南海トラフ巨大地震_ケース2,features,hazard_tsunami_arrival_父島_南海トラフ巨大地震_ケース2,,142.16000775,27.02950227,142.25235365,27.14257299,4326.0
hazard_tsunami_arrival_父島_南海トラフ巨大地震_ケース5,features,hazard_tsunami_arrival_父島_南海トラフ巨大地震_ケース5,,142.16000775,27.02950227,142.25255573,27.14257299,4326.0
hazard_tsunami_arrival_父島_南海トラフ巨大地震_ケース6,features,hazard_tsunami_arrival_父島_南海トラフ巨大地震_ケース6,,142.16000775,27.02950227,142.25255573,27.14257299,4326.0
hazard_tsunami_arrival_父島_南海トラフ巨大地震_ケース8,features,hazard_tsunami_arrival_父島_南海トラフ巨大地震_ケース8,,142.16000775,27.02950227,142.25255573,27.14257299,4326.0
hazard_tsunami_arrival_父島_大正関東地震,features,hazard_tsunami_arrival_父島_大正関東地震,,142.16000775,27.02950227,142.25235365,27.14257258,4326.0
hazard_tsunami_arrival_神津島_南海トラフ巨大地震_ケース1,features,hazard_tsunami_arrival_神津島_南海トラフ巨大地震_ケース1,,139.11926826,34.18338357,139.19390797,34.24495503,4326.0
hazard_tsunami_arrival_神津島_南海トラフ巨大地震_ケース2,features,hazard_tsunami_arrival_神津島_南海トラフ巨大地震_ケース2,,139.11926826,34.18338357,139.19390661,34.24495503,4326.0
hazard_tsunami_arrival_神津島_南海トラフ巨大地震_ケース5,features,hazard_tsunami_arrival_神津島_南海トラフ巨大地震_ケース5,,139.11948372,34.18338357,139.19390661,34.24495503,4326.0
hazard_tsunami_arrival_神津島_南海トラフ巨大地震_ケース6,features,hazard_tsunami_arrival_神津島_南海トラフ巨大地震_ケース6,,139.11926826,34.18338357,139.19390797,34.24495503,4326.0
hazard_tsunami_arrival_神津島_南海トラフ巨大地震_ケース8,features,hazard_tsunami_arrival_神津島_南海トラフ巨大地震_ケース8,,139.11926826,34.18338357,139.19390797,34.24495503,4326.0
hazard_tsunami_arrival_神津島_大正関東地震,features,hazard_tsunami_arrival_神津島_大正関東地震,,139.11966349,34.18338357,139.19390661,34.24495503,4326.0
hazard_tsunami_arrival_青ヶ島_南海トラフ巨大地震_ケース1,features,hazard_tsunami_arrival_青ヶ島_南海トラフ巨大地震_ケース1,,139.75434603,32.44299405,139.78126836,32.47356152,4326.0
hazard_tsunami_arrival_青ヶ島_南海トラフ巨大地震_ケース2,features,hazard_tsunami_arrival_青ヶ島_南海トラフ巨大地震_ケース2,,139.75434603,32.44299405,139.78126836,32.47356152,4326.0
hazard_tsunami_arrival_青ヶ島_南海トラフ巨大地震_ケース5,features,hazard_tsunami_arrival_青ヶ島_南海トラフ巨大地震_ケース5,,139.75434603,32.44299405,139.78126836,32.47356152,4326.0
hazard_tsunami_arrival_青ヶ島_南海トラフ巨大地震_ケース6,features,hazard_tsunami_arrival_青ヶ島_南海トラフ巨大地震_ケース6,,139.75434603,32.44299405,139.78126836,32.47356152,4326.0
hazard_tsunami_arrival_青ヶ島_南海トラフ巨大地震_ケース8,features,hazard_tsunami_arrival_青ヶ島_南海トラフ巨大地震_ケース8,,139.75434603,32.44299405,139.78126836,32.47356152,4326.0
hazard_tsunami_arrival_青ヶ島_大正関東地震,features,hazard_tsunami_arrival_青ヶ島_大正関東地震,,139.75434603,32.44299405,139.78126836,32.47356152,4326.0
hazard_tsunami_depth_三宅島_南海トラフ巨大地震_ケース1,features,hazard_tsunami_depth_三宅島_南海トラフ巨大地震_ケース1,,139.47312059,34.04530128,139.56683465,34.12507538,4326.0
hazard_tsunami_depth_三宅島_南海トラフ巨大地震_ケース2,features,hazard_tsunami_depth_三宅島_南海トラフ巨大地震_ケース2,,139.47344297,34.04530128,139.56683436,34.12507538,4326.0
hazard_tsunami_depth_三宅島_南海トラフ巨大地震_ケース5,features,hazard_tsunami_depth_三宅島_南海トラフ巨大地震_ケース5,,139.47355399,34.04530128,139.56683465,34.12507538,4326.0
hazard_tsunami_depth_三宅島_南海トラフ巨大地震_ケース6,features,hazard_tsunami_depth_三宅島_南海トラフ巨大地震_ケース6,,139.47312059,34.04530128,139.56683465,34.12507538,4326.0
hazard_tsunami_depth_三宅島_南海トラフ巨大地震_ケース8,features,hazard_tsunami_depth_三宅島_南海トラフ巨大地震_ケース8,,139.47312059,34.04530128,139.56683465,34.12507538,4326.0
hazard_tsunami_depth_三宅島_大正関東地震,features,hazard_tsunami_depth_三宅島_大正関東地震,,139.47355399,34.04654288,139.56650987,34.12507538,4326.0
hazard_tsunami_depth_八丈島_南海トラフ巨大地震_ケース1,features,hazard_tsunami_depth_八丈島_南海トラフ巨大地震_ケース1,,139.7383146,33.04532579,139.85930939,33.15955588,4326.0
hazard_tsunami_depth_八丈島_南海トラフ巨大地震_ケース2,features,hazard_tsunami_depth_八丈島_南海トラフ巨大地震_ケース2,,139.7383146,33.04532579,139.85930939,33.15955588,4326.0
hazard_tsunami_depth_八丈島_南海トラフ巨大地震_ケース5,features,hazard_tsunami_depth_八丈島_南海トラフ巨大地震_ケース5,,139.7383146,33.04532579,139.85930939,33.15955575,4326.0
hazard_tsunami_depth_八丈島_南海トラフ巨大地震_ケース6,features,hazard_tsunami_depth_八丈島_南海トラフ巨大地震_ケース6,,139.7383146,33.04532579,139.85930939,33.15955588,4326.0
hazard_tsunami_depth_八丈島_南海トラフ巨大地震_ケース8,features,hazard_tsunami_depth_八丈島_南海トラフ巨大地震_ケース8,,139.7383146,33.04532579,139.85930939,33.15955588,4326.0
hazard_tsunami_depth_八丈島_大正関東地震,features,hazard_tsunami_depth_八丈島_大正関東地震,,139.7383146,33.04532579,139.85930939,33.15955543,4326.0
hazard_tsunami_depth_利島_南海トラフ巨大地震_ケース1,features,hazard_tsunami_depth_利島_南海トラフ巨大地震_ケース1,,139.26741546,34.51095775,139.29289465,34.53270374,4326.0
hazard_tsunami_depth_利島_南海トラフ巨大地震_ケース2,features,hazard_tsunami_depth_利島_南海トラフ巨大地震_ケース2,,139.26741546,34.51095775,139.29289465,34.53262293,4326.0
hazard_tsunami_depth_利島_南海トラフ巨大地震_ケース5,features,hazard_tsunami_depth_利島_南海トラフ巨大地震_ケース5,,139.26741546,34.51095775,139.29289465,34.53262293,4326.0
hazard_tsunami_depth_利島_南海トラフ巨大地震_ケース6,features,hazard_tsunami_depth_利島_南海トラフ巨大地震_ケース6,,139.26741546,34.51095775,139.29289465,34.53270374,4326.0
hazard_tsunami_depth_利島_南海トラフ巨大地震_ケース8,features,hazard_tsunami_depth_利島_南海トラフ巨大地震_ケース8,,139.26741546,34.51095775,139.29289465,34.53270374,4326.0
hazard_tsunami_depth_利島_大正関東地震,features,hazard_tsunami_depth_利島_大正関東地震,,139.26741546,34.51095775,139.29289465,34.53262293,4326.0
hazard_tsunami_depth_区部_南海トラフ巨大地震_ケース1,features,hazard_tsunami_depth_区部_南海トラフ巨大地震_ケース1,,139.62421766,35.53223348,139.91803486,35.81220579,4326.0
hazard_tsunami_depth_区部_南海トラフ巨大地震_ケース2,features,hazard_tsunami_depth_区部_南海トラフ巨大地震_ケース2,,139.62421766,35.53223348,139.91803486,35.81220579,4326.0
hazard_tsunami_depth_区部_南海トラフ巨大地震_ケース5,features,hazard_tsunami_depth_区部_南海トラフ巨大地震_ケース5,,139.62421766,35.53223348,139.91803486,35.81220579,4326.0
hazard_tsunami_depth_区部_南海トラフ巨大地震_ケース6,features,hazard_tsunami_depth_区部_南海トラフ巨大地震_ケース6,,139.62421766,35.53223348,139.91803486,35.81220579,4326.0
hazard_tsunami_depth_区部_南海トラフ巨大地震_ケース8,features,hazard_tsunami_depth_区部_南海トラフ巨大地震_ケース8,,139.62421766,35.53223348,139.91803486,35.81220579,4326.0
hazard_tsunami_depth_区部_南海トラフ巨大地震_全5ケース最大値,features,hazard_tsunami_depth_区部_南海トラフ巨大地震_全5ケース最大値,,139.62421766,35.53223348,139.91803486,35.81220579,4326.0
hazard_tsunami_depth_区部_大正関東地震,features,hazard_tsunami_depth_区部_大正関東地震,,139.62421766,35.53223348,139.91803486,35.81220579,4326.0
hazard_tsunami_depth_大島_南海トラフ巨大地震_ケース1,features,hazard_tsunami_depth_大島_南海トラフ巨大地震_ケース1,,139.34864567,34.67799545,139.44993502,34.79916618,4326.0
hazard_tsunami_depth_大島_南海トラフ巨大地震_ケース2,features,hazard_tsunami_depth_大島_南海トラフ巨大地震_ケース2,,139.34864567,34.67799545,139.44993502,34.79916618,4326.0
hazard_tsunami_depth_大島_南海トラフ巨大地震_ケース5,features,hazard_tsunami_depth_大島_南海トラフ巨大地震_ケース5,,139.3487867,34.67816462,139.4499346,34.79916618,4326.0
hazard_tsunami_depth_大島_南海トラフ巨大地震_ケース6,features,hazard_tsunami_depth_大島_南海トラフ巨大地震_ケース6,,139.34864567,34.67799545,139.44993502,34.79916618,4326.0
hazard_tsunami_depth_大島_南海トラフ巨大地震_ケース8,features,hazard_tsunami_depth_大島_南海トラフ巨大地震_ケース8,,139.34864567,34.67799545,139.44993502,34.79916618,4326.0
hazard_tsunami_depth_大島_大正関東地震,features,hazard_tsunami_depth_大島_大正関東地震,,139.34864567,34.67799545,139.4499346,34.79916618,4326.0
hazard_tsunami_depth_御蔵島_南海トラフ巨大地震_ケース1,features,hazard_tsunami_depth_御蔵島_南海トラフ巨大地震_ケース1,,139.5767589,33.85045091,139.63190843,33.90127018,4326.0
hazard_tsunami_depth_御蔵島_南海トラフ巨大地震_ケース2,features,hazard_tsunami_depth_御蔵島_南海トラフ巨大地震_ケース2,,139.5767589,33.85045091,139.63190843,33.90127018,4326.0
hazard_tsunami_depth_御蔵島_南海トラフ巨大地震_ケース5,features,hazard_tsunami_depth_御蔵島_南海トラフ巨大地震_ケース5,,139.5767589,33.85045091,139.63190843,33.90127018,4326.0
hazard_tsunami_depth_御蔵島_南海トラフ巨大地震_ケース6,features,hazard_tsunami_depth_御蔵島_南海トラフ巨大地震_ケース6,,139.5767589,33.85045091,139.63190843,33.90127018,4326.0
hazard_tsunami_depth_御蔵島_南海トラフ巨大地震_ケース8,features,hazard_tsunami_depth_御蔵島_南海トラフ巨大地震_ケース8,,139.5767589,33.85045091,139.63190843,33.90127018,4326.0
hazard_tsunami_depth_御蔵島_大正関東地震,features,hazard_tsunami_depth_御蔵島_大正関東地震,,139.57697159,33.85045371,139.63190822,33.90127018,4326.0
hazard_tsunami_depth_新島_式根島_南海トラフ巨大地震_ケース1,features,hazard_tsunami_depth_新島_式根島_南海トラフ巨大地震_ケース1,,139.19401745,34.31518412,139.2930285,34.43136435,4326.0
hazard_tsunami_depth_新島_式根島_南海トラフ巨大地震_ケース2,features,hazard_tsunami_depth_新島_式根島_南海トラフ巨大地震_ケース2,,139.19412474,34.31518412,139.2930285,34.43101456,4326.0
hazard_tsunami_depth_新島_式根島_南海トラフ巨大地震_ケース5,features,hazard_tsunami_depth_新島_式根島_南海トラフ巨大地震_ケース5,,139.1942416,34.31518412,139.2930285,34.43101456,4326.0
hazard_tsunami_depth_新島_式根島_南海トラフ巨大地震_ケース6,features,hazard_tsunami_depth_新島_式根島_南海トラフ巨大地震_ケース6,,139.19401745,34.31518412,139.2930285,34.43136435,4326.0
hazard_tsunami_depth_新島_式根島_南海トラフ巨大地震_ケース8,features,hazard_tsunami_depth_新島_式根島_南海トラフ巨大地震_ケース8,,139.19401745,34.31518412,139.2930285,34.43136435,4326.0
hazard_tsunami_depth_新島_式根島_大正関東地震,features,hazard_tsunami_depth_新島_式根島_大正関東地震,,139.1942416,34.31518412,139.2930285,34.43101456,4326.0
hazard_tsunami_depth_母島_南海トラフ巨大地震_ケース1,features,hazard_tsunami_depth_母島_南海トラフ巨大地震_ケース1,,142.11692904,26.60382507,142.18911541,26.71716609,4326.0
hazard_tsunami_depth_母島_南海トラフ巨大地震_ケース2,features,hazard_tsunami_depth_母島_南海トラフ巨大地震_ケース2,,142.11682854,26.60382507,142.18911541,26.71716609,4326.0
hazard_tsunami_depth_母島_南海トラフ巨大地震_ケース5,features,hazard_tsunami_depth_母島_南海トラフ巨大地震_ケース5,,142.11682854,26.60382507,142.18911541,26.71716609,4326.0
hazard_tsunami_depth_母島_南海トラフ巨大地震_ケース6,features,hazard_tsunami_depth_母島_南海トラフ巨大地震_ケース6,,142.11682854,26.60382507,142.18911541,26.71716609,4326.0
hazard_tsunami_depth_母島_南海トラフ巨大地震_ケース8,features,hazard_tsunami_depth_母島_南海トラフ巨大地震_ケース8,,142.11692904,26.60382507,142.18911541,26.71716609,4326.0
hazard_tsunami_depth_母島_大正関東地震,features,hazard_tsunami_depth_母島_大正関東地震,,142.11955686,26.60382507,142.18911541,26.71716325,4326.0
hazard_tsunami_depth_父島_南海トラフ巨大地震_ケース1,features,hazard_tsunami_depth_父島_南海トラフ巨大地震_ケース1,,142.16000775,27.02950227,142.25235365,27.14257299,4326.0
hazard_tsunami_depth_父島_南海トラフ巨大地震_ケース2,features,hazard_tsunami_depth_父島_南海トラフ巨大地震_ケース2,,142.16000775,27.02950227,142.25235365,27.14257299,4326.0
hazard_tsunami_depth_父島_南海トラフ巨大地震_ケース5,features,hazard_tsunami_depth_父島_南海トラフ巨大地震_ケース5,,142.16000775,27.02950227,142.25255573,27.14257299,4326.0
hazard_tsunami_depth_父島_南海トラフ巨大地震_ケース6,features,hazard_tsunami_depth_父島_南海トラフ巨大地震_ケース6,,142.16000775,27.02950227,142.25255573,27.14257299,4326.0
hazard_tsunami_depth_父島_南海トラフ巨大地震_ケース8,features,hazard_tsunami_depth_父島_南海トラフ巨大地震_ケース8,,142.16000775,27.02950227,142.25255573,27.14257299,4326.0
hazard_tsunami_depth_父島_大正関東地震,features,hazard_tsunami_depth_父島_大正関東地震,,142.16000775,27.02950227,142.25235365,27.14257258,4326.0
hazard_tsunami_depth_神津島_南海トラフ巨大地震_ケース1,features,hazard_tsunami_depth_神津島_南海トラフ巨大地震_ケース1,,139.11926826,34.18338357,139.19390797,34.24495503,4326.0
hazard_tsunami_depth_神津島_南海トラフ巨大地震_ケース2,features,hazard_tsunami_depth_神津島_南海トラフ巨大地震_ケース2,,139.11926826,34.18338357,139.19390661,34.24495503,4326.0
hazard_tsunami_depth_神津島_南海トラフ巨大地震_ケース5,features,hazard_tsunami_depth_神津島_南海トラフ巨大地震_ケース5,,139.11948372,34.18338357,139.19390661,34.24495503,4326.0
hazard_tsunami_depth_神津島_南海トラフ巨大地震_ケース6,features,hazard_tsunami_depth_神津島_南海トラフ巨大地震_ケース6,,139.11926826,34.18338357,139.19390797,34.24495503,4326.0
hazard_tsunami_depth_神津島_南海トラフ巨大地震_ケース8,features,hazard_tsunami_depth_神津島_南海トラフ巨大地震_ケース8,,139.11926826,34.18338357,139.19390797,34.24495503,4326.0
hazard_tsunami_depth_神津島_大正関東地震,features,hazard_tsunami_depth_神津島_大正関東地震,,139.11966349,34.18338357,139.19390661,34.24495503,4326.0
hazard_tsunami_depth_青ヶ島_南海トラフ巨大地震_ケース1,features,hazard_tsunami_depth_青ヶ島_南海トラフ巨大地震_ケース1,,139.75434603,32.44299405,139.78126836,32.47356152,4326.0
hazard_tsunami_depth_青ヶ島_南海トラフ巨大地震_ケース2,features,hazard_tsunami_depth_青ヶ島_南海トラフ巨大地震_ケース2,,139.75434603,32.44299405,139.78126836,32.47356152,4326.0
hazard_tsunami_depth_青ヶ島_南海トラフ巨大地震_ケース5,features,hazard_tsunami_depth_青ヶ島_南海トラフ巨大地震_ケース5,,139.75434603,32.44299405,139.78126836,32.47356152,4326.0
hazard_tsunami_depth_青ヶ島_南海トラフ巨大地震_ケース6,features,hazard_tsunami_depth_青ヶ島_南海トラフ巨大地震_ケース6,,139.75434603,32.44299405,139.78126836,32.47356152,4326.0
hazard_tsunami_depth_青ヶ島_南海トラフ巨大地震_ケース8,features,hazard_tsunami_depth_青ヶ島_南海トラフ巨大地震_ケース8,,139.75434603,32.44299405,139.78126836,32.47356152,4326.0
hazard_tsunami_depth_青ヶ島_大正関東地震,features,hazard_tsunami_depth_青ヶ島_大正関東地震,,139.75434603,32.44299405,139.78126836,32.47356152,4326.0
hazard_tsunami_height_三宅島_南海トラフ巨大地震_ケース1,features,hazard_tsunami_height_三宅島_南海トラフ巨大地震_ケース1,,139.47312059,34.04530128,139.56683465,34.12507538,4326.0
hazard_tsunami_height_三宅島_南海トラフ巨大地震_ケース2,features,hazard_tsunami_height_三宅島_南海トラフ巨大地震_ケース2,,139.47344297,34.04530128,139.56683436,34.12507538,4326.0
hazard_tsunami_height_三宅島_南海トラフ巨大地震_ケース5,features,hazard_tsunami_height_三宅島_南海トラフ巨大地震_ケース5,,139.47355399,34.04530128,139.56683465,34.12507538,4326.0
hazard_tsunami_height_三宅島_南海トラフ巨大地震_ケース6,features,hazard_tsunami_height_三宅島_南海トラフ巨大地震_ケース6,,139.47312059,34.04530128,139.56683465,34.12507538,4326.0
hazard_tsunami_height_三宅島_南海トラフ巨大地震_ケース8,features,hazard_tsunami_height_三宅島_南海トラフ巨大地震_ケース8,,139.47312059,34.04530128,139.56683465,34.12507538,4326.0
hazard_tsunami_height_三宅島_大正関東地震,features,hazard_tsunami_height_三宅島_大正関東地震,,139.47355399,34.04654288,139.56650987,34.12507538,4326.0
hazard_tsunami_height_八丈島_南海トラフ巨大地震_ケース1,features,hazard_tsunami_height_八丈島_南海トラフ巨大地震_ケース1,,139.7383146,33.04532579,139.85930939,33.15955588,4326.0
hazard_tsunami_height_八丈島_南海トラフ巨大地震_ケース2,features,hazard_tsunami_height_八丈島_南海トラフ巨大地震_ケース2,,139.7383146,33.04532579,139.85930939,33.15955588,4326.0
hazard_tsunami_height_八丈島_南海トラフ巨大地震_ケース5,features,hazard_tsunami_height_八丈島_南海トラフ巨大地震_ケース5,,139.7383146,33.04532579,139.85930939,33.15955575,4326.0
hazard_tsunami_height_八丈島_南海トラフ巨大地震_ケース6,features,hazard_tsunami_height_八丈島_南海トラフ巨大地震_ケース6,,139.7383146,33.04532579,139.85930939,33.15955588,4326.0
hazard_tsunami_height_八丈島_南海トラフ巨大地震_ケース8,features,hazard_tsunami_height_八丈島_南海トラフ巨大地震_ケース8,,139.7383146,33.04532579,139.85930939,33.15955588,4326.0
hazard_tsunami_height_八丈島_大正関東地震,features,hazard_tsunami_height_八丈島_大正関東地震,,139.7383146,33.04532579,139.85930939,33.15955543,4326.0
hazard_tsunami_height_利島_南海トラフ巨大地震_ケース1,features,hazard_tsunami_height_利島_南海トラフ巨大地震_ケース1,,139.26741546,34.51095775,139.29289465,34.53270374,4326.0
hazard_tsunami_height_利島_南海トラフ巨大地震_ケース2,features,hazard_tsunami_height_利島_南海トラフ巨大地震_ケース2,,139.26741546,34.51095775,139.29289465,34.53262293,4326.0
hazard_tsunami_height_利島_南海トラフ巨大地震_ケース5,features,hazard_tsunami_height_利島_南海トラフ巨大地震_ケース5,,139.26741546,34.51095775,139.29289465,34.53262293,4326.0
hazard_tsunami_height_利島_南海トラフ巨大地震_ケース6,features,hazard_tsunami_height_利島_南海トラフ巨大地震_ケース6,,139.26741546,34.51095775,139.29289465,34.53270374,4326.0
hazard_tsunami_height_利島_南海トラフ巨大地震_ケース8,features,hazard_tsunami_height_利島_南海トラフ巨大地震_ケース8,,139.26741546,34.51095775,139.29289465,34.53270374,4326.0
hazard_tsunami_height_利島_大正関東地震,features,hazard_tsunami_height_利島_大正関東地震,,139.26741546,34.51095775,139.29289465,34.53262293,4326.0
hazard_tsunami_height_区部_南海トラフ巨大地震_ケース1,features,hazard_tsunami_height_区部_南海トラフ巨大地震_ケース1,,139.62421766,35.53223348,139.91803486,35.81220579,4326.0
hazard_tsunami_height_区部_南海トラフ巨大地震_ケース2,features,hazard_tsunami_height_区部_南海トラフ巨大地震_ケース2,,139.62421766,35.53223348,139.91803486,35.81220579,4326.0
hazard_tsunami_height_区部_南海トラフ巨大地震_ケース5,features,hazard_tsunami_height_区部_南海トラフ巨大地震_ケース5,,139.62421766,35.53223348,139.91803486,35.81220579,4326.0
hazard_tsunami_height_区部_南海トラフ巨大地震_ケース6,features,hazard_tsunami_height_区部_南海トラフ巨大地震_ケース6,,139.62421766,35.53223348,139.91803486,35.81220579,4326.0
hazard_tsunami_height_区部_南海トラフ巨大地震_ケース8,features,hazard_tsunami_height_区部_南海トラフ巨大地震_ケース8,,139.62421766,35.53223348,139.91803486,35.81220579,4326.0
hazard_tsunami_height_区部_南海トラフ巨大地震_全5ケース最大値,features,hazard_tsunami_height_区部_南海トラフ巨大地震_全5ケース最大値,,139.62421766,35.53223348,139.91803486,35.81220579,4326.0
hazard_tsunami_height_区部_大正関東地震,features,hazard_tsunami_height_区部_大正関東地震,,139.62421766,35.53223348,139.91803486,35.81220579,4326.0
hazard_tsunami_height_大島_南海トラフ巨大地震_ケース1,features,hazard_tsunami_height_大島_南海トラフ巨大地震_ケース1,,139.34864567,34.67799545,139.44993502,34.79916618,4326.0
hazard_tsunami_height_大島_南海トラフ巨大地震_ケース2,features,hazard_tsunami_height_大島_南海トラフ巨大地震_ケース2,,139.34864567,34.67799545,139.44993502,34.79916618,4326.0
hazard_tsunami_height_大島_南海トラフ巨大地震_ケース5,features,hazard_tsunami_height_大島_南海トラフ巨大地震_ケース5,,139.3487867,34.67816462,139.4499346,34.79916618,4326.0
hazard_tsunami_height_大島_南海トラフ巨大地震_ケース6,features,hazard_tsunami_height_大島_南海トラフ巨大地震_ケース6,,139.34864567,34.67799545,139.44993502,34.79916618,4326.0
hazard_tsunami_height_大島_南海トラフ巨大地震_ケース8,features,hazard_tsunami_height_大島_南海トラフ巨大地震_ケース8,,139.34864567,34.67799545,139.44993502,34.79916618,4326.0
hazard_tsunami_height_大島_大正関東地震,features,hazard_tsunami_height_大島_大正関東地震,,139.34864567,34.67799545,139.4499346,34.79916618,4326.0
hazard_tsunami_height_御蔵島_南海トラフ巨大地震_ケース1,features,hazard_tsunami_height_御蔵島_南海トラフ巨大地震_ケース1,,139.5767589,33.85045091,139.63190843,33.90127018,4326.0
hazard_tsunami_height_御蔵島_南海トラフ巨大地震_ケース2,features,hazard_tsunami_height_御蔵島_南海トラフ巨大地震_ケース2,,139.5767589,33.85045091,139.63190843,33.90127018,4326.0
hazard_tsunami_height_御蔵島_南海トラフ巨大地震_ケース5,features,hazard_tsunami_height_御蔵島_南海トラフ巨大地震_ケース5,,139.5767589,33.85045091,139.63190843,33.90127018,4326.0
hazard_tsunami_height_御蔵島_南海トラフ巨大地震_ケース6,features,hazard_tsunami_height_御蔵島_南海トラフ巨大地震_ケース6,,139.5767589,33.85045091,139.63190843,33.90127018,4326.0
hazard_tsunami_height_御蔵島_南海トラフ巨大地震_ケース8,features,hazard_tsunami_height_御蔵島_南海トラフ巨大地震_ケース8,,139.5767589,33.85045091,139.63190843,33.90127018,4326.0
hazard_tsunami_height_御蔵島_大正関東地震,features,hazard_tsunami_height_御蔵島_大正関東地震,,139.57697159,33.85045371,139.63190822,33.90127018,4326.0
hazard_tsunami_height_新島_式根島_南海トラフ巨大地震_ケース1,features,hazard_tsunami_height_新島_式根島_南海トラフ巨大地震_ケース1,,139.19401745,34.31518412,139.2930285,34.43136435,4326.0
hazard_tsunami_height_新島_式根島_南海トラフ巨大地震_ケース2,features,hazard_tsunami_height_新島_式根島_南海トラフ巨大地震_ケース2,,139.19412474,34.31518412,139.2930285,34.43101456,4326.0
hazard_tsunami_height_新島_式根島_南海トラフ巨大地震_ケース5,features,hazard_tsunami_height_新島_式根島_南海トラフ巨大地震_ケース5,,139.1942416,34.31518412,139.2930285,34.43101456,4326.0
hazard_tsunami_height_新島_式根島_南海トラフ巨大地震_ケース6,features,hazard_tsunami_height_新島_式根島_南海トラフ巨大地震_ケース6,,139.19401745,34.31518412,139.2930285,34.43136435,4326.0
hazard_tsunami_height_新島_式根島_南海トラフ巨大地震_ケース8,features,hazard_tsunami_height_新島_式根島_南海トラフ巨大地震_ケース8,,139.19401745,34.31518412,139.2930285,34.43136435,4326.0
hazard_tsunami_height_新島_式根島_大正関東地震,features,hazard_tsunami_height_新島_式根島_大正関東地震,,139.1942416,34.31518412,139.2930285,34.43101456,4326.0
hazard_tsunami_height_母島_南海トラフ巨大地震_ケース1,features,hazard_tsunami_height_母島_南海トラフ巨大地震_ケース1,,142.11692904,26.60382507,142.18911541,26.71716609,4326.0
hazard_tsunami_height_母島_南海トラフ巨大地震_ケース2,features,hazard_tsunami_height_母島_南海トラフ巨大地震_ケース2,,142.11682854,26.60382507,142.18911541,26.71716609,4326.0
hazard_tsunami_height_母島_南海トラフ巨大地震_ケース5,features,hazard_tsunami_height_母島_南海トラフ巨大地震_ケース5,,142.11682854,26.60382507,142.18911541,26.71716609,4326.0
hazard_tsunami_height_母島_南海トラフ巨大地震_ケース6,features,hazard_tsunami_height_母島_南海トラフ巨大地震_ケース6,,142.11682854,26.60382507,142.18911541,26.71716609,4326.0
hazard_tsunami_height_母島_南海トラフ巨大地震_ケース8,features,hazard_tsunami_height_母島_南海トラフ巨大地震_ケース8,,142.11692904,26.60382507,142.18911541,26.71716609,4326.0
hazard_tsunami_height_母島_大正関東地震,features,hazard_tsunami_height_母島_大正関東地震,,142.11955686,26.60382507,142.18911541,26.71716325,4326.0
hazard_tsunami_height_父島_南海トラフ巨大地震_ケース1,features,hazard_tsunami_height_父島_南海トラフ巨大地震_ケース1,,142.16000775,27.02950227,142.25235365,27.14257299,4326.0
hazard_tsunami_height_父島_南海トラフ巨大地震_ケース2,features,hazard_tsunami_height_父島_南海トラフ巨大地震_ケース2,,142.16000775,27.02950227,142.25235365,27.14257299,4326.0
hazard_tsunami_height_父島_南海トラフ巨大地震_ケース5,features,hazard_tsunami_height_父島_南海トラフ巨大地震_ケース5,,142.16000775,27.02950227,142.25255573,27.14257299,4326.0
hazard_tsunami_height_父島_南海トラフ巨大地震_ケース6,features,hazard_tsunami_height_父島_南海トラフ巨大地震_ケース6,,142.16000775,27.02950227,142.25255573,27.14257299,4326.0
hazard_tsunami_height_父島_南海トラフ巨大地震_ケース8,features,hazard_tsunami_height_父島_南海トラフ巨大地震_ケース8,,142.16000775,27.02950227,142.25255573,27.14257299,4326.0
hazard_tsunami_height_父島_大正関東地震,features,hazard_tsunami_height_父島_大正関東地震,,142.16000775,27.02950227,142.25235365,27.14257258,4326.0
hazard_tsunami_height_神津島_南海トラフ巨大地震_ケース1,features,hazard_tsunami_height_神津島_南海トラフ巨大地震_ケース1,,139.11926826,34.18338357,139.19390797,34.24495503,4326.0
hazard_tsunami_height_神津島_南海トラフ巨大地震_ケース2,features,hazard_tsunami_height_神津島_南海トラフ巨大地震_ケース2,,139.11926826,34.18338357,139.19390661,34.24495503,4326.0
hazard_tsunami_height_神津島_南海トラフ巨大地震_ケース5,features,hazard_tsunami_height_神津島_南海トラフ巨大地震_ケース5,,139.11948372,34.18338357,139.19390661,34.24495503,4326.0
hazard_tsunami_height_神津島_南海トラフ巨大地震_ケース6,features,hazard_tsunami_height_神津島_南海トラフ巨大地震_ケース6,,139.11926826,34.18338357,139.19390797,34.24495503,4326.0
hazard_tsunami_height_神津島_南海トラフ巨大地震_ケース8,features,hazard_tsunami_height_神津島_南海トラフ巨大地震_ケース8,,139.11926826,34.18338357,139.19390797,34.24495503,4326.0
hazard_tsunami_height_神津島_大正関東地震,features,hazard_tsunami_height_神津島_大正関東地震,,139.11966349,34.18338357,139.19390661,34.24495503,4326.0
hazard_tsunami_height_青ヶ島_南海トラフ巨大地震_ケース1,features,hazard_tsunami_height_青ヶ島_南海トラフ巨大地震_ケース1,,139.75434603,32.44299405,139.78126836,32.47356152,4326.0
hazard_tsunami_height_青ヶ島_南海トラフ巨大地震_ケース2,features,hazard_tsunami_height_青ヶ島_南海トラフ巨大地震_ケース2,,139.75434603,32.44299405,139.78126836,32.47356152,4326.0
hazard_tsunami_height_青ヶ島_南海トラフ巨大地震_ケース5,features,hazard_tsunami_height_青ヶ島_南海トラフ巨大地震_ケース5,,139.75434603,32.44299405,139.78126836,32.47356152,4326.0
hazard_tsunami_height_青ヶ島_南海トラフ巨大地震_ケース6,features,hazard_tsunami_height_青ヶ島_南海トラフ巨大地震_ケース6,,139.75434603,32.44299405,139.78126836,32.47356152,4326.0
hazard_tsunami_height_青ヶ島_南海トラフ巨大地震_ケース8,features,hazard_tsunami_height_青ヶ島_南海トラフ巨大地震_ケース8,,139.75434603,32.44299405,139.78126836,32.47356152,4326.0
hazard_tsunami_height_青ヶ島_大正関東地震,features,hazard_tsunami_height_青ヶ島_大正関東地震,,139.75434603,32.44299405,139.78126836,32.47356152,4326.0
heritage_building_complexes,features,heritage_building_complexes,,139.0488767715485,33.10217237720635,139.8938714417277,35.83876823780528,4326.0
heritage_building_links,attributes,heritage_building_links,Merged Heritage attribute table (1172 rows),,,,,
heritage_buildings_footprint,features,heritage_buildings_footprint,,139.0488767715485,33.10217237720635,139.8938714417277,35.83876823780528,4326.0
heritage_buildings_footprint_riskwide,features,heritage_buildings_footprint_riskwide,,139.0488767715485,33.10217237720635,139.8938714417277,35.83876823780528,4326.0
heritage_buildings_point,features,heritage_buildings_point,,139.0490702607423,33.10230203023433,139.8937823438505,35.83857048143319,4326.0
heritage_complex_members,attributes,heritage_complex_members,Merged Heritage attribute table (1080 rows),,,,,
heritage_complex_records,attributes,heritage_complex_records,Merged Heritage attribute table (4423 rows),,,,,
heritage_complex_summary,attributes,heritage_complex_summary,Merged Heritage attribute table (2366 rows),,,,,
heritage_disaster_metadata,attributes,heritage_disaster_metadata,Heritage disaster-risk table (1 rows),,,,,
heritage_disaster_risk,attributes,heritage_disaster_risk,Heritage disaster-risk table (1026 rows),,,,,
heritage_disaster_unresolved_codes,attributes,heritage_disaster_unresolved_codes,Heritage disaster-risk table (0 rows),,,,,
heritage_points,features,heritage_points,,139.029107,32.464535,139.89356481,35.804159,4326.0
heritage_records,features,heritage_records,,139.029107,32.464535,139.893773,35.838484,4326.0
heritage_unresolved_entities,attributes,heritage_unresolved_entities,Merged Heritage attribute table (3253 rows),,,,,
plateau_disaster_risk,attributes,plateau_disaster_risk,Merged Heritage attribute table (1026 rows),,,,,
source_license,attributes,source_license,"Source license, attribution and redistribution metadata",,,,,
