layer,geometry_type
heritage_building_complexes,MultiPolygon
heritage_buildings_footprint,Polygon
heritage_points,Point
heritage_records,Point
heritage_buildings_footprint_riskwide,Polygon
hazard_region_risk,MultiPolygon
hazard_fire_spread_town,MultiPolygon
hazard_fire_spread_mesh250,Polygon
hazard_seismic_50m_都心南部直下地震,Polygon
hazard_seismic_50m_多摩東部直下地震,Polygon
hazard_seismic_50m_都心東部直下地震,Polygon
hazard_seismic_50m_都心西部直下地震,Polygon
hazard_seismic_50m_多摩西部直下地震,Polygon
hazard_seismic_50m_立川断層帯地震,Polygon
hazard_seismic_50m_大正関東地震,Polygon
hazard_seismic_50m_南海トラフ巨大地震,Polygon
hazard_inundation_神田川流域,Point
hazard_inundation_隅田川及び新河岸川流域,Point
hazard_inundation_石神井川及び白子川流域,Point
hazard_inundation_城南地区河川流域,Point
hazard_inundation_江東内部河川流域,Point
hazard_inundation_野川_仙川_入間川_谷沢川及び丸子川流域,Point
hazard_inundation_黒目川_落合川_柳瀬川_空堀川及び奈良橋川流域,Point
hazard_inundation_残堀川流域,Point
hazard_inundation_境川流域,Point
hazard_inundation_中川_綾瀬川圏域,Point
hazard_inundation_鶴見川流域,Point
hazard_inundation_浅川圏域_大栗川及び三沢川流域,Point
hazard_inundation_霞川及び多摩川上流圏域,Point
hazard_inundation_秋川及び平井川流域,Point
hazard_storm_surge_depth,Polygon
hazard_storm_surge_duration,Polygon
hazard_storm_surge_house_collapse,Polygon
hazard_tsunami_arrival_区部_大正関東地震,Point
hazard_tsunami_height_区部_大正関東地震,Point
hazard_tsunami_depth_区部_大正関東地震,Point
hazard_tsunami_arrival_大島_大正関東地震,Point
hazard_tsunami_height_大島_大正関東地震,Point
hazard_tsunami_depth_大島_大正関東地震,Point
hazard_tsunami_arrival_利島_大正関東地震,Point
hazard_tsunami_height_利島_大正関東地震,Point
hazard_tsunami_depth_利島_大正関東地震,Point
hazard_tsunami_arrival_新島_式根島_大正関東地震,Point
hazard_tsunami_height_新島_式根島_大正関東地震,Point
hazard_tsunami_depth_新島_式根島_大正関東地震,Point
hazard_tsunami_arrival_神津島_大正関東地震,Point
hazard_tsunami_height_神津島_大正関東地震,Point
hazard_tsunami_depth_神津島_大正関東地震,Point
hazard_tsunami_arrival_三宅島_大正関東地震,Point
hazard_tsunami_height_三宅島_大正関東地震,Point
hazard_tsunami_depth_三宅島_大正関東地震,Point
hazard_tsunami_arrival_御蔵島_大正関東地震,Point
hazard_tsunami_height_御蔵島_大正関東地震,Point
hazard_tsunami_depth_御蔵島_大正関東地震,Point
hazard_tsunami_arrival_八丈島_大正関東地震,Point
hazard_tsunami_height_八丈島_大正関東地震,Point
hazard_tsunami_depth_八丈島_大正関東地震,Point
hazard_tsunami_arrival_青ヶ島_大正関東地震,Point
hazard_tsunami_height_青ヶ島_大正関東地震,Point
hazard_tsunami_depth_青ヶ島_大正関東地震,Point
hazard_tsunami_arrival_父島_大正関東地震,Point
hazard_tsunami_height_父島_大正関東地震,Point
hazard_tsunami_depth_父島_大正関東地震,Point
hazard_tsunami_arrival_母島_大正関東地震,Point
hazard_tsunami_height_母島_大正関東地震,Point
hazard_tsunami_arrival_区部_南海トラフ巨大地震_ケース1,Point
hazard_tsunami_height_区部_南海トラフ巨大地震_ケース1,Point
hazard_tsunami_depth_区部_南海トラフ巨大地震_ケース1,Point
hazard_tsunami_arrival_大島_南海トラフ巨大地震_ケース1,Point
hazard_tsunami_height_大島_南海トラフ巨大地震_ケース1,Point
hazard_tsunami_depth_大島_南海トラフ巨大地震_ケース1,Point
hazard_tsunami_arrival_利島_南海トラフ巨大地震_ケース1,Point
hazard_tsunami_height_利島_南海トラフ巨大地震_ケース1,Point
hazard_tsunami_depth_利島_南海トラフ巨大地震_ケース1,Point
hazard_tsunami_arrival_新島_式根島_南海トラフ巨大地震_ケース1,Point
hazard_tsunami_height_新島_式根島_南海トラフ巨大地震_ケース1,Point
hazard_tsunami_depth_新島_式根島_南海トラフ巨大地震_ケース1,Point
hazard_tsunami_arrival_神津島_南海トラフ巨大地震_ケース1,Point
hazard_tsunami_height_神津島_南海トラフ巨大地震_ケース1,Point
hazard_tsunami_depth_神津島_南海トラフ巨大地震_ケース1,Point
hazard_tsunami_arrival_三宅島_南海トラフ巨大地震_ケース1,Point
hazard_tsunami_height_三宅島_南海トラフ巨大地震_ケース1,Point
hazard_tsunami_depth_三宅島_南海トラフ巨大地震_ケース1,Point
hazard_tsunami_arrival_御蔵島_南海トラフ巨大地震_ケース1,Point
hazard_tsunami_height_御蔵島_南海トラフ巨大地震_ケース1,Point
hazard_tsunami_depth_御蔵島_南海トラフ巨大地震_ケース1,Point
hazard_tsunami_arrival_八丈島_南海トラフ巨大地震_ケース1,Point
hazard_tsunami_height_八丈島_南海トラフ巨大地震_ケース1,Point
hazard_tsunami_depth_八丈島_南海トラフ巨大地震_ケース1,Point
hazard_tsunami_arrival_青ヶ島_南海トラフ巨大地震_ケース1,Point
hazard_tsunami_height_青ヶ島_南海トラフ巨大地震_ケース1,Point
hazard_tsunami_arrival_父島_南海トラフ巨大地震_ケース1,Point
hazard_tsunami_height_父島_南海トラフ巨大地震_ケース1,Point
hazard_tsunami_depth_父島_南海トラフ巨大地震_ケース1,Point
hazard_tsunami_arrival_母島_南海トラフ巨大地震_ケース1,Point
hazard_tsunami_height_母島_南海トラフ巨大地震_ケース1,Point
hazard_tsunami_depth_母島_南海トラフ巨大地震_ケース1,Point
hazard_tsunami_arrival_区部_南海トラフ巨大地震_ケース2,Point
hazard_tsunami_height_区部_南海トラフ巨大地震_ケース2,Point
hazard_tsunami_depth_区部_南海トラフ巨大地震_ケース2,Point
hazard_tsunami_arrival_大島_南海トラフ巨大地震_ケース2,Point
hazard_tsunami_height_大島_南海トラフ巨大地震_ケース2,Point
hazard_tsunami_depth_大島_南海トラフ巨大地震_ケース2,Point
hazard_tsunami_arrival_利島_南海トラフ巨大地震_ケース2,Point
hazard_tsunami_height_利島_南海トラフ巨大地震_ケース2,Point
hazard_tsunami_depth_利島_南海トラフ巨大地震_ケース2,Point
hazard_tsunami_arrival_新島_式根島_南海トラフ巨大地震_ケース2,Point
hazard_tsunami_height_新島_式根島_南海トラフ巨大地震_ケース2,Point
hazard_tsunami_depth_新島_式根島_南海トラフ巨大地震_ケース2,Point
hazard_tsunami_arrival_神津島_南海トラフ巨大地震_ケース2,Point
hazard_tsunami_height_神津島_南海トラフ巨大地震_ケース2,Point
hazard_tsunami_depth_神津島_南海トラフ巨大地震_ケース2,Point
hazard_tsunami_arrival_三宅島_南海トラフ巨大地震_ケース2,Point
hazard_tsunami_height_三宅島_南海トラフ巨大地震_ケース2,Point
hazard_tsunami_depth_三宅島_南海トラフ巨大地震_ケース2,Point
hazard_tsunami_arrival_御蔵島_南海トラフ巨大地震_ケース2,Point
hazard_tsunami_height_御蔵島_南海トラフ巨大地震_ケース2,Point
hazard_tsunami_depth_御蔵島_南海トラフ巨大地震_ケース2,Point
hazard_tsunami_arrival_八丈島_南海トラフ巨大地震_ケース2,Point
hazard_tsunami_height_八丈島_南海トラフ巨大地震_ケース2,Point
hazard_tsunami_depth_八丈島_南海トラフ巨大地震_ケース2,Point
hazard_tsunami_arrival_青ヶ島_南海トラフ巨大地震_ケース2,Point
hazard_tsunami_height_青ヶ島_南海トラフ巨大地震_ケース2,Point
hazard_tsunami_depth_青ヶ島_南海トラフ巨大地震_ケース2,Point
hazard_tsunami_arrival_父島_南海トラフ巨大地震_ケース2,Point
hazard_tsunami_height_父島_南海トラフ巨大地震_ケース2,Point
hazard_tsunami_depth_父島_南海トラフ巨大地震_ケース2,Point
hazard_tsunami_arrival_母島_南海トラフ巨大地震_ケース2,Point
hazard_tsunami_height_母島_南海トラフ巨大地震_ケース2,Point
hazard_tsunami_depth_母島_南海トラフ巨大地震_ケース2,Point
hazard_tsunami_arrival_区部_南海トラフ巨大地震_ケース5,Point
hazard_tsunami_height_区部_南海トラフ巨大地震_ケース5,Point
hazard_tsunami_depth_区部_南海トラフ巨大地震_ケース5,Point
hazard_tsunami_arrival_大島_南海トラフ巨大地震_ケース5,Point
hazard_tsunami_height_大島_南海トラフ巨大地震_ケース5,Point
hazard_tsunami_depth_大島_南海トラフ巨大地震_ケース5,Point
hazard_tsunami_arrival_利島_南海トラフ巨大地震_ケース5,Point
hazard_tsunami_height_利島_南海トラフ巨大地震_ケース5,Point
hazard_tsunami_depth_利島_南海トラフ巨大地震_ケース5,Point
hazard_tsunami_arrival_新島_式根島_南海トラフ巨大地震_ケース5,Point
hazard_tsunami_height_新島_式根島_南海トラフ巨大地震_ケース5,Point
hazard_tsunami_depth_新島_式根島_南海トラフ巨大地震_ケース5,Point
hazard_tsunami_arrival_神津島_南海トラフ巨大地震_ケース5,Point
hazard_tsunami_height_神津島_南海トラフ巨大地震_ケース5,Point
hazard_tsunami_depth_神津島_南海トラフ巨大地震_ケース5,Point
hazard_tsunami_arrival_三宅島_南海トラフ巨大地震_ケース5,Point
hazard_tsunami_height_三宅島_南海トラフ巨大地震_ケース5,Point
hazard_tsunami_depth_三宅島_南海トラフ巨大地震_ケース5,Point
hazard_tsunami_arrival_御蔵島_南海トラフ巨大地震_ケース5,Point
hazard_tsunami_height_御蔵島_南海トラフ巨大地震_ケース5,Point
hazard_tsunami_depth_御蔵島_南海トラフ巨大地震_ケース5,Point
hazard_tsunami_arrival_八丈島_南海トラフ巨大地震_ケース5,Point
hazard_tsunami_height_八丈島_南海トラフ巨大地震_ケース5,Point
hazard_tsunami_depth_八丈島_南海トラフ巨大地震_ケース5,Point
hazard_tsunami_arrival_青ヶ島_南海トラフ巨大地震_ケース5,Point
hazard_tsunami_height_青ヶ島_南海トラフ巨大地震_ケース5,Point
hazard_tsunami_depth_青ヶ島_南海トラフ巨大地震_ケース5,Point
hazard_tsunami_arrival_父島_南海トラフ巨大地震_ケース5,Point
hazard_tsunami_height_父島_南海トラフ巨大地震_ケース5,Point
hazard_tsunami_depth_父島_南海トラフ巨大地震_ケース5,Point
hazard_tsunami_arrival_母島_南海トラフ巨大地震_ケース5,Point
hazard_tsunami_height_母島_南海トラフ巨大地震_ケース5,Point
hazard_tsunami_depth_母島_南海トラフ巨大地震_ケース5,Point
hazard_tsunami_arrival_区部_南海トラフ巨大地震_ケース6,Point
hazard_tsunami_height_区部_南海トラフ巨大地震_ケース6,Point
hazard_tsunami_depth_区部_南海トラフ巨大地震_ケース6,Point
hazard_tsunami_arrival_大島_南海トラフ巨大地震_ケース6,Point
hazard_tsunami_height_大島_南海トラフ巨大地震_ケース6,Point
hazard_tsunami_depth_大島_南海トラフ巨大地震_ケース6,Point
hazard_tsunami_arrival_利島_南海トラフ巨大地震_ケース6,Point
hazard_tsunami_height_利島_南海トラフ巨大地震_ケース6,Point
hazard_tsunami_depth_利島_南海トラフ巨大地震_ケース6,Point
hazard_tsunami_arrival_新島_式根島_南海トラフ巨大地震_ケース6,Point
hazard_tsunami_height_新島_式根島_南海トラフ巨大地震_ケース6,Point
hazard_tsunami_depth_新島_式根島_南海トラフ巨大地震_ケース6,Point
hazard_tsunami_arrival_神津島_南海トラフ巨大地震_ケース6,Point
hazard_tsunami_height_神津島_南海トラフ巨大地震_ケース6,Point
hazard_tsunami_depth_神津島_南海トラフ巨大地震_ケース6,Point
hazard_tsunami_arrival_三宅島_南海トラフ巨大地震_ケース6,Point
hazard_tsunami_height_三宅島_南海トラフ巨大地震_ケース6,Point
hazard_tsunami_depth_三宅島_南海トラフ巨大地震_ケース6,Point
hazard_tsunami_arrival_御蔵島_南海トラフ巨大地震_ケース6,Point
hazard_tsunami_height_御蔵島_南海トラフ巨大地震_ケース6,Point
hazard_tsunami_depth_御蔵島_南海トラフ巨大地震_ケース6,Point
hazard_tsunami_arrival_八丈島_南海トラフ巨大地震_ケース6,Point
hazard_tsunami_height_八丈島_南海トラフ巨大地震_ケース6,Point
hazard_tsunami_depth_八丈島_南海トラフ巨大地震_ケース6,Point
hazard_tsunami_arrival_青ヶ島_南海トラフ巨大地震_ケース6,Point
hazard_tsunami_height_青ヶ島_南海トラフ巨大地震_ケース6,Point
hazard_tsunami_depth_青ヶ島_南海トラフ巨大地震_ケース6,Point
hazard_tsunami_arrival_父島_南海トラフ巨大地震_ケース6,Point
hazard_tsunami_height_父島_南海トラフ巨大地震_ケース6,Point
hazard_tsunami_depth_父島_南海トラフ巨大地震_ケース6,Point
hazard_tsunami_arrival_母島_南海トラフ巨大地震_ケース6,Point
hazard_tsunami_height_母島_南海トラフ巨大地震_ケース6,Point
hazard_tsunami_depth_母島_南海トラフ巨大地震_ケース6,Point
hazard_tsunami_arrival_区部_南海トラフ巨大地震_ケース8,Point
hazard_tsunami_height_区部_南海トラフ巨大地震_ケース8,Point
hazard_tsunami_depth_区部_南海トラフ巨大地震_ケース8,Point
hazard_tsunami_arrival_大島_南海トラフ巨大地震_ケース8,Point
hazard_tsunami_height_大島_南海トラフ巨大地震_ケース8,Point
hazard_tsunami_depth_大島_南海トラフ巨大地震_ケース8,Point
hazard_tsunami_arrival_利島_南海トラフ巨大地震_ケース8,Point
hazard_tsunami_height_利島_南海トラフ巨大地震_ケース8,Point
hazard_tsunami_depth_利島_南海トラフ巨大地震_ケース8,Point
hazard_tsunami_arrival_新島_式根島_南海トラフ巨大地震_ケース8,Point
hazard_tsunami_height_新島_式根島_南海トラフ巨大地震_ケース8,Point
hazard_tsunami_depth_新島_式根島_南海トラフ巨大地震_ケース8,Point
hazard_tsunami_arrival_神津島_南海トラフ巨大地震_ケース8,Point
hazard_tsunami_height_神津島_南海トラフ巨大地震_ケース8,Point
hazard_tsunami_depth_神津島_南海トラフ巨大地震_ケース8,Point
hazard_tsunami_arrival_三宅島_南海トラフ巨大地震_ケース8,Point
hazard_tsunami_height_三宅島_南海トラフ巨大地震_ケース8,Point
hazard_tsunami_depth_三宅島_南海トラフ巨大地震_ケース8,Point
hazard_tsunami_arrival_御蔵島_南海トラフ巨大地震_ケース8,Point
hazard_tsunami_height_御蔵島_南海トラフ巨大地震_ケース8,Point
hazard_tsunami_depth_御蔵島_南海トラフ巨大地震_ケース8,Point
hazard_tsunami_arrival_八丈島_南海トラフ巨大地震_ケース8,Point
hazard_tsunami_height_八丈島_南海トラフ巨大地震_ケース8,Point
hazard_tsunami_depth_八丈島_南海トラフ巨大地震_ケース8,Point
hazard_tsunami_arrival_青ヶ島_南海トラフ巨大地震_ケース8,Point
hazard_tsunami_height_青ヶ島_南海トラフ巨大地震_ケース8,Point
hazard_tsunami_depth_青ヶ島_南海トラフ巨大地震_ケース8,Point
hazard_tsunami_arrival_父島_南海トラフ巨大地震_ケース8,Point
hazard_tsunami_height_父島_南海トラフ巨大地震_ケース8,Point
hazard_tsunami_depth_父島_南海トラフ巨大地震_ケース8,Point
hazard_tsunami_arrival_母島_南海トラフ巨大地震_ケース8,Point
hazard_tsunami_height_母島_南海トラフ巨大地震_ケース8,Point
hazard_tsunami_depth_母島_南海トラフ巨大地震_ケース8,Point
hazard_tsunami_arrival_区部_南海トラフ巨大地震_全5ケース最大値,Point
hazard_tsunami_height_区部_南海トラフ巨大地震_全5ケース最大値,Point
hazard_tsunami_depth_区部_南海トラフ巨大地震_全5ケース最大値,Point
hazard_sediment_warning_a33_polygon,Polygon
hazard_landslide_prevention_a46_polygon,MultiPolygon
hazard_steep_slope_a47_polygon,Polygon
hazard_sabo_designated_a52_polygon,Polygon
hazard_liquefaction_250m_南海トラフ巨大地震,Polygon
hazard_liquefaction_250m_多摩東部直下地震,Polygon
hazard_liquefaction_250m_大正関東地震,Polygon
hazard_liquefaction_250m_立川断層帯地震,Polygon
hazard_liquefaction_250m_都心南部直下地震,Polygon
hazard_tsunami_depth_青ヶ島_南海トラフ巨大地震_ケース1,Point
hazard_tsunami_depth_母島_大正関東地震,Point
heritage_buildings_point,Point
admin_boundary_n03_2024,Polygon
heritage_building_links,
heritage_complex_members,
heritage_complex_records,
heritage_complex_summary,
heritage_unresolved_entities,
plateau_disaster_risk,
heritage_disaster_risk,
heritage_disaster_unresolved_codes,
heritage_disaster_metadata,
hazard_source_manifest,
source_license,
