source_scope,municipality_code,source_authority,source_field,raw_value,count
municipal,13102,中央区,文化財分類,区指定文化財,7
municipal,13102,中央区,文化財分類,区民有形文化財,69
municipal,13102,中央区,文化財分類,区民有形文化財;指定文化財,6
municipal,13102,中央区,文化財分類,区民無形民俗文化財,1
municipal,13102,中央区,文化財分類,区民有形民俗文化財,20
municipal,13102,中央区,文化財分類,区民史跡,7
municipal,13102,中央区,種類,建造物,19
municipal,13102,中央区,種類,古文書,2
municipal,13102,中央区,種類,考古資料,9
municipal,13102,中央区,種類,絵画・彫刻・工芸品,15
municipal,13102,中央区,種類,古文書・古記録,16
municipal,13102,中央区,種類,考古資料及び古文書,1
municipal,13102,中央区,種類,歴史資料,18
municipal,13104,新宿区,カテゴリ,指定有形文化財,59
municipal,13104,新宿区,カテゴリ,登録有形文化財,33
municipal,13104,新宿区,カテゴリ,指定無形文化財,1
municipal,13104,新宿区,カテゴリ,指定有形民俗文化財,19
municipal,13104,新宿区,カテゴリ,登録有形民俗文化財,8
municipal,13104,新宿区,カテゴリ,指定無形民俗文化財,6
municipal,13104,新宿区,カテゴリ,登録無形民俗文化財,2
municipal,13104,新宿区,カテゴリ,指定史跡,44
municipal,13104,新宿区,カテゴリ,登録史跡,11
municipal,13104,新宿区,カテゴリ,指定天然記念物,2
municipal,13104,新宿区,カテゴリ,地域文化財,47
municipal,13104,新宿区,ジャンル,建造物,10
municipal,13104,新宿区,ジャンル,彫刻,17
municipal,13104,新宿区,ジャンル,工芸品,18
municipal,13104,新宿区,ジャンル,絵画,16
municipal,13104,新宿区,ジャンル,歴史資料,17
municipal,13104,新宿区,ジャンル,考古資料,5
municipal,13104,新宿区,ジャンル,古文書,5
municipal,13104,新宿区,ジャンル,古記録,1
municipal,13104,新宿区,ジャンル,古文書・古記録,3
municipal,13104,新宿区,ジャンル,工芸技術,1
municipal,13104,新宿区,ジャンル,民俗資料,27
municipal,13104,新宿区,ジャンル,風俗慣習,4
municipal,13104,新宿区,ジャンル,民俗芸能,4
municipal,13104,新宿区,ジャンル,都市・産業、文化・芸術,3
municipal,13104,新宿区,ジャンル,都市・産業、歴史,6
municipal,13104,新宿区,ジャンル,都市・産業,4
municipal,13104,新宿区,ジャンル,歴史,8
municipal,13104,新宿区,ジャンル,生活,2
municipal,13104,新宿区,ジャンル,自然,1
municipal,13104,新宿区,ジャンル,文化・芸術,3
municipal,13104,新宿区,ジャンル,平和,6
municipal,13104,新宿区,ジャンル,都市・産業、生活,1
municipal,13104,新宿区,ジャンル,文化・芸術、歴史,2
municipal,13104,新宿区,ジャンル,文化・芸術、都市・産業,1
municipal,13104,新宿区,ジャンル,都市・産業、文化・芸術、歴史,1
municipal,13104,新宿区,ジャンル,歴史、生活,7
municipal,13104,新宿区,ジャンル,歴史、自然,2
municipal,13106,台東区,文化財分類,区指定文化財,19
municipal,13106,台東区,文化財分類,区民文化財,171
municipal,13106,台東区,種類,美術工芸品,159
municipal,13106,台東区,種類,有形民俗文化財,17
municipal,13106,台東区,種類,史跡,11
municipal,13106,台東区,種類,建造物,3
municipal,13107,墨田区,文化財分類,有形文化財（建造物）,14
municipal,13107,墨田区,文化財分類,有形文化財（絵画・典籍）,1
municipal,13107,墨田区,文化財分類,有形文化財（絵画・歴史資料）,2
municipal,13107,墨田区,文化財分類,有形文化財（絵画）,19
municipal,13107,墨田区,文化財分類,有形文化財（彫刻）,11
municipal,13107,墨田区,文化財分類,有形文化財（工芸品）,4
municipal,13107,墨田区,文化財分類,有形文化財（古文書）,6
municipal,13107,墨田区,文化財分類,有形文化財（書跡）,1
municipal,13107,墨田区,文化財分類,有形文化財（歴史資料・書跡）,2
municipal,13107,墨田区,文化財分類,有形文化財（歴史資料）,46
municipal,13107,墨田区,文化財分類,有形文化財（考古資料）,2
municipal,13107,墨田区,文化財分類,有形民俗文化財,34
municipal,13107,墨田区,文化財分類,無形文化財（工芸技術）,20
municipal,13107,墨田区,文化財分類,無形民俗文化財（民俗芸能）,1
municipal,13107,墨田区,文化財分類,無形民俗文化財(風俗慣習),1
municipal,13107,墨田区,文化財分類,史跡,5
municipal,13107,墨田区,文化財分類,天然記念物,1
municipal,13107,墨田区,文化財分類,名勝,1
municipal,13108,江東区,文化財分類,国指定重要文化財,5
municipal,13108,江東区,文化財分類,江東区登録文化財,992
municipal,13108,江東区,文化財分類,江東区指定文化財,46
municipal,13108,江東区,文化財分類,国登録文化財,1
municipal,13108,江東区,文化財分類,東京都指定文化財,15
municipal,13108,江東区,種類,建造物,128
municipal,13108,江東区,種類,美術工芸,637
municipal,13108,江東区,種類,工芸技術,28
municipal,13108,江東区,種類,生活技術,2
municipal,13108,江東区,種類,風俗慣習,2
municipal,13108,江東区,種類,民俗芸能,5
municipal,13108,江東区,種類,史跡,256
municipal,13108,江東区,種類,名勝,1
municipal,13114,中野区,文化財分類,中野区登録無形民俗文化財,1
municipal,13114,中野区,文化財分類,中野区指定有形文化財,49
municipal,13114,中野区,文化財分類,中野区指定記念物,1
municipal,13114,中野区,文化財分類,中野区登録有形文化財,66
municipal,13114,中野区,文化財分類,中野区指定有形民俗文化財,4
municipal,13114,中野区,文化財分類,東京都指定旧跡,2
municipal,13114,中野区,文化財分類,国指定名勝,1
municipal,13114,中野区,文化財分類,東京都指定無形民俗文化財,1
municipal,13114,中野区,文化財分類,国登録有形文化財,5
municipal,13114,中野区,種類,無形民俗文化財,2
municipal,13114,中野区,種類,建造物,9
municipal,13114,中野区,種類,美術工芸品,115
municipal,13114,中野区,種類,記念物,1
municipal,13114,中野区,種類,旧跡,2
municipal,13114,中野区,種類,名勝,1
municipal,13115,杉並区,文化財分類,有形文化財,103
municipal,13115,杉並区,文化財分類,有形民俗文化財,32
municipal,13115,杉並区,文化財分類,史跡,9
municipal,13115,杉並区,文化財分類,天然記念物,4
municipal,13115,杉並区,文化財分類,無形民俗文化財,5
municipal,13115,杉並区,種類,彫刻,21
municipal,13115,杉並区,種類,信仰,27
municipal,13115,杉並区,種類,考古資料,15
municipal,13115,杉並区,種類,歴史資料,11
municipal,13115,杉並区,種類,絵画,4
municipal,13115,杉並区,種類,古文書,31
municipal,13115,杉並区,種類,建造物,14
municipal,13115,杉並区,種類,遺跡,1
municipal,13115,杉並区,種類,植物,4
municipal,13115,杉並区,種類,墓・碑,8
municipal,13115,杉並区,種類,工芸品,3
municipal,13115,杉並区,種類,書跡,4
municipal,13115,杉並区,種類,競技・娯楽,3
municipal,13115,杉並区,種類,民俗芸能,5
municipal,13115,杉並区,種類,生業,1
municipal,13115,杉並区,種類,信仰;娯楽・競技,1
municipal,13116,豊島区,文化財分類,豊島区指定有形文化財,9
municipal,13116,豊島区,文化財分類,豊島区指定有形民俗文化財,2
municipal,13116,豊島区,文化財分類,豊島区指定無形民俗文化財,3
municipal,13116,豊島区,文化財分類,豊島区指定史跡,1
municipal,13116,豊島区,文化財分類,豊島区登録有形文化財,359
municipal,13116,豊島区,文化財分類,豊島区登録有形民俗文化財,2
municipal,13116,豊島区,文化財分類,東京都指定有形民俗文化財,4
municipal,13116,豊島区,文化財分類,東京都指定史跡,1
municipal,13116,豊島区,文化財分類,東京都指定旧跡,8
municipal,13116,豊島区,文化財分類,東京都指定天然記念物,2
municipal,13116,豊島区,文化財分類,国指定重要有形民俗文化財,1
municipal,13116,豊島区,文化財分類,国指定重要文化財,2
municipal,13116,豊島区,文化財分類,国指定無形文化財,1
municipal,13116,豊島区,文化財分類,国選定保存技術,1
municipal,13116,豊島区,文化財分類,国登録有形文化財,13
municipal,13116,豊島区,種類,建造物,23
municipal,13116,豊島区,種類,絵画・彫刻・工芸品,173
municipal,13116,豊島区,種類,考古資料,89
municipal,13116,豊島区,種類,歴史資料,93
municipal,13116,豊島区,種類,民俗芸能用具,2
municipal,13116,豊島区,種類,民俗芸能,2
municipal,13116,豊島区,種類,風俗習慣,1
municipal,13116,豊島区,種類,古文書・古記録,6
municipal,13116,豊島区,種類,美術工芸品,3
municipal,13116,豊島区,種類,芸能,1
municipal,13118,荒川区,文化財分類,有形文化財（建造物）,15
municipal,13118,荒川区,文化財分類,有形文化財（絵画）,8
municipal,13118,荒川区,文化財分類,有形文化財（彫刻）,12
municipal,13118,荒川区,文化財分類,有形文化財（工芸品）,2
municipal,13118,荒川区,文化財分類,有形文化財（典籍）,1
municipal,13118,荒川区,文化財分類,有形文化財（古文書）,22
municipal,13118,荒川区,文化財分類,有形文化財（考古資料）,3
municipal,13118,荒川区,文化財分類,有形文化財（歴史資料）,82
municipal,13118,荒川区,文化財分類,無形文化財（工芸技術）,36
municipal,13118,荒川区,文化財分類,有形民俗文化財,44
municipal,13118,荒川区,文化財分類,無形民俗文化財（風俗慣習）,3
municipal,13118,荒川区,文化財分類,無形民俗文化財（民俗芸能）,1
municipal,13118,荒川区,文化財分類,記念物（史跡）,31
municipal,13118,荒川区,文化財分類,記念物（天然記念物）,1
municipal,13120,練馬区,文化財分類,無形民俗,22
municipal,13120,練馬区,文化財分類,有形民俗,47
municipal,13120,練馬区,文化財分類,有形,125
municipal,13120,練馬区,文化財分類,史跡,13
municipal,13120,練馬区,文化財分類,天然記念物,11
municipal,13120,練馬区,文化財分類,無形,1
municipal,13120,練馬区,文化財分類,名勝,1
municipal,13120,練馬区,種類,美術工芸品,99
municipal,13120,練馬区,種類,建造物,25
municipal,13120,練馬区,種類,工芸技術,1
municipal,13122,葛飾区,文化財分類,重要文化財,2
municipal,13122,葛飾区,文化財分類,重要無形文化財,1
municipal,13122,葛飾区,文化財分類,重要文化的景観,1
municipal,13122,葛飾区,文化財分類,登録有形文化財,1
municipal,13122,葛飾区,文化財分類,選定保存技術,1
municipal,13122,葛飾区,文化財分類,有形文化財,127
municipal,13122,葛飾区,文化財分類,無形文化財,3
municipal,13122,葛飾区,文化財分類,無形民俗文化財,5
municipal,13122,葛飾区,文化財分類,旧跡,3
municipal,13122,葛飾区,文化財分類,史跡,7
municipal,13122,葛飾区,文化財分類,名勝,2
municipal,13122,葛飾区,文化財分類,天然記念物,12
municipal,13122,葛飾区,文化財分類,有形民俗文化財,51
municipal,13122,葛飾区,種類,美術工芸品,1
municipal,13122,葛飾区,種類,建造物,3
municipal,13122,葛飾区,種類,工芸技術,2
municipal,13122,葛飾区,種類,文化的景観,1
municipal,13122,葛飾区,種類,考古資料,1
municipal,13122,葛飾区,種類,民俗芸能,1
municipal,13208,調布市,文化財分類,国宝（美術工芸品・彫刻）,1
municipal,13208,調布市,文化財分類,国指定重要文化財（工芸）,1
municipal,13208,調布市,文化財分類,国指定史跡,2
municipal,13208,調布市,文化財分類,国登録有形文化財（建造物）,11
municipal,13208,調布市,文化財分類,都指定有形文化財（考古資料）,1
municipal,13208,調布市,文化財分類,都指定有形文化財（彫刻）,1
municipal,13208,調布市,文化財分類,都指定史跡,1
municipal,13208,調布市,文化財分類,都指定天然記念物,1
municipal,13208,調布市,文化財分類,市指定有形文化財（建造物）,8
municipal,13208,調布市,文化財分類,市指定有形文化財（絵画）,3
municipal,13208,調布市,文化財分類,市指定有形文化財（彫刻）,5
municipal,13208,調布市,文化財分類,市指定有形文化財（工芸品）,2
municipal,13208,調布市,文化財分類,市指定有形文化財（典籍）,1
municipal,13208,調布市,文化財分類,市指定有形文化財（古文書）,4
municipal,13208,調布市,文化財分類,市指定有形文化財（考古資料）,7
municipal,13208,調布市,文化財分類,市指定有形文化財（歴史資料）,7
municipal,13208,調布市,文化財分類,市指定有形民俗文化財（民俗）,9
municipal,13208,調布市,文化財分類,市指定有形民俗文化財（金石文等）,7
municipal,13208,調布市,文化財分類,市指定無形民俗文化財（民俗芸能）,1
municipal,13208,調布市,文化財分類,市指定史跡,2
municipal,13208,調布市,文化財分類,市指定旧跡,2
municipal,13208,調布市,文化財分類,市指定天然記念物（植物）,5
municipal,13210,小金井市,文化財分類,名勝,1
municipal,13210,小金井市,文化財分類,重要文化財,1
municipal,13210,小金井市,文化財分類,記録選択,1
municipal,13210,小金井市,文化財分類,史跡,3
municipal,13210,小金井市,文化財分類,登録有形文化財,2
municipal,13210,小金井市,文化財分類,旧跡,1
municipal,13210,小金井市,文化財分類,無形文化財,1
municipal,13210,小金井市,文化財分類,有形文化財,25
municipal,13210,小金井市,文化財分類,有形民俗文化財,11
municipal,13210,小金井市,文化財分類,天然記念物,4
municipal,13210,小金井市,文化財分類,無形民俗文化財,4
municipal,13210,小金井市,種類,花樹,1
municipal,13210,小金井市,種類,考古資料,12
municipal,13210,小金井市,種類,民俗芸能,5
municipal,13210,小金井市,種類,土木遺構,1
municipal,13210,小金井市,種類,建造物,10
municipal,13210,小金井市,種類,古戦場,1
municipal,13210,小金井市,種類,芸能,1
municipal,13210,小金井市,種類,彫刻,2
municipal,13210,小金井市,種類,信仰,8
municipal,13210,小金井市,種類,植物,4
municipal,13210,小金井市,種類,その他,2
municipal,13210,小金井市,種類,歴史資料,3
municipal,13210,小金井市,種類,古文書,1
municipal,13210,小金井市,種類,衣食住,1
municipal,13210,小金井市,種類,社会生活,1
municipal,13210,小金井市,種類,交通・運輸・通信,1
municipal,13211,小平市,文化財分類,史跡,6
municipal,13211,小平市,文化財分類,名勝,1
municipal,13211,小平市,文化財分類,有形文化財,13
municipal,13211,小平市,文化財分類,天然記念物,3
municipal,13211,小平市,文化財分類,有形民俗文化財,1
municipal,13211,小平市,文化財分類,無形民俗文化財,1
municipal,13211,小平市,種類,美術工芸品,6
municipal,13211,小平市,種類,建造物,7
municipal,13213,東村山市,文化財分類,市有形民俗文化財,15
municipal,13213,東村山市,文化財分類,市 史 跡,2
municipal,13213,東村山市,文化財分類,市 天然記念物,1
municipal,13213,東村山市,文化財分類,市無形民俗文化財,2
municipal,13213,東村山市,文化財分類,市有形文化財,12
municipal,13213,東村山市,文化財分類,市 旧 跡,3
municipal,13213,東村山市,文化財分類,国宝,1
municipal,13213,東村山市,文化財分類,国重要有形文化財,2
municipal,13213,東村山市,文化財分類,都天然記念物,2
municipal,13213,東村山市,文化財分類,都旧跡,1
municipal,13213,東村山市,文化財分類,都史跡,1
municipal,13214,国分寺市,文化財分類,国指定文化財,5
municipal,13214,国分寺市,文化財分類,国登録文化財,2
municipal,13214,国分寺市,文化財分類,都指定文化財,4
municipal,13214,国分寺市,文化財分類,市指定文化財,32
municipal,13214,国分寺市,種類,美術工芸品,2
municipal,13214,国分寺市,種類,その他,32
municipal,13214,国分寺市,種類,工芸技術,1
municipal,13214,国分寺市,種類,建造物,8
municipal,13215,国立市,文化財分類,重要文化財,4
municipal,13215,国立市,文化財分類,国登録有形文化財,4
municipal,13215,国立市,文化財分類,東京都指定文化財,3
municipal,13215,国立市,文化財分類,東京都指定有形文化財,1
municipal,13215,国立市,文化財分類,国立市指定有形文化財,18
municipal,13215,国立市,文化財分類,国立市指定無形文化財,1
municipal,13215,国立市,文化財分類,国立市指定史跡,3
municipal,13215,国立市,文化財分類,国立市登録有形文化財,88
municipal,13215,国立市,種類,彫刻,11
municipal,13215,国立市,種類,工芸品,12
municipal,13215,国立市,種類,考古資料,7
municipal,13215,国立市,種類,美術工芸品,1
municipal,13215,国立市,種類,建造物,19
municipal,13215,国立市,種類,天然記念物,1
municipal,13215,国立市,種類,旧跡,2
municipal,13215,国立市,種類,民俗,7
municipal,13215,国立市,種類,史跡,5
municipal,13215,国立市,種類,絵画,1
municipal,13215,国立市,種類,古文書,10
municipal,13215,国立市,種類,歴史資料,42
municipal,13215,国立市,種類,書跡典籍,3
municipal,13215,国立市,種類,書跡,1
municipal,13219,狛江市,文化財分類,狛江市指定文化財,23
municipal,13219,狛江市,種類,市史跡,3
municipal,13219,狛江市,種類,市重宝（建造物）,4
municipal,13219,狛江市,種類,市重宝（彫刻）,1
municipal,13219,狛江市,種類,市郷土資料,1
municipal,13219,狛江市,種類,市天然記念物,1
municipal,13219,狛江市,種類,市重宝（工芸品）,1
municipal,13219,狛江市,種類,市重宝（絵画）,1
municipal,13219,狛江市,種類,市重宝（古文書）,2
municipal,13219,狛江市,種類,市技芸,5
municipal,13219,狛江市,種類,市重宝（考古資料）,3
municipal,13219,狛江市,種類,市重宝（歴史資料）,1
municipal,13220,東大和市,文化財分類,都有形文化財（建造物）,1
municipal,13220,東大和市,文化財分類,都旧跡,1
municipal,13220,東大和市,文化財分類,市重宝,14
municipal,13220,東大和市,文化財分類,市郷土資料,8
municipal,13220,東大和市,文化財分類,市技芸,1
municipal,13220,東大和市,文化財分類,市史跡,6
municipal,13220,東大和市,文化財分類,市旧跡,7
municipal,13220,東大和市,文化財分類,登録,2
municipal,13220,東大和市,種類,建造物,3
municipal,13220,東大和市,種類,旧跡,1
municipal,13220,東大和市,種類,重要文化財（美術工芸品）,14
municipal,13220,東大和市,種類,重要有形・無形民俗文化財,9
municipal,13220,東大和市,種類,史跡名勝天然記念物,13
municipal,13222,東久留米市,文化財分類,無形民俗文化財,5
municipal,13222,東久留米市,文化財分類,有形民俗文化財,36
municipal,13222,東久留米市,文化財分類,有形文化財,23
municipal,13222,東久留米市,文化財分類,史跡,8
municipal,13222,東久留米市,文化財分類,旧跡,6
municipal,13222,東久留米市,文化財分類,天然記念物,1
municipal,13222,東久留米市,文化財分類,有形文化財（建造物）,1
municipal,13222,東久留米市,文化財分類,登録有形文化財（建造物）,7
municipal,13228,あきる野市,文化財分類,重要文化財,1
municipal,13228,あきる野市,文化財分類,史跡,1
municipal,13228,あきる野市,文化財分類,都指定有形文化財,11
municipal,13228,あきる野市,文化財分類,都指定無形文化財,1
municipal,13228,あきる野市,文化財分類,都指定有形民俗文化財,2
municipal,13228,あきる野市,文化財分類,都指定無形民俗文化財,2
municipal,13228,あきる野市,文化財分類,都指定史跡,5
municipal,13228,あきる野市,文化財分類,都指定旧跡,4
municipal,13228,あきる野市,文化財分類,都指定名勝,1
municipal,13228,あきる野市,文化財分類,都指定天然記念物,8
municipal,13228,あきる野市,文化財分類,市指定有形文化財,56
municipal,13228,あきる野市,文化財分類,市指定有形民俗文化財,9
municipal,13228,あきる野市,文化財分類,市指定無形民俗文化財,28
municipal,13228,あきる野市,文化財分類,市指定史跡,2
municipal,13228,あきる野市,文化財分類,市指定天然記念物,15
municipal,13228,あきる野市,文化財分類,登録有形文化財,9
municipal,13228,あきる野市,種類,美術工芸品,1
municipal,13228,あきる野市,種類,建造物,30
municipal,13228,あきる野市,種類,彫刻,12
municipal,13228,あきる野市,種類,典籍,2
municipal,13228,あきる野市,種類,古文書,11
municipal,13228,あきる野市,種類,歴史資料,6
municipal,13228,あきる野市,種類,工芸技術,1
municipal,13228,あきる野市,種類,絵画,4
municipal,13228,あきる野市,種類,工芸,4
municipal,13228,あきる野市,種類,考古資料,7
prefectural_tokyo,13000,東京都教育庁,文化財分類,都指定文化財,245
prefectural_tokyo,13000,東京都教育庁,種類,建造物,31
prefectural_tokyo,13000,東京都教育庁,種類,美術工芸品,33
prefectural_tokyo,13000,東京都教育庁,種類,考古資料,14
prefectural_tokyo,13000,東京都教育庁,種類,美術工芸品・考古資料,5
prefectural_tokyo,13000,東京都教育庁,種類,典籍,2
prefectural_tokyo,13000,東京都教育庁,種類,古文書,8
prefectural_tokyo,13000,東京都教育庁,種類,歴史資料,10
prefectural_tokyo,13000,東京都教育庁,種類,工芸技術,2
prefectural_tokyo,13000,東京都教育庁,種類,有形民俗文化財,5
prefectural_tokyo,13000,東京都教育庁,種類,無形民俗文化財（風俗慣習）,1
prefectural_tokyo,13000,東京都教育庁,種類,無形民俗文化財（民俗芸能）,1
prefectural_tokyo,13000,東京都教育庁,種類,史跡,47
prefectural_tokyo,13000,東京都教育庁,種類,旧跡,41
prefectural_tokyo,13000,東京都教育庁,種類,名勝,10
prefectural_tokyo,13000,東京都教育庁,種類,天然記念物,35
